event_strength_rank,event_date,event_name,event_strength_score,event_strength_percentile,card_quality_score,star_experience_score,main_event_score,fanfare_score,final_model_available_weight,final_data_quality,fanfare_confidence,fanfare_score_status,commercial_audience_score,historical_drawing_power_score,search_acceleration_score
1,2021-12-11,UFC 269: Oliveira vs. Poirier,88.8776973870032,100.0,92.16671608594312,92.02347447207701,79.8468747661911,93.77906976744185,1.0,Standard,Low,Substantive + Acceleration,,100.0,37.7906976744186
2,2013-12-28,UFC 168: Weidman vs Silva 2,82.56160147742753,99.8730964467005,76.94327278719096,87.64170419590347,85.8128800136349,,0.88,Standard,None,No Evidence,,,
3,2017-07-29,UFC 214: Cormier vs. Jones 2,81.95871824585389,99.74619289340102,92.35887342731446,96.2260186865912,89.39533916385024,5.1937984496124034,1.0,Standard,Very Low,Acceleration Only,,,51.93798449612403
4,2017-11-04,UFC 217: Bisping vs. St-Pierre,81.79976793065013,99.61928934010153,96.35779505041451,96.68902266358599,84.5500886730063,1.9573643410852712,1.0,Standard,Very Low,Acceleration Only,,,19.57364341085271
5,2026-06-14,UFC Freedom 250,81.73419898225467,99.49238578680203,95.44453247407773,99.90239141044412,82.60908584095363,2.5968992248062017,1.0,Standard,Very Low,Acceleration Only,,,25.968992248062015
6,2013-07-06,UFC 162: Silva vs Weidman,81.47403635322301,99.36548223350253,70.33741352419733,90.08237364471331,89.11915374499704,,0.88,Standard,None,No Evidence,,,
7,2013-11-16,UFC 167: St-Pierre vs Hendricks,81.02609006122007,99.23857868020305,70.97158297203826,87.85961132021646,88.69915339489187,,0.88,Standard,None,No Evidence,,,
8,2010-04-10,UFC 112: Invincible,80.82273606923587,99.11167512690355,80.63954049818591,87.64249894514539,75.4628678543405,,0.88,Standard,None,No Evidence,,,
9,2024-06-01,UFC 302: Makhachev vs. Poirier,80.7878574101601,98.98477157360406,71.30508469618199,82.77093556030492,87.01905468681169,91.68604651162791,1.0,Standard,Low,Substantive + Acceleration,,100.0,16.86046511627907
10,2016-11-12,UFC 205: Alvarez vs McGregor,80.21868476858221,98.85786802030458,95.79930385357589,98.02918642659749,47.91389027246013,73.41950156960725,1.0,Strong,Moderate,Substantive + Acceleration,73.48484848484848,90.9090909090909,1.550387596899225
11,2018-10-06,UFC 229: Khabib vs. McGregor,79.79434728160321,98.73096446700508,78.09883190694525,87.34799549022398,76.04958258326647,79.28214491639439,1.0,Strong,Moderate,Substantive + Acceleration,83.33333333333333,87.12121212121212,27.325581395348834
12,2021-03-06,UFC 259: Blachowicz vs. Adesanya,78.48001944944387,98.60406091370558,82.71085466076143,83.16511361736222,69.04080271084135,,0.88,Standard,None,No Evidence,,,
13,2019-07-06,UFC 239: Jones vs. Santos,78.09393171908467,98.47715736040608,84.32675813296724,97.03890282973633,85.72139477068431,4.767441860465117,1.0,Standard,Very Low,Acceleration Only,,,47.674418604651166
14,2024-04-13,UFC 300: Pereira vs. Hill,77.83056040168994,98.3502538071066,92.3388449151256,99.7205817737472,60.65638576138061,31.213883016208598,1.0,Strong,Moderate,Substantive + Acceleration,50.0,10.0,25.775193798449614
15,2015-12-12,UFC 194: Aldo vs McGregor,77.68002591857186,98.22335025380711,90.73983921947729,84.95382262379819,74.02261949071166,32.00477288743674,1.0,Strong,Moderate,Substantive + Acceleration,50.0,9.090909090909092,37.4031007751938
16,2025-11-15,UFC 322: Della Maddalena vs. Makhachev,77.50245518580981,98.09644670050761,92.66493529361406,93.7347171874715,75.25499165152226,4.883720930232558,1.0,Standard,Very Low,Acceleration Only,,,48.837209302325576
17,2025-12-06,UFC 323: Dvalishvili vs. Yan 2,77.35657572150444,97.96954314720813,94.13990403419825,95.2059581670058,73.12125885123831,1.2790697674418607,1.0,Standard,Very Low,Acceleration Only,,,12.790697674418606
18,2012-07-07,UFC 148: Silva vs Sonnen 2,77.2487939917781,97.84263959390863,64.86358876538478,91.36276093008844,82.02134234161434,,0.88,Standard,None,No Evidence,,,
19,2016-12-30,UFC 207: Nunes vs. Rousey,76.884941072817,97.71573604060913,90.60627624346417,92.94694122353106,63.69149999315243,34.576686527003645,1.0,Strong,Moderate,Substantive + Acceleration,22.727272727272727,50.0,29.651162790697676
20,2021-07-10,UFC 264: Poirier vs. McGregor 3,76.60925158734494,97.58883248730965,66.82832318842048,91.35751839227004,71.18972163782561,91.14517265680057,1.0,Strong,Moderate,Substantive + Acceleration,100.0,91.66666666666667,45.542635658914726
21,2022-07-02,UFC 276: Adesanya vs. Cannonier,76.59542444547957,97.46192893401016,91.92741291445235,97.80715416265606,69.65326885531695,4.864341085271318,1.0,Standard,Very Low,Acceleration Only,,,48.643410852713174
22,2025-10-04,UFC 320: Ankalaev vs. Pereira 2,76.46702267300665,97.33502538071066,85.93626272305657,87.13696145057459,73.94945899246457,32.6937984496124,1.0,Standard,Low,Substantive + Acceleration,,33.33333333333333,26.937984496124027
23,2019-03-02,UFC 235: Jones vs. Smith,76.44636455259966,97.20812182741116,89.54755069698878,93.94975807684773,77.46088345454072,0.13565891472868216,1.0,Standard,Very Low,Acceleration Only,,,1.3565891472868217
24,2021-10-30,UFC 267: Blachowicz vs. Teixeira,76.31530285239283,97.08121827411168,84.08083134004664,65.59185443025784,74.86225855474687,,0.88,Standard,None,No Evidence,,,
25,2024-10-05,UFC 307: Pereira vs. Rountree Jr.,76.000760050687,96.95431472081218,88.88868421823183,96.97300308417084,61.41617240573277,30.096899224806197,1.0,Standard,Low,Substantive + Acceleration,,33.33333333333333,0.9689922480620154
26,2024-10-26,UFC 308: Topuria vs. Holloway,75.76592624518084,96.8274111675127,78.49050802975798,92.2660226187594,89.40530582141163,3.9147286821705425,1.0,Standard,Very Low,Acceleration Only,,,39.14728682170542
27,2018-12-29,UFC 232: Jones vs. Gustafsson 2,75.62024010248916,96.7005076142132,85.69935804561595,95.30618061028304,76.39662887587916,5.0,1.0,Standard,Very Low,Acceleration Only,,,50.0
28,2020-05-09,UFC 249: Ferguson vs. Gaethje,75.51188119590566,96.57360406091371,94.31007953381908,97.59211459742055,64.6803581953814,0.5038759689922481,1.0,Standard,Very Low,Acceleration Only,,,5.038759689922481
29,2019-11-02,UFC 244: Masvidal vs. Diaz,75.1943919457822,96.44670050761421,79.26587749503274,89.25216214960788,54.91304326256005,83.01973220577871,1.0,Standard,Low,Substantive + Acceleration,,90.9090909090909,12.015503875968992
30,2026-07-11,UFC 329: McGregor vs. Holloway 2,75.03769172662999,96.31979695431471,67.77879726652495,95.71422815830374,60.40176680564475,91.93974630021143,1.0,Strong,Moderate,Substantive + Acceleration,100.0,91.66666666666667,53.48837209302325
31,2022-11-12,UFC 281: Adesanya vs. Pereira,75.0165489016824,96.19289340101524,89.78582388570105,94.41077743177688,69.98310265370152,4.050387596899225,1.0,Standard,Very Low,Acceleration Only,,,40.50387596899225
32,2025-06-28,UFC 317: Topuria vs. Oliveira,74.98998228466468,96.06598984771574,90.96988598344052,87.52957031263863,74.13379583488755,3.682170542635659,1.0,Standard,Very Low,Acceleration Only,,,36.82170542635659
33,2024-11-16,UFC 309: Jones vs. Miocic,74.73116251632116,95.93908629441624,75.72756583687196,98.18259200963719,83.64523096028779,5.910852713178295,1.0,Standard,Very Low,Acceleration Only,,,59.10852713178295
34,2010-08-07,UFC 117: Silva vs Sonnen,74.60730378117371,95.81218274111674,73.15245479264243,83.12763293238176,69.53094099895489,,0.88,Standard,None,No Evidence,,,
35,2012-11-17,UFC 154: St-Pierre vs Condit,74.28489758077926,95.68527918781726,72.83242241369263,71.44787192671139,78.53465369598523,,0.88,Standard,None,No Evidence,,,
36,2026-05-09,UFC 328: Chimaev vs. Strickland,73.9763899460292,95.55837563451777,92.0806062238777,75.45632818929393,79.24578379279441,3.0232558139534884,1.0,Standard,Very Low,Acceleration Only,,,30.23255813953488
37,2016-07-09,UFC 200: Tate vs Nunes,73.96565149592688,95.43147208121827,93.01235114351238,99.81743419069323,39.601501950632716,45.872093023255815,1.0,Standard,Low,Substantive + Acceleration,50.0,,8.720930232558139
38,2002-11-22,UFC 40: Vendetta,73.64141516431343,95.30456852791879,72.64148839516668,86.60645357570687,64.31289398561279,,0.88,Standard,None,No Evidence,,,
39,2017-12-02,UFC 218: Holloway vs. Aldo 2,73.62459256394064,95.17766497461929,75.82065723722314,76.52880322910951,80.29742189944639,45.71705426356589,1.0,Standard,Low,Substantive + Acceleration,,50.0,7.170542635658915
40,2023-07-29,UFC 291: Poirier vs. Gaethje 2,73.61079291485191,95.05076142131979,59.280807590194655,94.01022425523134,67.27120670219244,93.48837209302326,1.0,Standard,Low,Substantive + Acceleration,,100.0,34.883720930232556
41,2012-12-08,UFC on FOX: Henderson vs Diaz,73.53407356182542,94.9238578680203,74.82609819849515,84.62608862240587,62.71545720646365,,0.88,Standard,None,No Evidence,,,
42,2026-08-15,UFC 330: Makhachev vs. Machado Garry,73.23620489024742,94.79695431472082,82.7412994319461,76.56355256495144,81.43930244609692,18.410852713178294,1.0,Standard,Low,Substantive + Acceleration,16.666666666666664,,34.10852713178294
43,2020-10-24,UFC 254: Khabib vs. Gaethje,72.98422918658089,94.67005076142132,72.29512600760012,69.6342090475991,74.83754757153697,77.20542635658914,1.0,Standard,Low,Substantive + Acceleration,,78.33333333333333,67.05426356589147
44,2026-01-24,UFC 324: Gaethje vs. Pimblett,72.87552341970625,94.54314720812182,85.44727787399688,97.69494851096584,64.93175044008521,5.077519379844961,1.0,Standard,Very Low,Acceleration Only,,,50.775193798449614
45,2017-05-13,UFC 211: Miocic vs. Dos Santos,72.66122492335833,94.41624365482234,85.42975614207035,93.96295719951802,67.39631268943818,4.748062015503876,1.0,Standard,Very Low,Acceleration Only,,,47.480620155038764
46,2016-04-23,UFC 197: Jones vs Saint Preux,72.50315874267682,94.28934010152284,81.88611934899308,85.45841688881774,80.07009336064915,1.0852713178294573,1.0,Standard,Very Low,Acceleration Only,,,10.852713178294573
47,2022-07-30,UFC 277: Pena vs. Nunes 2,72.49897398397836,94.16243654822335,79.44468449035996,83.47422481581954,63.765022229317864,50.42635658914729,1.0,Standard,Low,Substantive + Acceleration,,50.0,54.263565891472865
48,2020-07-11,UFC 251: Usman vs. Masvidal,72.4888860696635,94.03553299492386,77.96023248627937,89.14779267424284,69.37733659390064,30.949612403100776,1.0,Standard,Low,Substantive + Acceleration,25.0,,84.49612403100775
49,2023-12-16,UFC 296: Edwards vs. Covington,72.4262810240061,93.90862944162437,89.82360182268097,89.24414430118009,64.39468371218747,5.290697674418606,1.0,Standard,Very Low,Acceleration Only,,,52.90697674418605
50,2019-08-17,UFC 241: Cormier vs. Miocic 2,72.02610051491057,93.78172588832487,74.97466906189766,92.438294646621,79.99672784977416,5.213178294573645,1.0,Standard,Very Low,Acceleration Only,,,52.13178294573644
51,2024-09-14,UFC 306: Riyadh Season Noche UFC,71.52541652902889,93.65482233502537,87.80645536890081,86.14635229165587,67.40903502197288,2.906976744186047,1.0,Standard,Very Low,Acceleration Only,,,29.069767441860467
52,2025-01-18,UFC 311: Makhachev vs. Moicano,71.50716721598336,93.52791878172589,88.73483487187688,78.62207651142671,70.95221185861405,6.046511627906977,1.0,Standard,Very Low,Acceleration Only,,,60.46511627906976
53,2022-10-22,UFC 280: Oliveira vs. Makhachev,71.29908390757524,93.4010152284264,84.04650433968206,82.45920115086541,74.83050038200453,2.364341085271318,1.0,Standard,Very Low,Acceleration Only,,,23.643410852713178
54,2021-04-24,UFC 261: Usman vs. Masvidal 2,71.1952232450271,93.2741116751269,69.25012625033689,91.50984841996559,77.26683471925627,24.089147286821706,1.0,Standard,Low,Substantive + Acceleration,,25.0,15.891472868217054
55,2010-08-28,UFC 118: Edgar vs Penn 2,70.97536555771629,93.1472081218274,65.47641844049879,91.02463154152206,61.77279147591324,,0.88,Standard,None,No Evidence,,,
56,2023-03-04,UFC 285: Jones vs. Gane,70.49831837654405,93.02030456852792,77.43101488833356,86.0721207880431,76.69825321630073,4.806201550387597,1.0,Standard,Very Low,Acceleration Only,,,48.06201550387597
57,2025-03-08,UFC 313: Pereira vs. Ankalaev,70.315426326188,92.89340101522842,66.86311844283684,85.65818416844327,78.01591994806031,33.58527131782945,1.0,Standard,Low,Substantive + Acceleration,,33.33333333333333,35.85271317829458
58,2023-08-19,UFC 292: Sterling vs. O'Malley,70.25452236857322,92.76649746192894,89.50058872290485,79.7674748038537,64.60047919079061,5.872093023255815,1.0,Standard,Very Low,Acceleration Only,,,58.720930232558146
59,2021-11-06,UFC 268: Usman vs. Covington 2,70.15778211492672,92.63959390862944,64.38268952841644,90.63844034800042,79.48022138729398,26.957364341085274,1.0,Standard,Low,Substantive + Acceleration,,25.0,44.57364341085272
60,2012-10-13,UFC 153: Silva vs Bonnar,70.15738644087577,92.51269035532995,57.43272660427376,72.8436691959696,84.76552610470134,,0.88,Standard,None,No Evidence,,,
61,2022-05-07,UFC 274: Oliveira vs. Gaethje,70.13837039576352,92.38578680203045,73.5140773682255,90.01906541902953,77.40468431022931,4.670542635658915,1.0,Standard,Very Low,Acceleration Only,,,46.70542635658915
62,2019-12-14,UFC 245: Usman vs. Covington,70.11889809318698,92.25888324873097,88.66851107148328,92.08024841656167,56.588284885377625,2.4031007751937987,1.0,Standard,Very Low,Acceleration Only,,,24.031007751937985
63,2005-02-05,UFC 51: Super Saturday,70.0773825658468,92.13197969543148,61.88048451419637,99.66705329809282,56.603196889754216,,0.88,Standard,None,No Evidence,,,
64,2018-07-07,UFC 226: Miocic vs. Cormier,70.03841271045458,92.00507614213198,77.39212848224628,87.40638241462068,74.73370932860546,3.12015503875969,1.0,Standard,Very Low,Acceleration Only,,,31.2015503875969
65,2025-06-07,UFC 316: Dvalishvili vs. O'Malley 2,70.02583109595004,91.87817258883248,83.91945566160751,74.50813328701314,76.21816938049139,4.147286821705427,1.0,Standard,Very Low,Acceleration Only,,,41.47286821705426
66,2018-08-04,UFC 227: Dillashaw vs. Garbrandt 2,69.89782504953537,91.75126903553299,69.59146639454444,79.35287284769537,62.53600972371339,,0.88,Standard,None,No Evidence,,,
67,2021-09-25,UFC 266: Volkanovski vs. Ortega,69.8971267287077,91.6243654822335,86.01144426723944,88.87287890978801,61.44365437083455,3.565891472868217,1.0,Standard,Very Low,Acceleration Only,,,35.65891472868217
68,2026-04-11,UFC 327: Prochazka vs. Ulberg,69.86635378016743,91.49746192893402,82.66366595868462,85.71743196084033,62.847914040848494,16.4031007751938,1.0,Standard,Low,Substantive + Acceleration,,10.0,74.03100775193798
69,2019-09-07,UFC 242: Khabib vs. Poirier,69.7948401003372,91.37055837563452,73.66292192546287,47.73107927865124,80.95188226034254,74.12403100775194,1.0,Standard,Low,Substantive + Acceleration,,78.33333333333333,36.240310077519375
70,2012-12-29,UFC 155: Dos Santos vs Velasquez II,69.7643800099898,91.24365482233503,77.87668547008488,65.63169526360348,62.439253122252865,,0.88,Standard,None,No Evidence,,,
71,2016-06-04,UFC 199: Rockhold vs. Bisping 2,69.67530710191845,91.11675126903553,85.90337689233318,83.1866562387939,66.84380804184391,0.3488372093023256,1.0,Standard,Very Low,Acceleration Only,,,3.488372093023256
72,2002-03-22,UFC 36: Worlds Collide,69.66080506973616,90.98984771573603,73.86152012911748,81.464366526592,54.414077544564954,,0.88,Standard,None,No Evidence,,,
73,2011-04-30,UFC 129: St-Pierre vs Shields,69.63367193641677,90.86294416243655,67.13395480684373,78.31403477726639,65.80657152408325,,0.88,Standard,None,No Evidence,,,
74,2012-09-22,UFC 152: Jones vs Belfort,69.58717365026826,90.73604060913706,76.54598984318943,58.80643503067514,69.24720183285963,,0.88,Standard,None,No Evidence,,,
75,2006-12-30,UFC 66: Liddell vs Ortiz 2,69.55526134333967,90.60913705583756,69.6146514012377,64.41257243689574,73.70113322569618,,0.88,Standard,None,No Evidence,,,
76,2023-04-08,UFC 287: Pereira vs. Adesanya 2,69.4601425260006,90.48223350253807,74.86859139372878,90.20284723086961,73.17447511881235,4.3604651162790695,1.0,Standard,Very Low,Acceleration Only,,,43.604651162790695
77,2025-10-25,UFC 321: Aspinall vs. Gane,69.43566993140456,90.35532994923858,88.94249489152169,70.0074387575662,71.52700531677375,3.3139534883720927,1.0,Standard,Very Low,Acceleration Only,,,33.13953488372093
78,2025-05-10,UFC 315: Muhammad vs. Della Maddalena,68.98468206066374,90.22842639593908,80.94867972166735,91.04528425213425,61.55398446704364,7.151162790697676,1.0,Standard,Very Low,Acceleration Only,,,71.51162790697676
79,2023-06-10,UFC 289: Nunes vs. Aldana,68.75498756431625,90.1015228426396,70.76013156764508,80.68414491769998,64.27778893590639,50.15503875968992,1.0,Standard,Low,Substantive + Acceleration,,50.0,51.55038759689923
80,2016-03-05,UFC 196: McGregor vs Diaz,68.37604713735256,89.9746192893401,73.3597974466451,73.41979671898065,62.477044189820056,57.106637196489196,1.0,Strong,Moderate,Substantive + Acceleration,72.72727272727273,50.0,9.496124031007753
81,2025-07-19,UFC 318: Holloway vs. Poirier 3,68.29406513514549,89.84771573604061,45.318206513476326,90.73978372050942,68.72223207524999,95.11627906976744,1.0,Standard,Low,Substantive + Acceleration,,100.0,51.162790697674424
82,2017-06-03,UFC 212: Aldo vs. Holloway,68.14680813521372,89.72081218274111,59.59170436085009,81.61872315161303,76.2873389919944,49.7093023255814,1.0,Standard,Low,Substantive + Acceleration,,50.0,47.093023255813954
83,2010-03-27,UFC 111: St-Pierre vs Hardy,68.1344490659397,89.59390862944161,80.01540721559249,56.739322266306694,61.79489423931137,,0.88,Standard,None,No Evidence,,,
84,2024-08-17,UFC 305: Du Plessis vs. Adesanya,68.09889135096137,89.46700507614213,66.72769072864266,85.86606516428252,82.78234087407638,4.011627906976744,1.0,Standard,Very Low,Acceleration Only,,,40.116279069767444
85,2023-07-08,UFC 290: Volkanovski vs. Rodriguez,68.04661340890269,89.34010152284264,74.25276887711487,86.81086161534536,72.00858823688968,3.701550387596899,1.0,Standard,Very Low,Acceleration Only,,,37.01550387596899
86,2018-12-08,UFC 231: Holloway vs. Ortega,68.03144492794121,89.21319796954315,79.90095447957005,73.18329601110385,74.4804940682471,6.511627906976745,1.0,Standard,Very Low,Acceleration Only,,,65.11627906976744
87,2024-06-29,UFC 303: Pereira vs. Prochazka 2,67.81096484102014,89.08629441624365,73.69068961233366,86.31476992252207,60.91358321411077,30.310077519379842,1.0,Standard,Low,Substantive + Acceleration,,33.33333333333333,3.10077519379845
88,2024-03-09,UFC 299: O'Malley vs. Vera 2,67.7129958787216,88.95939086294416,83.44227026300867,90.16058984076538,55.44053732353745,4.825581395348838,1.0,Standard,Very Low,Acceleration Only,,,48.25581395348838
89,2021-06-12,UFC 263: Adesanya vs. Vettori 2,67.55661945140812,88.83248730964468,80.26798540174356,84.4017454681329,65.6426682715095,0.5426356589147286,1.0,Standard,Very Low,Acceleration Only,,,5.426356589147287
90,2016-05-14,UFC 198: Werdum vs Miocic,67.22219482522263,88.70558375634518,81.93106131297183,85.07881691454492,61.31243294936394,1.434108527131783,1.0,Standard,Very Low,Acceleration Only,,,14.34108527131783
91,2004-01-31,UFC 46: Supernatural,67.05899599495794,88.57868020304569,62.27321009099804,88.0860793671921,56.11082316942691,,0.88,Standard,None,No Evidence,,,
92,2015-09-05,UFC 191: Johnson vs Dodson 2,66.97407893907321,88.4517766497462,70.95328544459583,81.27576771161317,76.9768505223234,3.953488372093023,1.0,Standard,Very Low,Acceleration Only,,,39.53488372093023
93,2013-03-16,UFC 158: St-Pierre vs Diaz,66.93781763720817,88.3248730964467,59.18654027233658,68.08819057710765,76.23562781158535,,0.88,Standard,None,No Evidence,,,
94,2009-08-08,UFC 101: Declaration,66.81455750778757,88.19796954314721,63.22185668506951,76.57794650390399,63.54212834814081,,0.88,Standard,None,No Evidence,,,
95,2025-04-12,UFC 314: Volkanovski vs. Lopes,66.80844122872546,88.07106598984772,79.80289968528307,83.82155521665793,62.583360278205475,3.992248062015504,1.0,Standard,Very Low,Acceleration Only,,,39.922480620155035
96,2021-01-23,UFC 257: Poirier vs. McGregor,66.72719152790079,87.94416243654823,54.634220779011365,73.65015156026057,71.93994734160029,78.58174770965469,1.0,Strong,Moderate,Substantive + Acceleration,75.0,91.66666666666667,42.63565891472868
97,2018-05-12,UFC 224: Nunes vs. Pennington,66.64239021370244,87.81725888324873,73.83247680550996,82.77204059984844,52.07081326254489,47.55813953488372,1.0,Standard,Low,Substantive + Acceleration,,50.0,25.581395348837212
98,2003-09-26,UFC 44: Undisputed,66.29596176462564,87.69035532994924,47.47256315700079,86.5770759255386,74.51025186395141,,0.88,Standard,None,No Evidence,,,
99,2009-01-31,UFC 94: St-Pierre vs Penn 2,66.28280340351768,87.56345177664974,66.18227309642407,62.049965672094004,69.89262087441796,,0.88,Standard,None,No Evidence,,,
100,2008-10-25,UFC 90: Silva vs Cote,66.21604041330423,87.43654822335026,74.31085687211922,63.25301819773612,57.953229769801084,,0.88,Standard,None,No Evidence,,,
101,2018-06-09,UFC 225: Whittaker vs. Romero 2,66.15179061664803,87.30964467005076,66.23900973163391,95.5751307098999,68.23308213992193,4.631782945736434,1.0,Standard,Very Low,Acceleration Only,,,46.31782945736434
102,2020-01-18,UFC 246: McGregor vs. Cowboy,65.75530545444474,87.18274111675127,54.67807610389275,93.08254682466031,56.96918689184007,68.0338266384778,1.0,Strong,Moderate,Substantive + Acceleration,50.0,91.66666666666667,59.883720930232556
103,2011-12-10,UFC 140: Jones vs Machida,65.73490143943783,87.05583756345177,62.57074631929057,77.12807434792207,60.55742867337753,,0.88,Standard,None,No Evidence,,,
104,2022-08-20,UFC 278: Usman vs. Edwards,65.7323911244675,86.92893401015228,58.28876069291278,81.91084412432961,79.36215841679733,25.872093023255815,1.0,Standard,Low,Substantive + Acceleration,,25.0,33.72093023255814
105,2022-02-12,UFC 271: Adesanya vs. Whittaker 2,65.70755358016716,86.80203045685279,62.29926129583327,85.72175625122846,79.82187603038462,4.922480620155039,1.0,Standard,Very Low,Acceleration Only,,,49.224806201550386
106,2020-02-08,UFC 247: Jones vs. Reyes,65.22227517019024,86.6751269035533,63.09976060177772,75.84241142121132,85.64445117841503,3.75968992248062,1.0,Standard,Very Low,Acceleration Only,,,37.5968992248062
107,2018-07-28,UFC Fight Night: Alvarez vs. Poirier 2,65.06568079574917,86.5482233502538,65.08235082324909,76.6774341373745,52.24755918912386,72.66737138830163,1.0,Standard,Low,Substantive + Acceleration,,73.48484848484848,65.31007751937985
108,2026-09-19,UFC 331: Van vs. Pantoja 2,64.89964555444833,86.42131979695431,77.29195581831748,71.91393740525662,69.06485887324409,3.527131782945737,1.0,Standard,Very Low,Acceleration Only,,,35.27131782945737
109,2015-05-23,UFC 187: Johnson vs Cormier,64.83771410644174,86.29441624365482,91.72555404653002,88.20089357604088,37.613065135353644,0.6782945736434108,1.0,Standard,Very Low,Acceleration Only,,,6.782945736434108
110,2010-12-11,UFC 124: St-Pierre vs Koscheck 2,64.75380341853212,86.16751269035532,60.153015941772665,60.27518221191064,74.51228286111758,,0.88,Standard,None,No Evidence,,,
111,2020-12-12,UFC 256: Figueiredo vs. Moreno,64.7287026749214,86.04060913705584,79.91817674767505,87.35134327099155,53.17535199468466,1.4922480620155039,1.0,Standard,Very Low,Acceleration Only,,,14.922480620155037
112,2020-06-06,UFC 250: Nunes vs. Spencer,64.64544785376069,85.91370558375635,80.33189667114131,62.85142963144733,51.36820121418913,50.69767441860465,1.0,Standard,Low,Substantive + Acceleration,,50.0,56.97674418604651
113,2022-04-09,UFC 273: Volkanovski vs. The Korean Zombie,64.59030488451046,85.78680203045685,79.56255661792603,65.2657000404322,70.22965621618536,3.9728682170542635,1.0,Standard,Very Low,Acceleration Only,,,39.72868217054263
114,2025-06-14,UFC Fight Night: Usman vs. Buckley,64.44710779102407,85.65989847715736,60.40177937947411,82.35615996516415,70.78329759394755,27.810077519379846,1.0,Standard,Low,Substantive + Acceleration,,25.0,53.100775193798455
115,2015-01-31,UFC 183: Silva vs Diaz,64.25969038424373,85.53299492385787,68.59120230194002,92.35721115631964,61.30962122613067,3.9341085271317833,1.0,Standard,Very Low,Acceleration Only,,,39.34108527131783
116,2025-08-16,UFC 319: Du Plessis vs. Chimaev,64.21797936681878,85.40609137055839,70.45185573520475,83.57129880564099,65.046839106172,5.9689922480620154,1.0,Standard,Very Low,Acceleration Only,,,59.68992248062015
117,2024-02-17,UFC 298: Volkanovski vs. Topuria,64.0963835839446,85.27918781725889,68.57631823603786,83.03169381940738,67.8913471013552,5.135658914728683,1.0,Standard,Very Low,Acceleration Only,,,51.356589147286826
118,2017-04-15,UFC on FOX: Johnson vs. Reis,64.01921004373206,85.15228426395939,68.96785566486913,73.13011799135202,75.11549678720426,5.406976744186046,1.0,Standard,Very Low,Acceleration Only,,,54.06976744186046
119,2013-12-14,UFC on FOX: Johnson vs. Benavidez 2,63.99342866982478,85.0253807106599,65.23746593804465,71.29176730356598,56.35445840196111,,0.88,Standard,None,No Evidence,,,
120,2011-08-27,UFC 134: Silva vs Okami,63.987794345798186,84.8984771573604,37.59269241027413,79.25225863532613,86.32836909419989,,0.88,Standard,None,No Evidence,,,
121,2001-11-02,UFC 34: High Voltage,63.665037651661436,84.77157360406092,68.78076625428598,62.716196687646175,57.684372790063,,0.88,Standard,None,No Evidence,,,
122,2015-07-25,UFC on FOX: Dillashaw vs. Barao II,63.62624276643813,84.64467005076142,61.202002050156544,66.9026627003886,64.13835876720806,,0.88,Standard,None,No Evidence,,,
123,2022-12-10,UFC 282: Blachowicz vs. Ankalaev,63.39623579419481,84.51776649746193,62.48203692770962,62.192666725246646,65.59293031725765,,0.88,Standard,None,No Evidence,,,
124,2016-10-08,UFC 204: Bisping vs. Henderson,63.338680732662304,84.39086294416244,72.69532917076735,81.73930010901915,61.95007527569527,2.4612403100775193,1.0,Standard,Very Low,Acceleration Only,,,24.612403100775193
125,2009-12-12,UFC 107: Penn vs Sanchez,63.264616556947104,84.26395939086294,54.33535070915377,75.04779856578615,65.38496120569907,,0.88,Standard,None,No Evidence,,,
126,2023-10-21,UFC 294: Makhachev vs. Volkanovski 2,63.12421821035708,84.13705583756345,67.59635608980062,77.54327781705769,71.21929734600712,2.810077519379845,1.0,Standard,Very Low,Acceleration Only,,,28.100775193798448
127,2011-02-05,UFC 126: Silva vs Belfort,63.065607274318594,84.01015228426397,40.65814690881966,75.27742892555675,82.64432640092512,,0.88,Standard,None,No Evidence,,,
128,2011-09-24,UFC 135: Jones vs Rampage,63.056305835211454,83.88324873096447,58.746756871474226,77.37187486686868,56.991849547002914,,0.88,Standard,None,No Evidence,,,
129,2010-10-23,UFC 121: Lesnar vs Velasquez,63.05039148817712,83.75634517766497,60.739191033201266,80.21088988486632,47.471508914320566,73.63636363636364,1.0,Standard,Low,Substantive Only,,81.81818181818183,
130,2012-05-26,UFC 146: Dos Santos vs Mir,62.89532644699707,83.62944162436548,65.67499750770124,52.133313178146516,63.459113220750986,73.63636363636364,1.0,Standard,Low,Substantive Only,,81.81818181818183,
131,2011-10-08,UFC 136: Edgar vs Maynard 3,62.872226391278915,83.50253807106598,68.33441082113691,74.14613670389637,46.39362778074508,,0.88,Standard,None,No Evidence,,,
132,2018-11-03,UFC 230: Cormier vs. Lewis,62.82399967855417,83.3756345177665,63.63299733122099,79.56770937802516,74.68491303068393,0.562015503875969,1.0,Standard,Very Low,Acceleration Only,,,5.62015503875969
133,2015-07-11,UFC 189: Mendes vs McGregor,62.798361206706474,83.24873096446701,85.13117737049244,63.176061877412224,54.59826130714742,12.348484848484851,1.0,Standard,Low,Substantive + Acceleration,9.090909090909092,,41.66666666666667
134,2022-03-05,UFC 272: Covington vs. Masvidal,62.74707897575091,83.12182741116752,70.38097365056227,79.60424197827184,53.644281728549394,28.13953488372093,1.0,Standard,Low,Substantive + Acceleration,,25.0,56.395348837209305
135,2009-04-18,UFC 97: Redemption,62.66621550937714,82.99492385786802,56.019346348960525,69.28338600500169,66.01404542137892,,0.88,Standard,None,No Evidence,,,
136,2021-12-04,UFC Fight Night: Font vs. Aldo,62.640710887376926,82.86802030456852,60.93801532732624,64.61579404647631,68.08775258968411,51.395348837209305,1.0,Standard,Low,Substantive + Acceleration,,50.0,63.95348837209303
137,2026-03-07,UFC 326: Holloway vs. Oliveira 2,62.54263315001561,82.74111675126903,55.659857300881896,93.08274659335235,72.17579169313834,2.751937984496124,1.0,Standard,Very Low,Acceleration Only,,,27.51937984496124
138,2022-06-11,UFC 275: Teixeira vs. Prochazka,62.42672313862251,82.61421319796955,68.87911807680935,72.08480054742448,70.61990439740062,4.903100775193799,1.0,Standard,Very Low,Acceleration Only,,,49.031007751937985
139,2024-07-27,UFC 304: Edwards vs. Muhammad 2,62.37413112145394,82.48730964467005,77.23887160579851,60.34875764794973,69.22491510266131,4.437984496124031,1.0,Standard,Very Low,Acceleration Only,,,44.37984496124031
140,2023-03-18,UFC 286: Edwards vs. Usman 3,62.35415005060554,82.36040609137056,59.89981663997248,71.32633002384671,72.7994157390558,28.352713178294575,1.0,Standard,Low,Substantive + Acceleration,,25.0,58.52713178294574
141,2020-03-07,UFC 248: Adesanya vs. Romero,62.35363267024259,82.23350253807106,69.32210934106574,74.80085047614422,68.24842475041605,3.2558139534883725,1.0,Standard,Very Low,Acceleration Only,,,32.55813953488372
142,2007-08-25,UFC 74: Respect,62.339167098603625,82.10659898477158,64.15049399568167,63.15004295424122,59.27955138890533,,0.88,Standard,None,No Evidence,,,
143,2016-01-17,UFC Fight Night: Dillashaw vs Cruz,62.31958899892731,81.97969543147208,62.19682921576371,61.621447085563695,63.055280998370755,,0.88,Standard,None,No Evidence,,,
144,2017-10-07,UFC 216: Ferguson vs. Lee,62.218520595417516,81.8527918781726,73.3025886958763,82.37163749258106,56.12098875830021,3.6434108527131785,1.0,Standard,Very Low,Acceleration Only,,,36.434108527131784
145,2023-11-11,UFC 295: Prochazka vs. Pereira,62.07086592371654,81.7258883248731,82.69707505629746,59.14435723536161,49.368694145879736,33.72093023255814,1.0,Standard,Low,Substantive + Acceleration,33.33333333333333,,37.2093023255814
146,2020-08-15,UFC 252: Miocic vs. Cormier 3,62.02238632570264,81.5989847715736,49.81141453592432,93.6671154797396,76.88498626611569,4.341085271317829,1.0,Standard,Very Low,Acceleration Only,,,43.41085271317829
147,2023-01-21,UFC 283: Teixeira vs. Hill,61.46454705528077,81.47208121827411,63.446861726717394,89.40638640469797,61.37930164140666,1.996124031007752,1.0,Standard,Very Low,Acceleration Only,,,19.961240310077518
148,2019-01-19,UFC Fight Night: Cejudo vs. Dillashaw,61.33319022566922,81.34517766497463,51.67129986738778,76.3293683087971,61.78239905940036,,0.88,Standard,None,No Evidence,,,
149,2023-04-15,UFC Fight Night: Holloway vs. Allen,61.13227438528334,81.21827411167513,56.44599868727346,70.12323027052001,83.45624685026745,6.259689922480621,1.0,Standard,Very Low,Acceleration Only,,,62.5968992248062
150,2021-03-27,UFC 260: Miocic vs. Ngannou,60.95197385841203,81.09137055837563,48.56265817462168,84.88643560341012,82.03290168071098,4.089147286821706,1.0,Standard,Very Low,Acceleration Only,,,40.89147286821706
151,2024-12-07,UFC 310: Pantoja vs. Asakura,60.94833960054425,80.96446700507614,82.48699929278581,92.57974985993683,29.72564102661173,6.763565891472869,1.0,Standard,Very Low,Acceleration Only,,,67.63565891472868
152,2014-04-26,UFC 172: Jones vs Teixeira,60.743675381833164,80.83756345177665,62.55981171340869,66.38853170929418,77.97083541973208,4.127906976744186,1.0,Standard,Very Low,Acceleration Only,,,41.27906976744186
153,2013-09-21,UFC 165: Jones vs Gustafsson,60.66690366260489,80.71065989847716,65.11819244642264,38.28217250950809,73.17230121688954,,0.88,Standard,None,No Evidence,,,
154,2019-04-13,UFC 236: Holloway vs. Poirier 2,60.60417495873434,80.58375634517766,66.23798605672468,66.02324746139719,72.84578469018842,4.282945736434108,1.0,Standard,Very Low,Acceleration Only,,,42.82945736434108
155,2010-11-20,UFC 123: Rampage vs Machida,60.52944397836342,80.45685279187818,55.26886783325485,87.20570712758627,45.56827486896666,,0.88,Standard,None,No Evidence,,,
156,2016-08-20,UFC 202: Diaz vs. McGregor 2,60.20836195014393,80.32994923857868,50.936476256051094,75.43869240082897,52.83803205030363,76.80264590941124,1.0,Strong,Moderate,Substantive + Acceleration,90.9090909090909,72.72727272727273,24.224806201550386
157,2003-06-06,UFC 43: Meltdown,60.17226500882512,80.20304568527918,44.0602908854965,84.68345344260425,61.32889745833364,,0.88,Standard,None,No Evidence,,,
158,2009-07-11,UFC 100,60.07559606446643,80.0761421319797,80.60066318344575,60.38473216703375,26.88749518503612,73.63636363636364,1.0,Standard,Low,Substantive Only,81.81818181818183,,
159,2007-03-03,UFC 68: The Uprising,60.04970235789895,79.94923857868021,57.924995895203736,66.30449944595306,57.71948114698745,,0.88,Standard,None,No Evidence,,,
160,2018-09-08,UFC 228: Woodley vs. Till,59.842263594586875,79.82233502538071,71.59777852375657,72.29113115106827,58.25061388456839,3.4496124031007755,1.0,Standard,Very Low,Acceleration Only,,,34.49612403100775
161,2017-12-16,UFC Fight Night: Lawler vs. Dos Anjos,59.82190274373053,79.69543147208121,62.63489942929874,74.17821975004567,68.5463434163055,3.2751937984496124,1.0,Standard,Very Low,Acceleration Only,,,32.751937984496124
162,2008-09-06,UFC 88: Breakthrough,59.733519632413945,79.56852791878173,50.67500757873825,73.11519139473803,60.71160875571916,,0.88,Standard,None,No Evidence,,,
163,2019-06-08,UFC 238: Cejudo vs. Moraes,59.705173877915115,79.44162436548223,81.67002606340195,71.65020901031129,43.615597588841034,6.627906976744185,1.0,Standard,Very Low,Acceleration Only,,,66.27906976744185
164,2014-09-27,UFC 178: Johnson vs Cariaso,59.46181852880253,79.31472081218274,75.45562504409446,64.95471994980552,57.30540049695922,4.651162790697675,1.0,Standard,Very Low,Acceleration Only,,,46.51162790697674
165,2015-01-03,UFC 182: Jones vs Cormier,59.44646236210717,79.18781725888326,60.84942611227424,65.09321191281002,75.84814338094968,6.0271317829457365,1.0,Standard,Very Low,Acceleration Only,,,60.27131782945736
166,2013-05-25,UFC 160: Velasquez vs Silva 2,59.191112908908,79.06091370558376,72.13337830295193,57.55017579556624,43.43674626702356,,0.88,Standard,None,No Evidence,,,
167,2019-05-11,UFC 237: Namajunas vs. Andrade,58.95512699734879,78.93401015228426,55.81440516209242,97.73207856349167,53.18878885084511,7.771317829457366,1.0,Standard,Very Low,Acceleration Only,,,77.71317829457365
168,2021-08-07,UFC 265: Lewis vs. Gane,58.7942321926082,78.80710659898476,57.172657110373336,79.88378917582781,67.17477863016408,3.8178294573643416,1.0,Standard,Very Low,Acceleration Only,,,38.17829457364341
169,2026-03-28,UFC Fight Night: Adesanya vs. Pyfer,58.720829203066735,78.68020304568529,58.55551984385496,80.2932358109012,64.30874026962827,4.844961240310077,1.0,Standard,Very Low,Acceleration Only,,,48.44961240310077
170,2014-07-05,UFC 175: Weidman vs Machida,58.64804282204017,78.55329949238579,58.615526373769335,64.83548099242826,77.25663702042702,3.4689922480620154,1.0,Standard,Very Low,Acceleration Only,,,34.689922480620154
171,2021-02-13,UFC 258: Usman vs. Burns,58.558226458774634,78.42639593908629,67.1591598344191,43.59845375324765,71.59574727093705,30.290697674418606,1.0,Standard,Low,Substantive + Acceleration,,25.0,77.90697674418605
172,2015-04-18,UFC on FOX: Machida vs Rockhold,58.471946368950015,78.2994923857868,71.19528978346155,62.58138508541246,62.53710422884121,1.87984496124031,1.0,Standard,Very Low,Acceleration Only,,,18.7984496124031
173,2018-01-20,UFC 220: Miocic vs. Ngannou,58.39561194444549,78.1725888324873,66.4676014776065,58.40946374297109,72.03838685086815,1.6472868217054264,1.0,Standard,Very Low,Acceleration Only,,,16.472868217054263
174,2013-04-27,UFC 159: Jones vs Sonnen,58.33015711144681,78.04568527918782,52.596345531781274,66.53630024886607,59.166219121696145,,0.88,Standard,None,No Evidence,,,
175,2013-10-19,UFC 166: Velasquez vs Dos Santos 3,58.006086768024325,77.91878172588832,47.1225291702145,71.69329407662259,61.144867590210154,,0.88,Standard,None,No Evidence,,,
176,2016-01-02,UFC 195: Lawler vs Condit,57.88398962169252,77.79187817258884,61.151398135289035,74.0425852826494,62.633857222170036,5.7558139534883725,1.0,Standard,Very Low,Acceleration Only,,,57.55813953488372
177,2021-11-13,UFC Fight Night: Holloway vs. Rodriguez,57.704280929955964,77.66497461928934,55.664310577461464,68.43010250596804,73.50425123892613,6.569767441860465,1.0,Standard,Very Low,Acceleration Only,,,65.69767441860465
178,2011-08-06,UFC 133: Evans vs Ortiz 2,57.60677181788573,77.53807106598984,42.59234773186101,67.96012798755491,68.94271822076153,,0.88,Standard,None,No Evidence,,,
179,2017-07-08,UFC 213: Romero vs. Whittaker,57.587751270973826,77.41116751269035,64.90632700264929,75.0327800738083,57.44513680313623,1.9186046511627908,1.0,Standard,Very Low,Acceleration Only,,,19.186046511627907
180,2020-09-26,UFC 253: Adesanya vs. Costa,57.32765301210047,77.28426395939087,67.7916177043992,60.105351369824426,64.5998768102795,2.7713178294573644,1.0,Standard,Very Low,Acceleration Only,,,27.71317829457364
181,2025-02-08,UFC 312: Du Plessis vs. Strickland 2,57.18011784056495,77.15736040609137,61.58392570355395,53.62184769991554,76.38909762861998,5.60077519379845,1.0,Standard,Very Low,Acceleration Only,,,56.007751937984494
182,2020-11-21,UFC 255: Figueiredo vs. Perez,57.15588735956382,77.03045685279187,75.17632710854605,68.83538012821812,44.515438762142836,8.7015503875969,1.0,Standard,Very Low,Acceleration Only,,,87.01550387596899
183,2008-06-07,UFC 85: Bedlam,57.14394288023743,76.90355329949239,63.585823566973474,47.52052643172845,56.53640691261146,,0.88,Standard,None,No Evidence,,,
184,2024-01-20,UFC 297: Strickland vs. Du Plessis,56.99466717792443,76.77664974619289,77.64175228267275,45.90820108654748,62.30550673483987,2.1899224806201554,1.0,Standard,Very Low,Acceleration Only,,,21.899224806201552
185,2025-02-01,UFC Fight Night: Adesanya vs. Imavov,56.90355583141008,76.6497461928934,52.26632185327256,78.84082111058787,66.90697668449776,5.813953488372094,1.0,Standard,Very Low,Acceleration Only,,,58.139534883720934
186,2017-03-11,UFC Fight Night: Belfort vs. Gastelum,56.83383500427435,76.52284263959392,69.02582086488837,71.99888959327288,51.776169198168944,1.9767441860465116,1.0,Standard,Very Low,Acceleration Only,,,19.767441860465116
187,2015-11-14,UFC 193: Rousey vs Holm,56.74205752999447,76.39593908629442,68.30160209695912,54.532011516069225,58.18629036443218,21.9661733615222,1.0,Standard,Low,Substantive + Acceleration,22.727272727272727,,15.11627906976744
188,2023-05-06,UFC 288: Sterling vs. Cejudo,56.7297593817949,76.26903553299492,63.61081406873006,70.21030726296287,58.52588561071282,5.484496124031008,1.0,Standard,Very Low,Acceleration Only,,,54.84496124031008
189,2014-12-06,UFC 181: Hendricks vs Lawler II,56.58839263486293,76.14213197969542,71.33046432409765,59.23197456548191,57.05390095100466,4.9806201550387605,1.0,Standard,Very Low,Acceleration Only,,,49.8062015503876
190,2025-05-03,UFC Fight Night: Sandhagen vs. Figueiredo,56.500997144863454,76.01522842639594,60.26880438915676,74.2414741273414,57.44335716596659,8.682170542635658,1.0,Standard,Very Low,Acceleration Only,,,86.82170542635659
191,2024-05-04,UFC 301: Pantoja vs. Erceg,56.486282044954045,75.88832487309645,67.1197152660939,76.62503012199379,48.15730150688967,4.534883720930233,1.0,Standard,Very Low,Acceleration Only,,,45.348837209302324
192,2005-08-20,UFC 54: Boiling Point,56.46771939082211,75.76142131979695,51.129673427953556,91.41844612196003,34.81204031260656,,0.88,Standard,None,No Evidence,,,
193,2017-10-28,UFC Fight Night: Brunson vs. Machida,56.45096335784227,75.63451776649747,68.55186331380828,69.90207105667328,51.29566414568347,5.387596899224806,1.0,Standard,Very Low,Acceleration Only,,,53.875968992248055
194,2016-12-10,UFC 206: Holloway vs. Pettis,56.28771657945437,75.50761421319797,73.50497443590648,59.13414916995711,54.183632421128706,2.6550387596899228,1.0,Standard,Very Low,Acceleration Only,,,26.550387596899228
195,2019-07-27,UFC 240: Holloway vs. Edgar,56.28107627793823,75.38071065989847,49.33051537506802,72.34926136872326,73.61325460110787,6.472868217054264,1.0,Standard,Very Low,Acceleration Only,,,64.72868217054264
196,2015-12-19,UFC on FOX: Dos Anjos vs. Cowboy 2,56.215916662643195,75.25380710659898,55.14644227779204,72.72748255943401,64.80313266953353,7.829457364341085,1.0,Standard,Very Low,Acceleration Only,,,78.29457364341084
197,2017-09-09,UFC 215: Nunes vs Shevchenko 2,56.17387738605654,75.1269035532995,60.30674977261899,65.35169344441073,47.93754904923929,45.05813953488372,1.0,Standard,Low,Substantive + Acceleration,,50.0,0.5813953488372093
198,2017-04-08,UFC 210: Cormier vs. Johnson 2,55.598680650637824,75.0,54.234375106674726,69.36634006471729,68.55824391944996,3.178294573643411,1.0,Standard,Very Low,Acceleration Only,,,31.782945736434108
199,2015-11-07,UFC Fight Night: Belfort vs Henderson 3,55.477086552437896,74.8730964467005,63.46240060872548,69.90217416309497,55.39829116254134,3.391472868217054,1.0,Standard,Very Low,Acceleration Only,,,33.91472868217054
200,2013-08-31,UFC 164: Henderson vs Pettis 2,55.450094216226084,74.74619289340102,51.10983975550809,60.86298168199659,56.73913004957767,,0.88,Standard,None,No Evidence,,,
201,2013-02-02,UFC 156: Aldo vs Edgar,55.308241446165844,74.61928934010153,40.1151545004579,78.4695207618816,56.35948404365626,,0.88,Standard,None,No Evidence,,,
202,2012-04-21,UFC 145: Jones vs Evans,55.108969798246854,74.49238578680203,42.53860924410304,48.948423960964895,76.78025175398992,,0.88,Standard,None,No Evidence,,,
203,2006-11-18,UFC 65: Bad Intentions,55.08418698860701,74.36548223350253,53.416841693369065,49.30657444503455,62.03336071810592,,0.88,Standard,None,No Evidence,,,
204,2006-02-04,UFC 57: Liddell vs Couture 3,54.97124138956697,74.23857868020305,50.0123416598178,58.250080812306294,58.83074079234249,,0.88,Standard,None,No Evidence,,,
205,2019-02-17,UFC Fight Night: Ngannou vs. Velasquez,54.82951238782095,74.11167512690355,62.9502982774841,70.23575071459018,52.599519311813275,5.465116279069767,1.0,Standard,Very Low,Acceleration Only,,,54.65116279069767
206,2014-05-24,UFC 173: Barao vs Dillashaw,54.820302839049084,73.98477157360406,60.27775409211588,49.838281549986824,51.7010454563691,,0.88,Standard,None,No Evidence,,,
207,2021-05-15,UFC 262: Oliveira vs. Chandler,54.79146072044597,73.85786802030458,66.94146998433838,55.85718962579201,58.959004828012446,5.562015503875969,1.0,Standard,Very Low,Acceleration Only,,,55.62015503875969
208,2026-02-21,UFC Fight Night: Strickland vs. Hernandez,54.78457551846803,73.73096446700508,63.55032693002897,51.883775687248,66.65452693442536,5.62015503875969,1.0,Standard,Very Low,Acceleration Only,,,56.201550387596896
209,2003-02-28,UFC 41: Onslaught,54.75628134229776,73.60406091370558,68.63572210410442,70.1512616227111,23.769715105285165,,0.88,Standard,None,No Evidence,,,
210,2008-03-01,UFC 82: Pride of a Champion,54.6681260442732,73.47715736040608,62.68521751686022,54.53562995119376,44.18294838909846,,0.88,Standard,None,No Evidence,,,
211,2018-04-07,UFC 223: Khabib vs. Iaquinta,54.634050900645796,73.3502538071066,76.15269069786105,65.49356408479889,38.44215373140689,5.2519379844961245,1.0,Standard,Very Low,Acceleration Only,,,52.51937984496124
212,2021-12-18,UFC Fight Night: Lewis vs. Daukaus,54.60895482296871,73.22335025380711,61.188255167133065,65.99540378407983,59.40908424036696,1.2984496124031009,1.0,Standard,Very Low,Acceleration Only,,,12.984496124031008
213,2009-11-21,UFC 106: Ortiz vs Griffin 2,54.518223281389325,73.09644670050761,42.18401498977677,69.0649510782098,58.8679006907748,,0.88,Standard,None,No Evidence,,,
214,2015-04-25,UFC 186: Johnson vs Horiguchi,54.48541478690532,72.96954314720813,55.34007760042514,68.30500272534637,63.378382413661896,4.612403100775194,1.0,Standard,Very Low,Acceleration Only,,,46.12403100775194
215,2011-05-28,UFC 130: Rampage vs Hamill,54.430414215219805,72.84263959390863,55.41128361251041,54.704279836336916,52.909304322882456,,0.88,Standard,None,No Evidence,,,
216,2005-04-16,UFC 52: Couture vs Liddell 2,54.41760981042841,72.71573604060913,30.01195647094115,89.64452092563366,57.731546164403696,,0.88,Standard,None,No Evidence,,,
217,2026-01-31,UFC 325: Volkanovski vs. Lopes 2,54.398994818825464,72.58883248730965,50.07215672552393,70.40083945576264,67.20468949243495,7.1899224806201545,1.0,Standard,Very Low,Acceleration Only,,,71.89922480620154
218,2017-12-30,UFC 219: Cyborg vs. Holm,54.39821828800293,72.46192893401016,69.57422047277156,74.19560774764958,31.890159758523357,22.17935165609584,1.0,Standard,Low,Substantive + Acceleration,,22.727272727272727,17.248062015503876
219,2021-01-16,UFC Fight Night: Holloway vs. Kattar,54.29458788692768,72.33502538071066,46.37859139666548,80.45702053832251,63.535212366522664,6.996124031007753,1.0,Standard,Very Low,Acceleration Only,,,69.96124031007753
220,2016-09-10,UFC 203: Miocic vs. Overeem,54.17505005756006,72.20812182741116,61.449189374605474,71.34825629297421,52.71065571325534,2.248062015503876,1.0,Standard,Very Low,Acceleration Only,,,22.48062015503876
221,2001-05-04,UFC 31: Locked and Loaded,54.1290190878735,72.08121827411168,43.21603737961574,73.80763818904376,52.3851649406814,,0.88,Standard,None,No Evidence,,,
222,2020-11-07,UFC Fight Night: Santos vs. Teixeira,54.07459838619368,71.95431472081218,57.082737765060045,63.87441332401915,62.649786128710424,6.007751937984496,1.0,Standard,Very Low,Acceleration Only,,,60.07751937984496
223,2009-11-14,UFC 105: Couture vs Vera,54.057594092126664,71.8274111675127,55.44303368829778,54.12196522181555,52.17395834065607,,0.88,Standard,None,No Evidence,,,
224,2022-07-16,UFC Fight Night: Ortega vs. Rodriguez,54.045037945341505,71.7005076142132,62.32508721307911,66.42976342002022,53.35997789581364,6.375968992248063,1.0,Standard,Very Low,Acceleration Only,,,63.759689922480625
225,2013-08-17,UFC Fight Night: Shogun vs Sonnen,54.031062050197555,71.57360406091371,60.75166263849434,64.65295596665474,36.42514127000125,,0.88,Standard,None,No Evidence,,,
226,2014-02-01,UFC 169: Barao vs Faber 2,53.917662134213145,71.44670050761421,67.05357798228934,48.66919464545047,63.35537467021897,1.4534883720930234,1.0,Standard,Very Low,Acceleration Only,,,14.534883720930234
227,2017-02-11,UFC 208: Holm vs. De Randamie,53.90505769477114,71.31979695431471,69.10511625122238,93.19860616713758,15.438157124565251,21.48167723749119,1.0,Standard,Low,Substantive + Acceleration,,22.727272727272727,10.271317829457365
228,2016-04-16,UFC on FOX: Teixeira vs Evans,53.83292961925019,71.19289340101524,62.31249245581527,61.259250910307,56.40118165720937,7.46124031007752,1.0,Standard,Very Low,Acceleration Only,,,74.6124031007752
229,2016-07-30,UFC 201: Lawler vs. Woodley,53.49341083234296,71.06598984771574,65.89060920245831,55.44733065330789,56.314200433423636,4.941860465116279,1.0,Standard,Very Low,Acceleration Only,,,49.41860465116279
230,2015-08-01,UFC 190: Rousey vs Correia,53.39194910025056,70.93908629441624,55.76615203822405,73.5885297601591,55.16808746301125,3.217054263565892,1.0,Standard,Very Low,Acceleration Only,,,32.17054263565892
231,2015-03-14,UFC 185: Pettis vs Dos Anjos,53.249205702698816,70.81218274111674,62.05093761361405,63.37076114096224,55.82629568931335,0.6976744186046512,1.0,Standard,Very Low,Acceleration Only,,,6.976744186046512
232,2020-03-14,UFC Fight Night: Lee vs. Oliveira,53.09882427613089,70.68527918781726,66.07728337708576,56.58510145398239,52.859901325939184,6.957364341085271,1.0,Standard,Very Low,Acceleration Only,,,69.57364341085271
233,2019-06-29,UFC Fight Night: Ngannou vs. Dos Santos,52.874203294840825,70.55837563451777,49.07384171233107,68.53409830883047,64.4122664253019,7.655038759689923,1.0,Standard,Very Low,Acceleration Only,,,76.55038759689923
234,2025-07-26,UFC Fight Night: Whittaker vs. De Ridder,52.66004238132233,70.43147208121827,60.45109310437712,61.71681620010923,56.50545007368269,2.306201550387597,1.0,Standard,Very Low,Acceleration Only,,,23.06201550387597
235,2001-06-29,UFC 32: Showdown in the Meadowlands,52.63506497717113,70.30456852791879,49.90124058202447,63.74850259550113,47.11872345570099,,0.88,Standard,None,No Evidence,,,
236,2025-03-22,UFC Fight Night: Edwards vs. Brady,52.62030331648821,70.17766497461929,55.90582383034806,69.43954809585303,53.98291152825325,7.073643410852714,1.0,Standard,Very Low,Acceleration Only,,,70.73643410852713
237,2009-08-29,UFC 102: Couture vs Nogueira,52.56553363404243,70.05076142131979,47.55053567166971,70.13634429508195,44.75932932703821,,0.88,Standard,None,No Evidence,,,
238,2007-07-07,UFC 73: Stacked,52.51620871138368,69.9238578680203,53.708139366857665,66.93770961478153,39.09492460314484,,0.88,Standard,None,No Evidence,,,
239,2011-02-26,UFC 127: Penn vs Fitch,52.509868354415254,69.79695431472082,34.8294783893085,58.86888247663461,70.64976492219753,,0.88,Standard,None,No Evidence,,,
240,2015-10-03,UFC 192: Cormier vs Gustafsson,52.41211539670314,69.67005076142132,67.74448711689398,63.23615632536623,44.06151046267274,3.8759689922480627,1.0,Standard,Very Low,Acceleration Only,,,38.759689922480625
241,2001-09-28,UFC 33: Victory in Vegas,52.406773469931345,69.54314720812182,54.084893127626174,47.32872544731988,54.360511940836886,,0.88,Standard,None,No Evidence,,,
242,2017-03-04,UFC 209: Woodley vs. Thompson 2,52.3410712071085,69.41624365482234,60.45314246981746,68.14972348323082,50.303637870574484,1.7829457364341086,1.0,Standard,Very Low,Acceleration Only,,,17.829457364341085
243,2015-06-13,UFC 188: Velasquez vs Werdum,52.1137070805988,69.28934010152284,56.554601599609384,47.213760816088744,69.48186034425626,7.286821705426357,1.0,Standard,Very Low,Acceleration Only,,,72.86821705426357
244,2015-12-11,The Ultimate Fighter: Team McGregor vs. Team Faber Finale,51.94331619912123,69.16243654822335,30.994033970408054,82.73185804992882,71.44611778746203,12.019027484143765,1.0,Standard,Low,Substantive + Acceleration,,9.090909090909092,38.372093023255815
245,2012-08-11,UFC 150: Henderson vs Edgar II,51.92854133700338,69.03553299492386,41.76065982492464,61.54549340456998,57.465031279606286,,0.88,Standard,None,No Evidence,,,
246,2018-04-21,UFC Fight Night: Barboza vs. Lee,51.819303349628996,68.90862944162437,60.40852230652257,78.73765474945343,39.69394091903473,2.0348837209302326,1.0,Standard,Very Low,Acceleration Only,,,20.348837209302324
247,2006-04-15,UFC 59: Reality Check,51.74606631098357,68.78172588832487,52.756457656438,59.709392608367715,43.86960257449608,,0.88,Standard,None,No Evidence,,,
248,2007-10-20,UFC 77: Hostile Territory,51.63413267665404,68.65482233502537,44.76393641984592,56.35057830608755,56.8383831061158,,0.88,Standard,None,No Evidence,,,
249,2008-11-15,UFC 91: Couture vs Lesnar,51.604096167591955,68.52791878172589,42.75315203656171,74.5902633781156,44.418492132094634,,0.88,Standard,None,No Evidence,,,
250,2016-02-27,UFC Fight Night: Silva vs Bisping,51.5425418831302,68.4010152284264,35.65163567523256,76.78696723177285,72.65686640028363,2.8875968992248064,1.0,Standard,Very Low,Acceleration Only,,,28.875968992248062
251,2017-11-11,UFC Fight Night: Poirier vs. Pettis,51.470131986971666,68.2741116751269,49.08617453473304,87.34522971342751,44.84304956199175,5.523255813953488,1.0,Standard,Very Low,Acceleration Only,,,55.23255813953488
252,2024-08-03,UFC Fight Night: Sandhagen vs. Nurmagomedov,51.40550712437402,68.1472081218274,53.6691016722674,73.37433446702728,49.01903910825653,7.887596899224807,1.0,Standard,Very Low,Acceleration Only,,,78.87596899224806
253,2025-07-12,UFC Fight Night: Lewis vs. Teixeira,51.31714790753424,68.02030456852792,51.36891257238194,72.71986707322377,52.52146807667713,7.325581395348838,1.0,Standard,Very Low,Acceleration Only,,,73.25581395348837
254,2010-05-08,UFC 113: Machida vs Shogun 2,51.219044902589275,67.89340101522842,64.18530781672025,45.970138738341454,38.396656115262616,,0.88,Standard,None,No Evidence,,,
255,2010-02-20,UFC 110: Nogueira vs Velasquez,51.21408594099108,67.76649746192894,57.20415508355961,59.92808380052107,36.14071061798305,,0.88,Standard,None,No Evidence,,,
256,2022-12-03,UFC Fight Night: Thompson vs. Holland,51.09744528961196,67.63959390862944,57.11369934876601,75.49948625989525,44.802431204658035,0.4651162790697675,1.0,Standard,Very Low,Acceleration Only,,,4.651162790697675
257,2011-01-01,UFC 125: Resolution,51.05165294647163,67.51269035532995,52.17479755801115,51.31391955937118,49.352064277769756,,0.88,Standard,None,No Evidence,,,
258,2022-09-10,UFC 279: Diaz vs. Ferguson,50.90560882218967,67.38578680203045,35.38638569128075,60.12843123032073,49.359782388387785,84.68639887244538,1.0,Standard,Low,Substantive + Acceleration,,90.9090909090909,28.68217054263566
259,2007-05-26,UFC 71: Liddell vs Jackson,50.88374751530893,67.25888324873097,50.901601781464606,41.97492467713963,58.17811599495655,,0.88,Standard,None,No Evidence,,,
260,2008-12-27,UFC 92: The Ultimate 2008,50.85618383771372,67.13197969543148,63.68267803132274,40.2278189353072,42.637330537421455,,0.88,Standard,None,No Evidence,,,
261,2010-06-12,UFC 115: Liddell vs Franklin,50.81981527148316,67.00507614213198,36.07658395629487,67.0839480656485,56.94211899991756,,0.88,Standard,None,No Evidence,,,
262,2013-01-26,UFC on FOX: Johnson vs Dodson,50.50624421079912,66.87817258883248,54.13469152017551,64.57094434200599,34.15836372991753,,0.88,Standard,None,No Evidence,,,
263,2020-05-13,UFC Fight Night: Smith vs. Teixeira,50.50287981362268,66.75126903553299,43.035827928395285,82.03589270484461,55.0904344513366,2.3837209302325584,1.0,Standard,Very Low,Acceleration Only,,,23.837209302325583
264,2012-01-28,UFC on FOX: Evans vs Davis,50.43569044258492,66.6243654822335,41.029982778526694,55.40686818004648,58.78119385717556,,0.88,Standard,None,No Evidence,,,
265,2019-07-20,UFC Fight Night: Dos Anjos vs. Edwards,50.36784630968704,66.49746192893402,43.25223584296302,72.1094331835695,62.86644724829724,1.4728682170542637,1.0,Standard,Very Low,Acceleration Only,,,14.728682170542637
266,2023-02-11,UFC 284: Makhachev vs. Volkanovski,50.18317249864455,66.37055837563452,59.38995229394487,43.54739462342737,63.006523556424945,4.593023255813954,1.0,Standard,Very Low,Acceleration Only,,,45.93023255813954
267,2020-12-19,UFC Fight Night: Thompson vs. Neal,50.17815938470633,66.24365482233503,43.033548931927726,82.38234317005673,51.43984352853329,7.538759689922481,1.0,Standard,Very Low,Acceleration Only,,,75.3875968992248
268,2024-11-02,UFC Fight Night: Moreno vs. Albazi,50.13998346797277,66.11675126903553,50.63055169451987,61.68026329637198,57.995797978563026,8.178294573643411,1.0,Standard,Very Low,Acceleration Only,,,81.78294573643412
269,2021-02-20,UFC Fight Night: Blaydes vs. Lewis,50.07043329984407,65.98984771573603,50.95470362065581,58.65298663375312,61.80741357814308,3.5077519379844966,1.0,Standard,Very Low,Acceleration Only,,,35.077519379844965
270,2022-07-23,UFC Fight Night: Blaydes vs. Aspinall,50.00635125984144,65.86294416243655,59.5538316357574,53.63482163039254,51.72120074117106,9.612403100775195,1.0,Standard,Very Low,Acceleration Only,,,96.12403100775194
271,2019-02-09,UFC 234: Adesanya vs. Silva,49.95077923517586,65.73604060913706,34.989306454075,69.94241735865818,73.8266722384634,2.054263565891473,1.0,Standard,Very Low,Acceleration Only,,,20.54263565891473
272,2018-03-03,UFC 222: Cyborg vs. Kunitskaya,49.62432781738296,65.60913705583756,70.52130849808869,84.29360916561005,13.719957084301724,2.5193798449612403,1.0,Standard,Very Low,Acceleration Only,,,25.1937984496124
273,2012-05-05,UFC on FOX: Diaz vs Miller,49.60366719311587,65.48223350253807,59.74778926592664,38.38776981639659,45.41199301349246,,0.88,Standard,None,No Evidence,,,
274,2023-08-26,UFC Fight Night: Holloway vs. The Korean Zombie,49.60080434018532,65.35532994923858,31.728804833745368,81.19225548245886,66.64766569780413,4.379844961240311,1.0,Standard,Very Low,Acceleration Only,,,43.798449612403104
275,2023-09-09,UFC 293: Adesanya vs. Strickland,49.43255317211072,65.22842639593908,36.1438109506206,66.29447164023445,73.46340777861035,2.0155038759689923,1.0,Standard,Very Low,Acceleration Only,,,20.155038759689923
276,2002-01-11,UFC 35: Throwdown,49.38793100725517,65.1015228426396,54.804089418135085,47.829333916449585,43.51114071746844,,0.88,Standard,None,No Evidence,,,
277,2008-07-05,UFC 86: Jackson vs Griffin,49.203660048001915,64.9746192893401,64.08673584450682,42.565580936625445,34.989446301251114,,0.88,Standard,None,No Evidence,,,
278,2019-03-09,UFC Fight Night: Lewis vs. Dos Santos,49.185858499214106,64.84771573604061,51.12349544384992,58.24955565810878,59.653571220586265,1.4147286821705427,1.0,Standard,Very Low,Acceleration Only,,,14.147286821705427
279,2026-06-06,UFC Fight Night: Muhammad vs. Bonfim,49.10367011273291,64.72081218274111,62.986096873781996,48.09724231458591,48.89263181847083,8.720930232558139,1.0,Standard,Very Low,Acceleration Only,,,87.20930232558139
280,2024-12-14,UFC Fight Night: Covington vs. Buckley,48.966742108813804,64.59390862944161,55.99678030320482,55.768078400145676,53.315186102787706,4.108527131782946,1.0,Standard,Very Low,Acceleration Only,,,41.08527131782946
281,2024-05-11,UFC Fight Night: Lewis vs. Nascimento,48.91396759831122,64.46700507614213,63.740197358944094,48.30030758728907,47.5501681651406,7.558139534883721,1.0,Standard,Very Low,Acceleration Only,,,75.5813953488372
282,2000-12-16,UFC 29: Defense of the Belts,48.79438509527417,64.34010152284264,64.89364752932002,46.39810043543572,29.48873642086661,,0.88,Standard,None,No Evidence,,,
283,2022-07-09,UFC Fight Night: Dos Anjos vs. Fiziev,48.70283746652457,64.21319796954315,46.55428634085617,52.86609793235078,65.05794076632769,9.186046511627907,1.0,Standard,Very Low,Acceleration Only,,,91.86046511627907
284,2003-11-21,UFC 45: Revolution,48.67258124197901,64.08629441624365,45.07709955944305,78.35309273449829,29.043333310760694,,0.88,Standard,None,No Evidence,,,
285,2013-06-15,UFC 161: Evans vs Henderson,48.62864944374298,63.95939086294417,36.869108241275086,62.148544768499335,53.06241487309709,,0.88,Standard,None,No Evidence,,,
286,2026-09-12,Noche UFC: Silva vs. Delgado,48.56018934351091,63.83248730964467,66.0917604372356,75.31645364685737,22.881105203250133,3.1395348837209305,1.0,Standard,Very Low,Acceleration Only,,,31.3953488372093
287,2019-12-21,UFC Fight Night: Edgar vs. The Korean Zombie,48.52781740083138,63.70558375634518,43.01486018187743,61.07967315688046,65.13718897180495,2.7131782945736433,1.0,Standard,Very Low,Acceleration Only,,,27.131782945736433
288,2016-12-03,The Ultimate Fighter: Tournament of Champions Finale,48.35976865429917,63.57868020304569,43.891502468484454,66.76438992680626,56.98973683431583,6.724806201550388,1.0,Standard,Very Low,Acceleration Only,,,67.24806201550388
289,2018-02-10,UFC 221: Romero vs. Rockhold,48.304852162701984,63.45177664974619,57.972215093959456,49.81225697714888,53.606933500605315,3.236434108527132,1.0,Standard,Very Low,Acceleration Only,,,32.36434108527132
290,2022-01-22,UFC 270: Ngannou vs. Gane,48.28694418861325,63.3248730964467,39.425334424370426,56.99278865918344,71.72947255642126,4.224806201550388,1.0,Standard,Very Low,Acceleration Only,,,42.248062015503876
291,2010-02-06,UFC 109: Relentless,48.25161023687825,63.1979695431472,29.809418920400674,70.01949223371182,54.740888550538905,,0.88,Standard,None,No Evidence,,,
292,2016-08-27,UFC on FOX: Maia vs. Condit,48.23323096885986,63.07106598984772,32.06725663727007,77.03183200672974,64.21877574879151,5.5813953488372094,1.0,Standard,Very Low,Acceleration Only,,,55.81395348837209
293,2023-12-02,UFC Fight Night: Dariush vs. Tsarukyan,48.22041725434925,62.944162436548226,48.565916421490265,79.70944107191696,39.17506972340938,7.906976744186046,1.0,Standard,Very Low,Acceleration Only,,,79.06976744186046
294,2023-11-04,UFC Fight Night: Almeida vs. Lewis,48.12487777332297,62.817258883248726,51.376849995346795,49.89737644827226,62.921844497799626,0.1744186046511628,1.0,Standard,Very Low,Acceleration Only,,,1.744186046511628
295,2008-04-19,UFC 83: Serra vs St-Pierre 2,48.09165741585244,62.69035532994924,50.54417558547521,53.00257552426217,40.8168613883715,,0.88,Standard,None,No Evidence,,,
296,2008-05-24,UFC 84: Ill Will,47.942072262050544,62.56345177664975,39.07190086750102,61.68694782340136,48.3729366794528,,0.88,Standard,None,No Evidence,,,
297,2014-11-22,UFC Fight Night: Edgar vs Swanson,47.92969249018649,62.43654822335025,39.198062664877874,54.67226079032096,71.85439708168919,6.104651162790698,1.0,Standard,Very Low,Acceleration Only,,,61.04651162790697
298,2020-07-25,UFC Fight Night: Whittaker vs. Till,47.89733680804805,62.30964467005076,38.03977662763194,78.79478294571057,52.82327518831932,7.577519379844961,1.0,Standard,Very Low,Acceleration Only,,,75.7751937984496
299,2024-06-22,UFC Fight Night: Whittaker vs. Aliskerov,47.82580002720221,62.182741116751274,42.785699427701594,71.8696917737689,53.180869736909315,4.786821705426357,1.0,Standard,Very Low,Acceleration Only,,,47.86821705426357
300,2013-04-20,UFC on FOX: Henderson vs Melendez,47.73980479142981,62.055837563451774,59.16376134559033,44.91126394754905,34.96730646661975,,0.88,Standard,None,No Evidence,,,
301,2026-07-18,UFC Fight Night: Du Plessis vs. Usman,47.62550937245691,61.92893401015228,26.85481345093201,66.03474744673453,68.89976484743474,26.74418604651163,1.0,Standard,Low,Substantive + Acceleration,,25.0,42.44186046511628
302,2011-10-29,UFC 137: Penn vs Diaz,47.471631499452734,61.8020304568528,33.81216984113674,61.72071959031016,53.81702633045169,,0.88,Standard,None,No Evidence,,,
303,2018-02-24,UFC Fight Night: Emmett vs. Stephens,47.442118720223476,61.6751269035533,57.15710019890542,64.27161686600016,40.830178571452045,0.6589147286821707,1.0,Standard,Very Low,Acceleration Only,,,6.5891472868217065
304,2014-10-25,UFC 179: Aldo vs Mendes 2,47.31289919334573,61.54822335025381,54.46268738002285,39.89187640922776,61.8789577583422,5.503875968992248,1.0,Standard,Very Low,Acceleration Only,,,55.03875968992248
305,2010-09-25,UFC 119: Mir vs Cro Cop,47.18673399535586,61.42131979695431,47.076558156334855,57.471096789440814,27.54889849848905,73.63636363636364,1.0,Standard,Low,Substantive Only,,81.81818181818183,
306,2021-02-06,UFC Fight Night: Overeem vs. Volkov,47.16352590436432,61.29441624365482,44.685603299814886,78.3720319629201,42.09171671713711,6.821705426356589,1.0,Standard,Very Low,Acceleration Only,,,68.21705426356588
307,2012-02-25,UFC 144: Edgar vs Henderson,47.015836249856065,61.16751269035533,35.89116892263554,64.21654956231237,47.5871321398798,,0.88,Standard,None,No Evidence,,,
308,2020-02-15,UFC Fight Night: Anderson vs. Blachowicz,46.791658986422036,61.04060913705583,44.63393734418283,58.73917415675675,39.82890369517748,,0.88,Standard,None,No Evidence,,,
309,2025-10-11,UFC Fight Night: Oliveira vs. Gamrot,46.739725554932704,60.913705583756354,35.01523934914687,74.78549371035821,57.85608040047648,3.1976744186046515,1.0,Standard,Very Low,Acceleration Only,,,31.976744186046513
310,2016-11-05,UFC Fight Night: Dos Anjos vs. Ferguson,46.68013063043723,60.786802030456855,41.728275301084,53.20613885041672,66.88870795996125,2.2868217054263567,1.0,Standard,Very Low,Acceleration Only,,,22.868217054263564
311,2010-07-03,UFC 116: Lesnar vs Carwin,46.42269543367018,60.659898477157356,56.69198355637286,38.42726584350666,37.32040245662599,51.32231404958678,1.0,Strong,Moderate,Substantive Only,36.36363636363637,81.81818181818183,
312,2006-07-08,UFC 61: Bitter Rivals,46.37481272897171,60.53299492385786,40.52982435771961,63.47274989964338,40.053813257931694,,0.88,Standard,None,No Evidence,,,
313,2016-03-19,UFC Fight Night: Hunt vs Mir,46.17386864110192,60.40609137055838,34.05957494873025,43.53308640051545,50.280951268135375,79.00458069062721,1.0,Standard,Low,Substantive + Acceleration,,81.81818181818183,53.68217054263565
314,2010-05-29,UFC 114: Rampage vs Evans,46.09047285597344,60.27918781725889,34.93477447609956,50.92677675007394,56.85925323065279,,0.88,Standard,None,No Evidence,,,
315,2025-02-22,UFC Fight Night: Cejudo vs. Song,45.869119599306856,60.15228426395939,45.99080878344281,58.59542888625626,51.4409952940652,8.10077519379845,1.0,Standard,Very Low,Acceleration Only,,,81.0077519379845
316,2019-05-18,UFC Fight Night: Dos Anjos vs. Lee,45.85264005884251,60.0253807106599,51.7330815034558,50.259352463070286,51.61338870020605,5.833333333333334,1.0,Standard,Very Low,Acceleration Only,,,58.333333333333336
317,2025-11-22,UFC Fight Night: Tsarukyan vs. Hooker,45.68305249192626,59.89847715736041,48.21922677135922,51.483720652429895,54.620378900994396,5.891472868217055,1.0,Standard,Very Low,Acceleration Only,,,58.91472868217055
318,2017-07-22,UFC Fight Night: Weidman vs. Gastelum,45.6074996749793,59.77157360406091,56.62540496722945,46.67043905521538,47.83568527735959,4.399224806201551,1.0,Standard,Very Low,Acceleration Only,,,43.992248062015506
319,2008-08-09,UFC 87: Seek And Destroy,45.60260666817676,59.64467005076142,44.47317087053251,36.48446649674234,54.5849762558849,,0.88,Standard,None,No Evidence,,,
320,2004-04-02,UFC 47: It's On!,45.48598555827692,59.517766497461935,21.46964634704816,72.71619668764617,54.85418894541874,,0.88,Standard,None,No Evidence,,,
321,2024-07-13,UFC Fight Night: Namajunas vs. Cortez,45.348757900287254,59.390862944162436,51.4776083414035,47.685355553049696,52.6395078555615,4.96124031007752,1.0,Standard,Very Low,Acceleration Only,,,49.6124031007752
322,2011-07-02,UFC 132: Cruz vs Faber,45.200000013281276,59.263959390862944,60.80323943392625,73.26834503794255,1.525293080028673,,0.88,Standard,None,No Evidence,,,
323,2021-07-24,UFC Fight Night: Sandhagen vs. Dillashaw,45.11539532287501,59.13705583756346,41.183469216962,38.334525236506096,55.88115524806308,,0.88,Standard,None,No Evidence,,,
324,2017-04-22,UFC Fight Night: Swanson vs. Lobov,45.042647618022116,59.01015228426396,55.861443771905016,73.11377544696059,23.229488205440354,8.779069767441861,1.0,Standard,Very Low,Acceleration Only,,,87.79069767441861
325,2019-02-02,UFC Fight Night: Assuncao vs. Moraes 2,44.86076129109617,58.88324873096447,46.734298171212835,70.17317712216101,36.64097424210687,9.748062015503876,1.0,Standard,Very Low,Acceleration Only,,,97.48062015503875
326,2022-05-14,UFC Fight Night: Blachowicz vs. Rakic,44.750518378648174,58.75634517766497,39.260379550429555,46.81821359755836,50.30688075754653,,0.88,Standard,None,No Evidence,,,
327,2016-02-06,UFC Fight Night: Hendricks vs Thompson,44.65819020824177,58.629441624365484,46.526201529476914,48.23735793890404,56.05505337247985,5.445736434108527,1.0,Standard,Very Low,Acceleration Only,,,54.45736434108527
328,2020-01-25,UFC Fight Night: Blaydes vs. Dos Santos,44.52661628094239,58.50253807106599,33.00850703770695,68.75501017319637,54.89967628718382,9.39922480620155,1.0,Standard,Very Low,Acceleration Only,,,93.9922480620155
329,2014-06-14,UFC 174: Johnson vs Bagautinov,44.480270420434834,58.37563451776649,45.93046322997028,44.98270310327555,57.800583421800276,7.965116279069767,1.0,Standard,Very Low,Acceleration Only,,,79.65116279069767
330,2009-10-24,UFC 104: Machida vs Shogun,44.44668927635956,58.24873096446701,62.25632543164295,28.032256932304648,34.39581092520877,,0.88,Standard,None,No Evidence,,,
331,2006-05-27,UFC 60: Hughes vs Gracie,44.420073830744634,58.121827411167516,37.861538064616,45.12724788992443,52.505817401659776,,0.88,Standard,None,No Evidence,,,
332,2025-10-18,UFC Fight Night: De Ridder vs. Allen,44.35048994196593,57.99492385786802,55.421722422223105,50.57993716405116,43.51959179522421,0.2131782945736434,1.0,Standard,Very Low,Acceleration Only,,,2.131782945736434
333,2023-08-05,UFC Fight Night: Sandhagen vs. Font,44.16070052690578,57.868020304568525,52.37121001658875,55.49778553359348,39.63547112672608,7.674418604651163,1.0,Standard,Very Low,Acceleration Only,,,76.74418604651163
334,2014-03-15,UFC 171: Hendricks vs Lawler,43.997928666193864,57.74111675126904,60.31034036303572,44.71955335781158,39.65922215628583,2.441860465116279,1.0,Standard,Very Low,Acceleration Only,,,24.418604651162788
335,2023-09-16,UFC Fight Night: Grasso vs. Shevchenko 2,43.986995930486465,57.61421319796954,40.67107352264932,47.4463403020033,62.352137847072655,4.728682170542636,1.0,Standard,Very Low,Acceleration Only,,,47.286821705426355
336,1995-12-16,UFC - Ultimate Ultimate '95,43.95689330821952,57.48730964467005,59.76352724153278,32.27272727272727,32.66726342549562,,0.88,Standard,None,No Evidence,,,
337,2004-06-19,UFC 48: Payback,43.947868468162945,57.360406091370564,38.04274046269965,80.20374208514765,21.96946286143058,,0.88,Standard,None,No Evidence,,,
338,2015-07-15,UFC Fight Night: Mir vs Duffee,43.8971424229585,57.233502538071065,47.57161389346275,27.189353019032826,37.18823998507908,80.24489076814659,1.0,Standard,Low,Substantive + Acceleration,,81.81818181818183,66.08527131782945
339,2007-12-29,UFC 79: Nemesis,43.85633530766679,57.10659898477157,25.029643757999544,59.804715113160974,55.63400858664256,,0.88,Standard,None,No Evidence,,,
340,2018-02-03,UFC Fight Night: Machida vs. Anders,43.80233570497518,56.97969543147208,44.420108081868186,56.05311583810505,51.27169435984642,0.9883720930232558,1.0,Standard,Very Low,Acceleration Only,,,9.883720930232558
341,2019-11-16,UFC Fight Night: Blachowicz vs. Jacare,43.7346988568006,56.852791878172596,34.24762479118157,73.99879312520984,31.41139786588959,,0.88,Standard,None,No Evidence,,,
342,2009-05-23,UFC 98: Evans vs Machida,43.661923333630405,56.7258883248731,30.30318783400623,60.88222330001389,47.16929170003305,,0.88,Standard,None,No Evidence,,,
343,2026-05-02,UFC Fight Night: Della Maddalena vs. Prates,43.53277848237384,56.598984771573605,46.479745860411775,50.42724467491084,49.91621829468899,6.337209302325582,1.0,Standard,Very Low,Acceleration Only,,,63.372093023255815
344,2008-01-19,UFC 80: Rapid Fire,43.42672340327999,56.47208121827412,44.49782595731714,42.30573995391673,42.932145718850734,,0.88,Standard,None,No Evidence,,,
345,2021-04-17,UFC Fight Night: Whittaker vs. Gastelum,43.423714837397334,56.34517766497462,29.36484222556598,67.6413503855112,59.74685572148046,2.2674418604651163,1.0,Standard,Very Low,Acceleration Only,,,22.674418604651162
346,2011-12-30,UFC 141: Lesnar vs Overeem,43.25515291409338,56.21827411167513,50.17797134914441,48.57567032371373,16.716198943186257,73.63636363636364,1.0,Standard,Low,Substantive Only,,81.81818181818183,
347,2005-11-19,UFC 56: Full Force,43.2418592379049,56.09137055837563,33.90270150476003,63.74850259550113,38.73814634153514,,0.88,Standard,None,No Evidence,,,
348,2019-08-03,UFC Fight Night: Covington vs. Lawler,43.0863224038178,55.964467005076145,38.51273692579348,52.39910431945816,57.93580375044435,4.689922480620155,1.0,Standard,Very Low,Acceleration Only,,,46.89922480620155
349,2006-10-14,UFC 64: Unstoppable,43.047391004443014,55.83756345177665,52.924723581152136,26.75300946723517,43.37987207649811,,0.88,Standard,None,No Evidence,,,
350,2001-02-23,UFC 30: Battle on the Boardwalk,42.98040436351436,55.710659898477154,39.201353977375014,47.42346599228004,44.324491750140965,,0.88,Standard,None,No Evidence,,,
351,2020-09-19,UFC Fight Night: Covington vs. Woodley,42.931533321268226,55.58375634517766,38.423691262474975,60.29066265243706,51.94022850464737,2.5387596899224807,1.0,Standard,Very Low,Acceleration Only,,,25.387596899224807
352,2016-05-08,UFC Fight Night: Overeem vs Arlovski,42.901378136085235,55.45685279187818,55.02369257934794,41.711673855603024,44.83420734903033,3.294573643410853,1.0,Standard,Very Low,Acceleration Only,,,32.945736434108525
353,2020-10-17,UFC Fight Night: Ortega vs. The Korean Zombie,42.83944241821839,55.32994923857868,37.93788982127078,58.05046086540151,52.05026071164051,7.306201550387597,1.0,Standard,Very Low,Acceleration Only,,,73.06201550387597
354,2025-06-21,UFC Fight Night: Hill vs. Rountree Jr.,42.830723664069964,55.203045685279186,42.11182606818745,50.03431439976341,42.440414900040366,32.15116279069767,1.0,Standard,Low,Substantive + Acceleration,,33.33333333333333,21.511627906976745
355,2020-10-31,UFC Fight Night: Hall vs. Silva,42.77223033706508,55.0761421319797,23.448402690690116,72.85876748949299,60.08044910413896,4.302325581395349,1.0,Standard,Very Low,Acceleration Only,,,43.02325581395349
356,2022-12-17,UFC Fight Night: Cannonier vs. Strickland,42.72889739432576,54.9492385786802,64.67281331517508,32.54658975775058,37.19371722652983,7.5,1.0,Standard,Very Low,Acceleration Only,,,75.0
357,2013-07-27,UFC on FOX: Johnson vs Moraga,42.702778668945605,54.82233502538071,41.72817687744269,41.15877025959531,45.25893794396933,,0.88,Standard,None,No Evidence,,,
358,2017-06-25,UFC Fight Night: Chiesa vs. Lee,42.70110807156087,54.69543147208121,39.44278555564667,79.8129378502915,34.29094464679364,1.24031007751938,1.0,Standard,Very Low,Acceleration Only,,,12.4031007751938
359,2022-03-12,UFC Fight Night: Santos vs. Ankalaev,42.55958069183602,54.568527918781726,49.15442109189731,33.53549757243522,55.41935707520583,9.515503875968994,1.0,Standard,Very Low,Acceleration Only,,,95.15503875968993
360,2011-11-19,UFC 139: Shogun vs Henderson,42.483107226237045,54.441624365482234,42.351279355517,47.02442873613402,38.926937100844604,,0.88,Standard,None,No Evidence,,,
361,2019-09-14,UFC Fight Night: Cowboy vs. Gaethje,42.45453556487483,54.314720812182735,38.40038961778895,56.16311794313564,54.48850448612821,0.6007751937984497,1.0,Standard,Very Low,Acceleration Only,,,6.007751937984496
362,2009-06-13,UFC 99: The Comeback,42.379958545001415,54.18781725888325,50.70427440837467,40.27485594364472,33.10916114808691,,0.88,Standard,None,No Evidence,,,
363,2015-02-22,UFC Fight Night: Bigfoot vs Mir,42.34941676108196,54.06091370558376,39.35106909736075,32.91733493840371,37.53599107002207,80.90380549682875,1.0,Standard,Low,Substantive + Acceleration,,81.81818181818183,72.67441860465115
364,2020-06-20,UFC Fight Night: Blaydes vs. Volkov,42.34826713434342,53.93401015228426,51.40778537596839,52.739044338003545,36.178444596532835,8.895348837209303,1.0,Standard,Very Low,Acceleration Only,,,88.95348837209302
365,2023-05-13,UFC Fight Night: Rozenstruik vs. Almeida,42.29849332929941,53.80710659898477,54.867399147495604,50.99925438520527,32.76679957255312,9.108527131782946,1.0,Standard,Very Low,Acceleration Only,,,91.08527131782945
366,2026-05-30,UFC Fight Night: Song vs. Figueiredo,42.10673623098176,53.68020304568528,27.753463107132188,63.65143659466184,57.7507767422373,8.565891472868216,1.0,Standard,Very Low,Acceleration Only,,,85.65891472868216
367,2009-09-19,UFC 103: Franklin vs Belfort,42.058879314404784,53.55329949238579,33.23292848896084,53.18326740966496,44.58385268406344,,0.88,Standard,None,No Evidence,,,
368,2013-08-03,UFC 163: Aldo vs Jung,42.029391280880645,53.42639593908629,33.28680141246752,41.7633869343719,53.80060289163016,,0.88,Standard,None,No Evidence,,,
369,2018-12-01,UFC Fight Night: Dos Santos vs. Tuivasa,41.968025270552126,53.299492385786806,29.05833764484451,68.98203533029816,51.517824359436574,7.713178294573644,1.0,Standard,Very Low,Acceleration Only,,,77.13178294573643
370,2024-01-13,UFC Fight Night: Ankalaev vs. Walker 2,41.77307421327345,53.172588832487314,45.073274669906404,62.25055974516613,38.219963064190594,0.6395348837209304,1.0,Standard,Very Low,Acceleration Only,,,6.395348837209303
371,2014-06-07,UFC Fight Night: Henderson vs Khabilov,41.72991104661784,53.045685279187815,34.47227592734731,64.2219057114019,47.24897155437765,8.12015503875969,1.0,Standard,Very Low,Acceleration Only,,,81.2015503875969
372,2023-03-25,UFC Fight Night: Vera vs. Sandhagen,41.68988713199781,52.91878172588832,35.96582735787831,57.4555076811018,51.52108492076119,6.182170542635659,1.0,Standard,Very Low,Acceleration Only,,,61.82170542635659
373,2018-05-19,UFC Fight Night: Maia vs. Usman,41.61223924217766,52.79187817258884,49.69352930092244,24.460003244674343,59.58411994569219,7.635658914728683,1.0,Standard,Very Low,Acceleration Only,,,76.35658914728683
374,2014-12-13,UFC on FOX: Dos Santos vs Miocic,41.538642350119105,52.66497461928934,33.76288817421976,65.2827581504523,47.628537549444516,5.794573643410853,1.0,Standard,Very Low,Acceleration Only,,,57.94573643410853
375,2022-03-26,UFC Fight Night: Blaydes vs. Daukaus,41.48581131044198,52.53807106598985,62.97282976264959,40.103054515384194,30.570843494028285,3.352713178294574,1.0,Standard,Very Low,Acceleration Only,,,33.52713178294574
376,2018-04-14,UFC Fight Night: Poirier vs. Gaethje,41.36394733675619,52.41116751269036,50.44256136090488,53.019292359088524,34.00729092999451,8.197674418604652,1.0,Standard,Very Low,Acceleration Only,,,81.97674418604652
377,2012-01-14,UFC 142: Aldo vs Mendes,41.2734902893251,52.28426395939086,44.529656657979544,51.23473479854268,28.788248169603012,,0.88,Standard,None,No Evidence,,,
378,2019-03-23,UFC Fight Night: Thompson vs. Pettis,41.23602255752391,52.15736040609137,43.74697944664613,44.07322951752533,50.62710025324441,6.1434108527131785,1.0,Standard,Very Low,Acceleration Only,,,61.434108527131784
379,2021-06-26,UFC Fight Night: Gane vs. Volkov,41.21044855442566,52.03045685279187,50.39045830327177,38.66833245330943,45.08366181661289,8.74031007751938,1.0,Standard,Very Low,Acceleration Only,,,87.40310077519379
380,2024-02-24,UFC Fight Night: Moreno vs. Royval 2,40.98070193807652,51.90355329949239,32.7892092972613,66.59698305666649,47.553961876032496,1.8023255813953487,1.0,Standard,Very Low,Acceleration Only,,,18.023255813953487
381,2016-01-30,UFC on FOX: Johnson vs. Bader,40.9732904052568,51.776649746192895,48.384243046833994,34.4935861891208,51.20569876582298,6.666666666666666,1.0,Standard,Very Low,Acceleration Only,,,66.66666666666666
382,2020-08-08,UFC Fight Night: Lewis vs. Oleinik,40.962657028730234,51.649746192893396,35.94375303495065,56.82528247849194,50.1849748951038,4.515503875968992,1.0,Standard,Very Low,Acceleration Only,,,45.15503875968992
383,2015-05-16,UFC Fight Night: Edgar vs Faber,40.937058125012165,51.52284263959391,21.80839329520468,62.36960820283618,65.15668911318659,2.3255813953488373,1.0,Standard,Very Low,Acceleration Only,,,23.25581395348837
384,2006-09-23,UFC 63: Hughes vs Penn,40.91596921343152,51.39593908629442,30.001618551438618,46.17045553635316,51.02231882295077,,0.88,Standard,None,No Evidence,,,
385,2017-01-28,UFC on FOX: Shevchenko vs. Pena,40.81935989998402,51.26903553299492,47.71079479157164,60.678096331305795,31.100278891095833,4.186046511627907,1.0,Standard,Very Low,Acceleration Only,,,41.86046511627907
386,2022-03-19,UFC Fight Night: Volkov vs. Aspinall,40.7656579012136,51.14213197969543,60.95337570976765,27.829287703939514,38.31589923736044,9.031007751937985,1.0,Standard,Very Low,Acceleration Only,,,90.31007751937985
387,2023-03-11,UFC Fight Night: Yan vs. Dvalishvili,40.699540644026584,51.01522842639594,46.060371061782,40.70820790852031,47.87006377781775,7.4224806201550395,1.0,Standard,Very Low,Acceleration Only,,,74.2248062015504
388,2002-09-27,UFC 39: The Warriors Return,40.654987417938,50.888324873096444,49.58138557779972,75.78815766956323,0.0,,0.88,Standard,None,No Evidence,,,
389,2016-05-29,UFC Fight Night: Almeida vs Garbrandt,40.65283510165885,50.76142131979695,50.84888625565487,54.497688994909595,30.256144923937363,6.937984496124031,1.0,Standard,Very Low,Acceleration Only,,,69.37984496124031
390,2017-05-28,UFC Fight Night: Gustafsson vs. Teixeira,40.635067219580066,50.63451776649747,47.97147795224489,29.586343480294058,54.17547667787527,7.596899224806203,1.0,Standard,Very Low,Acceleration Only,,,75.96899224806202
391,2022-10-29,UFC Fight Night: Kattar vs. Allen,40.63018342003688,50.50761421319797,40.919821172491474,43.563007919402985,51.00709168474675,9.9031007751938,1.0,Standard,Very Low,Acceleration Only,,,99.03100775193798
392,2023-12-09,UFC Fight Night: Song vs. Gutierrez,40.57513845971902,50.380710659898476,53.4437702157276,48.32003322286645,31.283674506772638,7.732558139534885,1.0,Standard,Very Low,Acceleration Only,,,77.32558139534885
393,2026-04-25,UFC Fight Night: Sterling vs. Zalal,40.558186451206595,50.25380710659898,47.7546085562496,36.067200722620655,48.24099502701281,9.050387596899226,1.0,Standard,Very Low,Acceleration Only,,,90.50387596899225
394,2020-05-16,UFC Fight Night: Overeem vs. Harris,40.54657437131762,50.1269035532995,51.04387425253063,51.61622635192867,31.3629717598273,8.391472868217056,1.0,Standard,Very Low,Acceleration Only,,,83.91472868217055
395,2025-02-15,UFC Fight Night: Cannonier vs. Rodrigues,40.32309622132579,50.0,48.75053999469872,43.21069062817534,39.89354783128721,9.806201550387598,1.0,Standard,Very Low,Acceleration Only,,,98.06201550387597
396,2019-10-12,UFC Fight Night: Joanna vs. Waterson,40.20905065179751,49.87309644670051,45.92508578486703,46.64525884275719,41.44513731189285,7.364341085271318,1.0,Standard,Very Low,Acceleration Only,,,73.64341085271317
397,2020-05-30,UFC Fight Night: Woodley vs. Burns,40.1416005579319,49.746192893401016,40.75814305478898,36.115212033677594,57.37934559603885,5.736434108527132,1.0,Standard,Very Low,Acceleration Only,,,57.36434108527132
398,2023-04-22,UFC Fight Night: Pavlovich vs. Blaydes,40.122458925301466,49.619289340101524,50.982903322481995,25.786877931724728,51.80195342047481,6.86046511627907,1.0,Standard,Very Low,Acceleration Only,,,68.6046511627907
399,2019-02-23,UFC Fight Night: Blachowicz vs. Santos,40.07021076951965,49.49238578680203,40.78537218669097,37.77925301763277,41.00703419302177,,0.88,Standard,None,No Evidence,,,
400,2019-04-27,UFC Fight Night: Jacare vs. Hermansson,40.050700730515146,49.36548223350254,41.82524878916795,68.70512467340733,30.618500012997554,1.6666666666666665,1.0,Standard,Very Low,Acceleration Only,,,16.666666666666664
401,2019-12-07,UFC Fight Night: Overeem vs. Rozenstruik,39.953789366457386,49.23857868020304,50.353494965475655,47.66632756306365,33.83462277892444,7.383720930232558,1.0,Standard,Very Low,Acceleration Only,,,73.83720930232558
402,2024-03-30,UFC Fight Night: Blanchfield vs. Fiorot,39.88025751793288,49.111675126903556,45.3953163359204,45.08999071989239,41.17704170655186,9.864341085271318,1.0,Standard,Very Low,Acceleration Only,,,98.64341085271317
403,2009-03-07,UFC 96: Jackson vs Jardine,39.73482765995938,48.984771573604064,50.40106037835641,32.530672880452855,31.557861565243645,,0.88,Standard,None,No Evidence,,,
404,2019-10-18,UFC Fight Night: Reyes vs. Weidman,39.680771370133556,48.857868020304565,29.145423355843793,58.64712995948289,52.13865182931748,6.744186046511628,1.0,Standard,Very Low,Acceleration Only,,,67.44186046511628
405,2015-02-28,UFC 184: Rousey vs Zingano,39.616197288499926,48.73096446700508,40.3445828992455,41.89634125273631,52.43848459210452,3.0813953488372094,1.0,Standard,Very Low,Acceleration Only,,,30.813953488372093
406,2016-07-07,UFC Fight Night: Dos Anjos vs. Alvarez,39.605350210112874,48.60406091370558,51.593662143976246,30.011048100258005,47.26458709407306,3.158914728682171,1.0,Standard,Very Low,Acceleration Only,,,31.589147286821706
407,2022-05-21,UFC Fight Night: Holm vs. Vieira,39.20700860392574,48.47715736040609,38.39268504714175,40.01611841151069,44.54891073367828,27.70260747004933,1.0,Standard,Low,Substantive + Acceleration,,22.727272727272727,72.48062015503875
408,2013-08-28,UFC Fight Night: Condit vs Kampmann 2,39.1293381303187,48.3502538071066,44.23397663153265,25.344948183461707,43.706814710061394,,0.88,Standard,None,No Evidence,,,
409,2016-06-18,UFC Fight Night: MacDonald vs Thompson,39.09948580178334,48.223350253807105,40.91845947594138,41.04555570097563,50.89905758569825,2.228682170542636,1.0,Standard,Very Low,Acceleration Only,,,22.28682170542636
410,2008-04-02,UFC Fight Night: Florian vs Lauzon,39.03869257844541,48.09644670050762,54.37931746205794,16.721404612426934,37.099210525758316,,0.88,Standard,None,No Evidence,,,
411,2021-09-04,UFC Fight Night: Brunson vs. Till,38.991509932510766,47.96954314720812,45.153738295187786,36.25723724542226,46.74874372627069,7.131782945736434,1.0,Standard,Very Low,Acceleration Only,,,71.31782945736434
412,2023-10-14,UFC Fight Night: Yusuff vs. Barboza,38.912428934387506,47.84263959390863,52.327489450427066,31.327486969705266,39.83183063886901,9.94186046511628,1.0,Standard,Very Low,Acceleration Only,,,99.4186046511628
413,2015-08-23,UFC Fight Night: Holloway vs Oliveira,38.8008724536859,47.71573604060914,49.869254959351245,30.277579171387003,45.08076504154467,6.356589147286822,1.0,Standard,Very Low,Acceleration Only,,,63.565891472868216
414,2022-09-03,UFC Fight Night: Gane vs. Tuivasa,38.79785325561304,47.588832487309645,30.546865665751074,54.579644299441036,50.26697467838784,7.228682170542635,1.0,Standard,Very Low,Acceleration Only,,,72.28682170542635
415,2025-08-09,UFC Fight Night: Dolidze vs. Hernandez,38.7559647225783,47.46192893401015,47.51121060092714,37.761028869321386,40.61848396117336,9.321705426356589,1.0,Standard,Very Low,Acceleration Only,,,93.21705426356588
416,2014-12-20,UFC Fight Night: Machida vs Dollaway,38.715985046960725,47.33502538071066,31.723249395927724,53.90887673374817,51.7036269296787,0.8527131782945736,1.0,Standard,Very Low,Acceleration Only,,,8.527131782945736
417,2013-02-16,UFC on FUEL TV: Barao vs McDonald,38.663298919607506,47.20812182741117,51.07806203690641,13.435400922523522,42.980992440781506,,0.88,Standard,None,No Evidence,,,
418,2026-03-14,UFC Fight Night: Emmett vs. Vallejos,38.6526223905169,47.08121827411168,53.27215786565531,40.29392948407047,33.12257213888654,3.333333333333333,1.0,Standard,Very Low,Acceleration Only,,,33.33333333333333
419,2026-08-22,UFC Fight Night: Hernandez vs. Rodrigues,38.543341394391206,46.954314720812185,47.33464116478834,38.235599126964026,39.71091890875126,9.30232558139535,1.0,Standard,Very Low,Acceleration Only,,,93.02325581395348
420,2012-02-15,UFC on FUEL TV: Sanchez vs Ellenberger,38.464096359997725,46.827411167512686,36.286176381426614,26.438838374098594,51.21995253438384,,0.88,Standard,None,No Evidence,,,
421,2023-02-18,UFC Fight Night: Andrade vs. Blanchfield,38.44832800184912,46.7005076142132,22.977772355434993,57.83877393611607,58.71065379371708,1.7054263565891472,1.0,Standard,Very Low,Acceleration Only,,,17.05426356589147
422,2019-10-05,UFC 243: Whittaker vs. Adesanya,38.375559353963325,46.5736040609137,28.512694363672733,33.772259753960185,69.98375713685411,3.856589147286822,1.0,Standard,Very Low,Acceleration Only,,,38.565891472868216
423,2000-11-17,UFC 28: High Stakes,38.37253916240517,46.44670050761421,16.48458412784197,60.55660664372232,49.073281455567425,,0.88,Standard,None,No Evidence,,,
424,2012-06-22,UFC on FX: Maynard vs Guida,38.33199466914954,46.31979695431472,36.696895619811784,32.007695835067295,45.6876210266277,,0.88,Standard,None,No Evidence,,,
425,2025-09-06,UFC Fight Night: Imavov vs. Borralho,38.32778043613929,46.192893401015226,47.51389953649143,27.821509966356768,49.57588733896534,3.895348837209303,1.0,Standard,Very Low,Acceleration Only,,,38.95348837209303
426,2021-02-27,UFC Fight Night: Rozenstruik vs. Gane,38.18522592459411,46.06598984771574,59.36121093878376,27.936324175205566,31.45661151401277,8.236434108527133,1.0,Standard,Very Low,Acceleration Only,,,82.36434108527132
427,2006-03-04,UFC 58: USA vs Canada,38.17310219833678,45.93908629441624,44.589786689778,29.429496808706176,36.87615926184317,,0.88,Standard,None,No Evidence,,,
428,2025-09-13,UFC Fight Night: Lopes vs. Silva,38.14278456251558,45.81218274111675,39.89633234372058,53.16411777528757,37.66577772441706,5.058139534883722,1.0,Standard,Very Low,Acceleration Only,,,50.58139534883721
429,2019-05-04,UFC Fight Night: Iaquinta vs. Cowboy,38.0622453686747,45.68527918781726,28.40204530718691,47.154869923745565,57.926772962610016,4.069767441860465,1.0,Standard,Very Low,Acceleration Only,,,40.69767441860465
430,2012-08-04,UFC on FOX: Shogun vs Vera,37.97698030437324,45.558375634517766,26.28711162997697,64.23341408296363,31.856521877411907,,0.88,Standard,None,No Evidence,,,
431,2007-09-22,UFC 76: Knockout,37.93464760739823,45.431472081218274,27.13654306335825,46.28108802062806,45.347566844012256,,0.88,Standard,None,No Evidence,,,
432,2013-11-09,UFC Fight Night: Belfort vs Henderson 2,37.921403836944,45.30456852791878,24.792201670301697,47.837387207709845,47.12543464544938,,0.88,Standard,None,No Evidence,,,
433,2011-11-12,UFC on FOX: Velasquez vs Dos Santos,37.81077479961635,45.17766497461929,39.302665384816024,22.43817847534451,48.466837792682924,,0.88,Standard,None,No Evidence,,,
434,2020-07-18,UFC Fight Night: Figueiredo vs. Benavidez 2,37.80193802425368,45.0507614213198,43.603430941781035,29.586343480294058,49.13154582550362,9.224806201550388,1.0,Standard,Very Low,Acceleration Only,,,92.24806201550388
435,2014-01-25,UFC on FOX: Henderson vs Thomson,37.788856664031755,44.923857868020306,38.1496748590754,43.071890934874574,48.162666793983895,2.3449612403100777,1.0,Standard,Very Low,Acceleration Only,,,23.449612403100776
436,2020-09-05,UFC Fight Night: Overeem vs. Sakai,37.78279081250691,44.79695431472081,36.75953596468354,52.374225216592784,40.66733391591191,6.24031007751938,1.0,Standard,Very Low,Acceleration Only,,,62.4031007751938
437,2007-09-08,UFC 75: Champion vs Champion,37.66465838523381,44.67005076142132,64.17077921423959,8.300491113188658,26.75927897751325,,0.88,Standard,None,No Evidence,,,
438,2018-12-15,UFC Fight Night: Lee vs. Iaquinta,37.6567144236812,44.54314720812182,46.895608773859976,46.65805939907989,32.647954914391946,3.6046511627906974,1.0,Standard,Very Low,Acceleration Only,,,36.04651162790697
439,2025-04-26,UFC Fight Night: Machado Garry vs. Prates,37.53061889329362,44.41624365482234,48.31281785397161,45.04045126220357,30.507443303300988,6.279069767441861,1.0,Standard,Very Low,Acceleration Only,,,62.7906976744186
440,2017-01-15,UFC Fight Night: Rodriguez vs. Penn,37.47713947128936,44.289340101522846,12.909042240984526,64.11716715388864,62.2687169484568,4.32170542635659,1.0,Standard,Very Low,Acceleration Only,,,43.21705426356589
441,2014-04-11,UFC Fight Night: Minotauro vs Nelson,37.41845968981736,44.16243654822335,43.07295222799547,52.30094956600583,32.86932769991203,2.0736434108527133,1.0,Standard,Very Low,Acceleration Only,,,20.73643410852713
442,2017-06-10,UFC Fight Night: Lewis vs. Hunt,37.19393302354003,44.03553299492386,39.35252773572487,39.08180165124581,48.1662280237556,1.3178294573643414,1.0,Standard,Very Low,Acceleration Only,,,13.178294573643413
443,2013-03-02,UFC on FUEL TV: Silva vs. Stann,36.924372079341374,43.90862944162436,42.564646080602145,46.98561093388518,21.206563804300085,,0.88,Standard,None,No Evidence,,,
444,2023-06-03,UFC Fight Night: Kara-France vs. Albazi,36.91812615095834,43.78172588832487,36.161301887482075,55.936794139219124,34.031413407349795,9.534883720930234,1.0,Standard,Very Low,Acceleration Only,,,95.34883720930233
445,2023-08-12,UFC Fight Night: Luque vs. Dos Anjos,36.82205491828954,43.65482233502538,24.6434939833879,51.35755855787096,52.54519253101369,9.825581395348838,1.0,Standard,Very Low,Acceleration Only,,,98.25581395348837
446,2024-10-19,UFC Fight Night: Hernandez vs. Pereira,36.80015801402755,43.52791878172589,44.73599902973722,37.406180792131686,37.39285066494044,9.786821705426357,1.0,Standard,Very Low,Acceleration Only,,,97.86821705426357
447,2022-08-13,UFC Fight Night: Vera vs. Cruz,36.796596805488,43.401015228426395,30.66833145515767,38.59966825508818,56.57556396524945,6.0852713178294575,1.0,Standard,Very Low,Acceleration Only,,,60.85271317829457
448,2020-06-27,UFC Fight Night: Poirier vs. Hooker,36.774278254916965,43.2741116751269,28.699078864642047,37.63700914612223,59.29083054566656,7.4806201550387605,1.0,Standard,Very Low,Acceleration Only,,,74.8062015503876
449,2023-09-23,UFC Fight Night: Fiziev vs. Gamrot,36.761662253576965,43.14720812182741,49.69642306206211,39.68509206670766,29.127560253045043,9.089147286821705,1.0,Standard,Very Low,Acceleration Only,,,90.89147286821705
450,2017-02-19,UFC Fight Night: Lewis vs. Browne,36.48857275721697,43.02030456852792,43.27689832036118,43.13089111296267,37.35121787177594,0.8139534883720931,1.0,Standard,Very Low,Acceleration Only,,,8.13953488372093
451,2018-09-15,UFC Fight Night: Hunt vs. Oleinik,36.46817922277327,42.89340101522843,33.620885885394735,57.88100484340651,35.24753108316696,7.054263565891474,1.0,Standard,Very Low,Acceleration Only,,,70.54263565891473
452,2024-03-16,UFC Fight Night: Tuivasa vs. Tybura,36.42372046662542,42.766497461928935,49.59784446709108,35.07941904545452,31.668008325077142,9.476744186046512,1.0,Standard,Very Low,Acceleration Only,,,94.76744186046511
453,2024-11-23,UFC Fight Night: Yan vs. Figueiredo,36.40976830322126,42.63959390862944,25.626564218557604,39.65878262706935,60.014621274048736,8.352713178294575,1.0,Standard,Very Low,Acceleration Only,,,83.52713178294574
454,2021-06-19,UFC Fight Night: Jung vs. Ige,36.22726260487094,42.51269035532995,39.66776648594409,42.14435677632617,40.08724573922042,5.271317829457366,1.0,Standard,Very Low,Acceleration Only,,,52.71317829457365
455,2007-04-07,UFC 69: Shootout,36.13224275042689,42.38578680203046,52.96082558966771,14.97873394742035,31.270569086756897,,0.88,Standard,None,No Evidence,,,
456,2023-06-24,UFC Fight Night: Emmett vs. Topuria,35.96822752774341,42.25888324873097,52.60735710815005,20.218393348774224,38.55405497366462,8.817829457364342,1.0,Standard,Very Low,Acceleration Only,,,88.17829457364341
457,1997-12-21,UFC - Ultimate Japan,35.9320840161173,42.13197969543147,30.255943467761305,39.9812230229507,40.10661984226029,,0.88,Standard,None,No Evidence,,,
458,2018-06-23,UFC Fight Night: Cowboy vs. Edwards,35.87263870886816,42.00507614213198,35.27077720306319,33.84128120533949,51.49295083553056,5.174418604651163,1.0,Standard,Very Low,Acceleration Only,,,51.74418604651163
459,2020-08-22,UFC Fight Night: Munhoz vs. Edgar,35.83947824075807,41.878172588832484,11.934194015392132,63.24069565620237,56.91644996078626,7.848837209302324,1.0,Standard,Very Low,Acceleration Only,,,78.48837209302324
460,2010-01-02,UFC 108: Evans vs Silva,35.61922418652271,41.75126903553299,36.76736176058927,35.88804316317296,33.88122680425776,,0.88,Standard,None,No Evidence,,,
461,2013-10-09,UFC Fight Night: Maia vs Shields,35.59136287670754,41.62436548223351,41.339865253565996,32.25167952680932,30.738438916132388,,0.88,Standard,None,No Evidence,,,
462,2015-04-04,UFC Fight Night: Mendes vs Lamas,35.562359826360826,41.49746192893401,32.96101898631343,54.805155787182485,36.283112103491206,5.01937984496124,1.0,Standard,Very Low,Acceleration Only,,,50.1937984496124
463,2024-06-08,UFC Fight Night: Cannonier vs. Imavov,35.53103238701074,41.370558375634516,40.17337611519559,35.83510754944337,40.229797756204725,9.670542635658917,1.0,Standard,Very Low,Acceleration Only,,,96.70542635658916
464,2021-05-08,UFC Fight Night: Rodriguez vs. Waterson,35.472369776100955,41.243654822335024,45.11009000346764,58.52688959864006,15.446796535433636,8.294573643410853,1.0,Standard,Very Low,Acceleration Only,,,82.94573643410853
465,2013-10-26,UFC Fight Night: Machida vs Munoz,35.44996060811105,41.11675126903553,31.49515644143609,36.93726752834328,39.45423542959792,,0.88,Standard,None,No Evidence,,,
466,2021-05-22,UFC Fight Night: Font vs. Garbrandt,35.43083134590237,40.98984771573604,36.976288262646044,36.92014038645522,44.127310065868876,7.51937984496124,1.0,Standard,Very Low,Acceleration Only,,,75.1937984496124
467,2022-06-18,UFC Fight Night: Kattar vs. Emmett,35.43043771835944,40.86294416243655,46.336110917867366,25.505265251245017,40.527759456094124,8.934108527131784,1.0,Standard,Very Low,Acceleration Only,,,89.34108527131784
468,2024-08-24,UFC Fight Night: Cannonier vs. Borralho,35.3687826992441,40.736040609137056,33.89561514706438,39.469632660597476,48.27439801199278,1.9379844961240313,1.0,Standard,Very Low,Acceleration Only,,,19.379844961240313
469,2021-04-10,UFC Fight Night: Vettori vs. Holland,35.337542329277134,40.609137055837564,55.00731670740911,27.9105620470523,29.843226968329777,1.744186046511628,1.0,Standard,Very Low,Acceleration Only,,,17.441860465116278
470,2006-10-10,Ortiz vs Shamrock 3: The Final Chapter,35.31590984799868,40.48223350253807,10.302085281767813,55.16207570317122,52.06768464376918,,0.88,Standard,None,No Evidence,,,
471,2008-02-02,UFC 81: Breaking Point,35.24874789466438,40.35532994923858,22.60335101875329,48.04248883224157,41.44959228196564,,0.88,Standard,None,No Evidence,,,
472,2020-08-29,UFC Fight Night: Smith vs. Rakic,35.18734502669226,40.22842639593909,30.970054116951832,62.07463970970457,30.04186780881107,8.662790697674419,1.0,Standard,Very Low,Acceleration Only,,,86.62790697674419
473,2018-08-25,UFC Fight Night: Gaethje vs. Vick,35.10270467847302,40.10152284263959,56.6697881930783,31.66716277804505,21.603964381029755,6.686046511627907,1.0,Standard,Very Low,Acceleration Only,,,66.86046511627907
474,2025-11-08,UFC Fight Night: Bonfim vs. Brown,35.054689928701,39.974619289340104,54.89077690590293,25.62203044898592,27.395143290760526,9.844961240310077,1.0,Standard,Very Low,Acceleration Only,,,98.44961240310077
475,2013-01-19,UFC on FX: Belfort vs Bisping,35.05083718943328,39.847715736040605,20.930169183237766,42.722179640800185,47.40883146971168,,0.88,Standard,None,No Evidence,,,
476,2017-06-17,UFC Fight Night: Holm vs. Correia,35.01725341688869,39.72081218274111,30.60736858759655,63.4576270653792,22.92668409264933,22.315010570824523,1.0,Standard,Low,Substantive + Acceleration,,22.727272727272727,18.6046511627907
477,2018-11-30,The Ultimate Fighter: Heavy Hitters Finale,34.9995882816589,39.59390862944163,20.12141463100375,33.17581170309793,69.2393531219622,4.4767441860465125,1.0,Standard,Very Low,Acceleration Only,,,44.76744186046512
478,2025-09-27,UFC Fight Night: Ulberg vs. Reyes,34.99683332753934,39.46700507614213,37.74661421596225,25.971689130536916,50.76039828963637,7.0348837209302335,1.0,Standard,Very Low,Acceleration Only,,,70.34883720930233
479,2015-06-27,UFC Fight Night: Machida vs Romero,34.841787731851916,39.340101522842644,15.362998910565972,43.25691505550966,68.35221510826722,0.5813953488372093,1.0,Standard,Very Low,Acceleration Only,,,5.813953488372093
480,2003-04-25,UFC 42: Sudden Impact,34.77832369104728,39.213197969543145,25.251587913986103,34.793595862409916,47.354679541401666,,0.88,Standard,None,No Evidence,,,
481,2022-08-06,UFC Fight Night: Santos vs. Hill,34.73508928125122,39.08629441624365,35.07193207377315,38.09856265940558,42.22754278227166,9.767441860465116,1.0,Standard,Very Low,Acceleration Only,,,97.67441860465115
482,2020-10-03,UFC Fight Night: Holm vs. Aldana,34.73301128800857,38.95939086294416,16.941393528786456,55.75197561349513,44.007426991566,27.663847780126847,1.0,Standard,Low,Substantive + Acceleration,,22.727272727272727,72.09302325581395
483,2024-09-07,UFC Fight Night: Burns vs. Brady,34.68840264107094,38.83248730964467,41.861517985182836,35.9405136504163,36.29841216106096,6.414728682170544,1.0,Standard,Very Low,Acceleration Only,,,64.14728682170544
484,2019-07-13,UFC Fight Night: De Randamie vs. Ladd,34.66297088844766,38.70558375634518,41.7577305433748,31.163408724431083,39.67077599447945,7.8100775193798455,1.0,Standard,Very Low,Acceleration Only,,,78.10077519379846
485,2025-05-17,UFC Fight Night: Burns vs. Morales,34.64886445079499,38.578680203045685,46.44786582500439,20.134357907495428,42.37432112983678,8.062015503875969,1.0,Standard,Very Low,Acceleration Only,,,80.62015503875969
486,2010-01-11,UFC Fight Night: Maynard vs Diaz,34.64464361317597,38.45177664974619,39.52645785899032,17.81499837210144,42.01802623637537,,0.88,Standard,None,No Evidence,,,
487,2016-09-03,UFC Fight Night: Arlovski vs. Barnett,34.55782594138502,38.3248730964467,27.740922195767023,50.92107005680581,42.293941900589125,6.162790697674419,1.0,Standard,Very Low,Acceleration Only,,,61.627906976744185
488,2014-04-19,UFC on FOX: Werdum vs Browne,34.547697597172196,38.19796954314721,41.18325748068305,30.503511117935442,40.31940574787004,8.372093023255815,1.0,Standard,Very Low,Acceleration Only,,,83.72093023255815
489,2021-10-02,UFC Fight Night: Santos vs. Walker,34.515648823252604,38.07106598984771,38.25523873562996,40.08569026403666,35.98709089739754,8.875968992248062,1.0,Standard,Very Low,Acceleration Only,,,88.75968992248062
490,2012-02-04,UFC 143: Diaz vs Condit,34.492880158051534,37.944162436548226,44.228280875112006,21.71444448758201,32.124815654107316,,0.88,Standard,None,No Evidence,,,
491,2019-03-30,UFC Fight Night: Barboza vs. Gaethje,34.485145486464766,37.81725888324873,39.38433923998847,36.938026614062615,36.764064401718336,9.360465116279071,1.0,Standard,Very Low,Acceleration Only,,,93.6046511627907
492,2018-05-27,UFC Fight Night: Thompson vs. Till,34.480316230377944,37.690355329949234,34.431203600384414,29.526607521362763,50.683970119423414,6.317829457364342,1.0,Standard,Very Low,Acceleration Only,,,63.17829457364341
493,1995-04-07,UFC 5: The Return of the Beast,34.41224436005599,37.56345177664975,42.32444739710653,11.006493506493506,43.18298569080839,,0.88,Standard,None,No Evidence,,,
494,2023-06-17,UFC Fight Night: Vettori vs. Cannonier,34.405746564073795,37.43654822335025,36.173372679040206,30.614938174900164,48.650083420422014,2.9844961240310077,1.0,Standard,Very Low,Acceleration Only,,,29.844961240310074
495,2009-01-17,UFC 93: Franklin vs Henderson,34.294348943310844,37.309644670050766,19.28080998974452,51.17787813940296,40.265055006590664,,0.88,Standard,None,No Evidence,,,
496,2018-07-22,UFC Fight Night: Shogun vs. Smith,34.26761192748683,37.18274111675127,28.226632454076835,47.24198981834678,44.094544122435366,5.096899224806202,1.0,Standard,Very Low,Acceleration Only,,,50.968992248062015
497,2000-09-22,UFC 27: Ultimate Bad Boyz,34.23191316827753,37.055837563451774,19.171176284676758,59.56898518757962,33.32100632003754,,0.88,Standard,None,No Evidence,,,
498,2023-10-07,UFC Fight Night: Dawson vs. Green,34.177068118742596,36.92893401015229,44.74618905412126,32.57896155484625,35.788715238989425,0.8914728682170543,1.0,Standard,Very Low,Acceleration Only,,,8.914728682170542
499,2026-02-07,UFC Fight Night: Bautista vs. Oliveira,34.08032968944442,36.80203045685279,50.300555040836116,23.83166494254721,31.63431724789165,9.418604651162791,1.0,Standard,Very Low,Acceleration Only,,,94.18604651162791
500,2007-06-16,UFC 72: Victory,33.84061770588992,36.6751269035533,30.36544030856752,28.87367895559268,42.51280181152438,,0.88,Standard,None,No Evidence,,,
501,2015-01-24,UFC on FOX: Gustafsson vs Johnson,33.78067248450608,36.54822335025381,32.229708177880894,42.42491623530135,42.5508171226367,1.5310077519379846,1.0,Standard,Very Low,Acceleration Only,,,15.310077519379844
502,2011-03-19,UFC 128: Shogun vs Jones,33.76066932519569,36.421319796954315,37.7982535916543,29.394794082616528,32.01154477949399,,0.88,Standard,None,No Evidence,,,
503,2023-09-02,UFC Fight Night: Gane vs. Spivac,33.72980326841006,36.29441624365482,26.618572584962493,46.9588148284054,43.567888045012445,7.344961240310077,1.0,Standard,Very Low,Acceleration Only,,,73.44961240310077
504,1997-10-17,UFC 15: Collision Course,33.67583405193093,36.16751269035533,50.87972019038108,20.99546500351771,21.358144801604073,,0.88,Standard,None,No Evidence,,,
505,2014-03-23,UFC Fight Night: Shogun vs Henderson 2,33.67201870644388,36.04060913705584,27.820931634252393,42.41497767666522,46.21940638321531,5.678294573643411,1.0,Standard,Very Low,Acceleration Only,,,56.78294573643411
506,2015-01-18,UFC Fight Night: McGregor vs Siver,33.66877230291877,35.91370558375635,30.65567632521955,44.918675692645195,41.03651960888727,4.205426356589148,1.0,Standard,Very Low,Acceleration Only,,,42.054263565891475
507,2020-12-05,UFC Fight Night: Hermansson vs. Vettori,33.66735976898128,35.786802030456855,41.95724841046139,45.16605907146982,23.726272727484865,9.263565891472869,1.0,Standard,Very Low,Acceleration Only,,,92.63565891472868
508,2026-07-25,UFC Fight Night: Ankalaev vs. Guskov,33.55441727867972,35.659898477157356,31.9019611501745,35.80250164427377,44.48446842376114,8.837209302325581,1.0,Standard,Very Low,Acceleration Only,,,88.37209302325581
509,2007-11-17,UFC 78: Validation,33.54368793104861,35.53299492385787,51.343113668173814,12.05073014265215,27.677947818887407,,0.88,Standard,None,No Evidence,,,
510,2015-06-06,UFC Fight Night: Boetsch vs Henderson,33.40830953758923,35.40609137055837,36.62785913083621,41.40476646863348,34.245426160294656,6.2015503875969,1.0,Standard,Very Low,Acceleration Only,,,62.01550387596899
511,2014-09-05,UFC Fight Night: Jacare vs Mousasi,33.358055168254545,35.27918781725889,46.6333487250059,40.900305412167306,23.792007765263026,0.29069767441860467,1.0,Standard,Very Low,Acceleration Only,,,2.9069767441860463
512,2024-05-18,UFC Fight Night: Barboza vs. Murphy,33.305029862714385,35.152284263959395,31.79610452853798,30.79658503056832,50.87724543981383,1.7635658914728685,1.0,Standard,Very Low,Acceleration Only,,,17.635658914728683
513,2019-03-16,UFC Fight Night: Till vs. Masvidal,33.273084568513994,35.025380710659896,46.82172365847118,29.337881897843886,29.67253829486291,7.44186046511628,1.0,Standard,Very Low,Acceleration Only,,,74.4186046511628
514,2015-02-14,UFC Fight Night: Henderson vs Thatch,33.21850895843628,34.89847715736041,36.340879879225476,36.73516287557243,39.91708683512221,1.2209302325581395,1.0,Standard,Very Low,Acceleration Only,,,12.209302325581394
515,1999-09-24,UFC 22: Only One Can be Champion,33.209020153464266,34.77157360406091,14.731025345858082,41.44944001825407,50.85745411743793,,0.88,Standard,None,No Evidence,,,
516,2011-06-11,UFC 131: Dos Santos vs Carwin,33.037950026065225,34.64467005076142,27.199285341107725,39.22838640904114,35.801474458939914,32.727272727272734,1.0,Standard,Low,Substantive Only,,36.36363636363637,
517,2021-10-16,UFC Fight Night: Ladd vs. Dumont,33.032130156413544,34.51776649746193,47.283317960857154,51.23473479854268,12.183760864697506,2.8488372093023258,1.0,Standard,Very Low,Acceleration Only,,,28.488372093023255
518,2021-03-20,UFC Fight Night: Brunson vs. Holland,33.01131080468224,34.390862944162436,44.853935657203294,16.50665026709595,43.77985690644956,3.003875968992248,1.0,Standard,Very Low,Acceleration Only,,,30.03875968992248
519,2018-07-14,UFC Fight Night: Dos Santos vs. Ivanov,32.98418464967573,34.263959390862944,32.57571750763786,51.545493316293935,28.642470555763357,8.798449612403102,1.0,Standard,Very Low,Acceleration Only,,,87.98449612403101
520,2018-02-18,UFC Fight Night: Cerrone vs. Medeiros,32.807209880427,34.13705583756345,29.3537068745222,42.7060643189511,41.82969870185102,3.430232558139535,1.0,Standard,Very Low,Acceleration Only,,,34.30232558139535
521,2022-04-30,UFC Fight Night: Font vs. Vera,32.78916080223231,34.01015228426396,31.131496982786818,45.15225896547853,35.38006281821164,8.15891472868217,1.0,Standard,Very Low,Acceleration Only,,,81.5891472868217
522,2014-07-26,UFC on FOX: Lawler vs Brown,32.698460906934045,33.88324873096447,34.526342200687445,29.28805801473493,46.78246020095499,0.7364341085271319,1.0,Standard,Very Low,Acceleration Only,,,7.3643410852713185
523,2012-11-10,UFC Macao: Franklin vs Le,32.675183632260755,33.756345177664976,17.4499964525055,46.881099598914254,41.12503571861482,,0.88,Standard,None,No Evidence,,,
524,2007-09-19,UFC Fight Night: Thomas vs Florian,32.66848361627569,33.629441624365484,45.45928766310412,20.314038061135292,25.914644260403453,,0.88,Standard,None,No Evidence,,,
525,2019-09-21,UFC Fight Night: Rodriguez vs. Stephens,32.65581092341073,33.50253807106599,22.220982262834635,46.22714464755762,45.44664296848983,8.972868217054264,1.0,Standard,Very Low,Acceleration Only,,,89.72868217054264
526,2020-11-14,UFC Fight Night: Felder vs. Dos Anjos,32.43370882494577,33.37563451776649,17.66663386002109,48.21143461869084,49.0915487027309,8.856589147286822,1.0,Standard,Very Low,Acceleration Only,,,88.56589147286822
527,2025-03-29,UFC Fight Night: Moreno vs. Erceg,32.414783054192434,33.24873096446701,26.423734224015522,37.17594388764917,46.62491484861605,8.604651162790699,1.0,Standard,Very Low,Acceleration Only,,,86.04651162790698
528,2024-07-20,UFC Fight Night: Lemos vs. Jandiroba,32.352450791593604,33.121827411167516,44.93863621564958,25.44365863462345,31.166436706903163,9.554263565891473,1.0,Standard,Very Low,Acceleration Only,,,95.54263565891473
529,2025-08-23,UFC Fight Night: Walker vs. Zhang,32.204720099347135,32.99492385786802,28.86114081433888,55.54876495014425,27.64492762116849,8.410852713178295,1.0,Standard,Very Low,Acceleration Only,,,84.10852713178295
530,2017-09-16,UFC Fight Night: Rockhold vs. Branch,32.11298288810665,32.86802030456853,49.24449510630044,25.097366801465956,26.71639446684782,5.329457364341085,1.0,Standard,Very Low,Acceleration Only,,,53.29457364341085
531,2026-06-20,UFC Fight Night: Kape vs. Horiguchi,32.085889011780814,32.74111675126903,39.758076903998656,16.721404612426934,44.49896448065234,8.914728682170544,1.0,Standard,Very Low,Acceleration Only,,,89.14728682170544
532,2014-07-06,The Ultimate Fighter: Team Edgar vs. Team Penn Finale,32.02149373693273,32.61421319796954,3.7797441480929987,58.80466297732821,60.731759505495994,0.7751937984496124,1.0,Standard,Very Low,Acceleration Only,,,7.751937984496124
533,2023-07-01,UFC Fight Night: Strickland vs. Magomedov,31.984896260627732,32.48730964467005,37.87203484745313,28.24459728088239,27.27785157568497,,0.88,Standard,None,No Evidence,,,
534,2018-03-17,UFC Fight Night: Werdum vs. Volkov,31.96427303890995,32.36040609137056,26.991329312993134,31.105369960759706,50.03318790627022,6.782945736434108,1.0,Standard,Very Low,Acceleration Only,,,67.82945736434108
535,2022-04-23,UFC Fight Night: Lemos vs. Andrade,31.655206444640932,32.233502538071065,26.876813579778233,41.59784436604708,42.7874661366348,1.3565891472868217,1.0,Standard,Very Low,Acceleration Only,,,13.565891472868216
536,2024-10-12,UFC Fight Night: Royval vs. Taira,31.64565133586542,32.10659898477157,36.1279095597759,19.008421216992286,45.5128472184489,9.689922480620154,1.0,Standard,Very Low,Acceleration Only,,,96.89922480620154
537,2021-08-21,UFC Fight Night: Cannonier vs. Gastelum,31.56720396986512,31.979695431472084,30.604196094746055,33.864502925441684,40.91005622127675,8.333333333333334,1.0,Standard,Very Low,Acceleration Only,,,83.33333333333334
538,2000-06-09,UFC 26: Ultimate Field Of Dreams,31.47034908378352,31.85279187817259,27.004487382518242,34.793595862409916,34.641856478012386,,0.88,Standard,None,No Evidence,,,
539,2018-06-01,UFC Fight Night: Rivera vs. Moraes,31.39285365264119,31.725888324873097,46.5481779507706,19.49595437060618,30.73888763633851,8.992248062015504,1.0,Standard,Very Low,Acceleration Only,,,89.92248062015504
540,1998-10-16,UFC - Ultimate Brazil,30.979843550566855,31.5989847715736,30.015165340967407,47.42346599228004,18.74733560755886,,0.88,Standard,None,No Evidence,,,
541,2009-02-21,UFC 95: Sanchez vs Stevenson,30.967388408553877,31.472081218274113,33.769599907120146,28.235894939994093,29.508192848908266,,0.88,Standard,None,No Evidence,,,
542,2021-11-20,UFC Fight Night: Vieira vs. Tate,30.943695745423106,31.34517766497462,35.025422558809325,23.031686492495556,23.358892419581082,51.22093023255814,1.0,Standard,Low,Substantive + Acceleration,,50.0,62.2093023255814
543,2019-06-01,UFC Fight Night: Gustafsson vs. Smith,30.89461814654906,31.218274111675125,18.963371812130834,40.570860091347704,51.85344920823747,0.23255813953488375,1.0,Standard,Very Low,Acceleration Only,,,2.3255813953488373
544,1997-02-07,UFC 12: Judgement Day,30.857021880702927,31.091370558375637,24.781141768177623,15.032467532467534,51.8846045297333,,0.88,Standard,None,No Evidence,,,
545,2026-06-27,UFC Fight Night: Fiziev vs. Torres,30.826063076880157,30.96446700507614,39.83690825948863,31.794969190512365,27.264390083323526,9.496124031007753,1.0,Standard,Very Low,Acceleration Only,,,94.96124031007753
546,2025-03-01,UFC Fight Night: Kape vs. Almabayev,30.824461848954044,30.83756345177665,54.67957831808218,14.554317548746518,25.187505640135658,1.608527131782946,1.0,Standard,Very Low,Acceleration Only,,,16.08527131782946
547,2021-08-28,UFC Fight Night: Barboza vs. Chikadze,30.778210495511722,30.710659898477154,21.951189067174806,32.07357333506919,50.81494958176234,8.759689922480622,1.0,Standard,Very Low,Acceleration Only,,,87.59689922480621
548,2016-10-01,UFC Fight Night: Lineker vs. Dodson,30.753969215755316,30.583756345177665,27.51567222794019,32.55171144566202,45.789859213733614,2.2093023255813953,1.0,Standard,Very Low,Acceleration Only,,,22.093023255813954
549,2022-01-15,UFC Fight Night: Kattar vs. Chikadze,30.684915262601873,30.456852791878177,31.570187869780227,28.457108267057,40.84126798359497,8.527131782945736,1.0,Standard,Very Low,Acceleration Only,,,85.27131782945736
550,2024-09-28,UFC Fight Night: Moicano vs. Saint Denis,30.6706234238128,30.329949238578678,55.263496968811836,13.590058966103534,24.68346239828821,1.550387596899225,1.0,Standard,Very Low,Acceleration Only,,,15.503875968992247
551,2018-11-10,UFC Fight Night: Korean Zombie vs. Rodriguez,30.576543226800226,30.20304568527919,26.883277487169895,46.662152671055715,32.35795049956773,6.976744186046512,1.0,Standard,Very Low,Acceleration Only,,,69.76744186046511
552,2019-10-26,UFC Fight Night: Maia vs. Askren,30.566462484063443,30.076142131979694,32.98210075944025,32.79084560454235,37.39295686902905,2.926356589147287,1.0,Standard,Very Low,Acceleration Only,,,29.26356589147287
553,2016-11-19,UFC Fight Night: Bader vs. Nogueira,30.5535127186448,29.949238578680205,43.3073317151537,28.130825259032378,28.560426702807376,0.5232558139534884,1.0,Standard,Very Low,Acceleration Only,,,5.232558139534884
554,2025-12-13,UFC Fight Night: Royval vs. Kape,30.551365500176317,29.82233502538071,28.135686635221433,40.84565547762488,34.7430572647424,8.488372093023257,1.0,Standard,Very Low,Acceleration Only,,,84.88372093023256
555,2009-06-20,The Ultimate Fighter: United States vs. United Kingdom Finale,30.452720105378887,29.695431472081218,19.829720263933588,38.09856265940558,38.20974208362397,,0.88,Standard,None,No Evidence,,,
556,2023-07-22,UFC Fight Night: Aspinall vs. Tybura,30.437509504264085,29.56852791878173,41.069638411256896,22.760192453785766,31.627629417966553,9.593023255813954,1.0,Standard,Very Low,Acceleration Only,,,95.93023255813954
557,2017-09-22,UFC Fight Night: Saint Preux vs. Okami,30.433943762707045,29.441624365482234,29.951365443687134,39.53286752888706,32.93632040919,8.64341085271318,1.0,Standard,Very Low,Acceleration Only,,,86.43410852713178
558,2023-05-20,UFC Fight Night: Dern vs. Hill,30.39417962487051,29.314720812182742,38.89777886915704,31.029005089943848,28.264883863920176,7.926356589147287,1.0,Standard,Very Low,Acceleration Only,,,79.26356589147287
559,2026-08-29,UFC Fight Night: Nurmagomedov vs. Song,30.34546290392271,29.187817258883246,19.61901790302225,34.8141901342797,52.65813867139254,2.7906976744186047,1.0,Standard,Very Low,Acceleration Only,,,27.906976744186046
560,2016-07-08,The Ultimate Fighter: Team Joanna vs. Team Cláudia Finale,30.23517871878023,29.060913705583758,30.122482196626592,32.04512682063386,41.440007383982724,0.9689922480620157,1.0,Standard,Very Low,Acceleration Only,,,9.689922480620156
561,2012-09-29,UFC on FUEL TV: Struve vs Miocic,30.1858217359464,28.934010152284262,35.9387315449661,17.425836159976466,33.065179068574245,,0.88,Standard,None,No Evidence,,,
562,2006-08-26,UFC 62: Liddell vs Sobral,30.175758376615974,28.80710659898477,18.489547395148907,27.663073972837143,47.68224221951578,,0.88,Standard,None,No Evidence,,,
563,2014-08-23,UFC Fight Night: Henderson vs Dos Anjos,30.114371027299487,28.680203045685282,22.363285743157096,29.192582439277956,53.97038518901906,0.11627906976744187,1.0,Standard,Very Low,Acceleration Only,,,1.1627906976744187
564,2026-03-21,UFC Fight Night: Evloev vs. Murphy,30.036694894731937,28.553299492385786,35.505644086787385,9.897562975557404,51.3202811648192,2.112403100775194,1.0,Standard,Very Low,Acceleration Only,,,21.124031007751938
565,2017-08-05,UFC Fight Night: Pettis vs. Moreno,30.008179605721157,28.426395939086298,34.59846806210665,30.953235641058086,32.36400296410535,8.546511627906977,1.0,Standard,Very Low,Acceleration Only,,,85.46511627906976
566,2017-03-18,UFC Fight Night: Manuwa vs. Anderson,29.932772864966513,28.299492385786802,49.560079871608345,19.36385341677821,21.59467210501119,9.127906976744185,1.0,Standard,Very Low,Acceleration Only,,,91.27906976744185
567,2025-05-31,UFC Fight Night: Blanchfield vs. Barber,29.88711114107069,28.17258883248731,34.16388078928835,23.00709040263358,,,0.6,Limited,None,No Evidence,,,
568,2018-11-17,UFC Fight Night: Magny vs. Ponzinibbio,29.869729958017533,28.045685279187815,37.40319352058575,13.734391625413947,41.8090071517351,9.709302325581396,1.0,Standard,Very Low,Acceleration Only,,,97.09302325581395
569,1994-12-16,UFC 4: Revenge of the Warriors,29.69715941306692,27.918781725888326,31.80370745425345,15.681818181818183,38.42610837002475,,0.88,Standard,None,No Evidence,,,
570,2026-08-08,UFC Fight Night: Gamrot vs. Salkilld,29.540863343148178,27.79187817258883,26.82221239878507,30.202032619517336,41.637676236185605,8.430232558139535,1.0,Standard,Very Low,Acceleration Only,,,84.30232558139535
571,2016-12-17,UFC on FOX: VanZant vs. Waterson,29.537509936197868,27.66497461928934,43.25565932872805,29.789914751292752,20.91305070150827,6.879844961240311,1.0,Standard,Very Low,Acceleration Only,,,68.7984496124031
572,2016-07-13,UFC Fight Night: McDonald vs. Lineker,29.52746573593678,27.53807106598985,38.62666784071842,20.535691532563437,37.36152425601322,0.4263565891472868,1.0,Standard,Very Low,Acceleration Only,,,4.263565891472868
573,2005-06-04,UFC 53: Heavy Hitters,29.487647740291006,27.411167512690355,49.48007417035872,18.6459660398167,11.974751354519706,,0.88,Standard,None,No Evidence,,,
574,2014-02-22,UFC 170: Rousey vs McMann,29.48280042699721,27.284263959390863,41.27756262723406,18.38916095860512,35.528703910380514,0.2713178294573643,1.0,Standard,Very Low,Acceleration Only,,,2.7131782945736433
575,2018-09-22,UFC Fight Night: Marreta vs. Anders,29.47722154273737,27.157360406091367,31.91617723528243,56.58732556896074,16.410755535493504,0.48449612403100784,1.0,Standard,Very Low,Acceleration Only,,,4.844961240310078
576,2019-08-10,UFC Fight Night: Shevchenko vs. Carmouche 2,29.412738517678548,27.03045685279188,32.650781239816645,24.334947248971485,41.55325568458194,0.8333333333333333,1.0,Standard,Very Low,Acceleration Only,,,8.333333333333332
577,2026-02-28,UFC Fight Night: Moreno vs. Kavanagh,29.362058513913663,26.903553299492383,21.62145386844293,46.8697006013735,37.01244568968243,1.8217054263565893,1.0,Standard,Very Low,Acceleration Only,,,18.217054263565892
578,2012-03-02,UFC on FX: Alves vs Kampmann,29.36185037168682,26.776649746192895,37.00989750965886,15.64214008536329,30.52526438884666,,0.88,Standard,None,No Evidence,,,
579,2014-02-15,UFC Fight Night: Machida vs Mousasi,29.314366187918257,26.649746192893403,27.765054084701884,26.88812910873132,43.094031454113384,6.589147286821706,1.0,Standard,Very Low,Acceleration Only,,,65.89147286821705
580,2015-05-30,UFC Fight Night: Condit vs Alves,29.312035949279206,26.522842639593907,23.296099710241876,30.755295234204027,46.08859880089533,5.949612403100775,1.0,Standard,Very Low,Acceleration Only,,,59.496124031007746
581,2014-09-13,UFC Fight Night: Bigfoot vs Arlovski,29.170749009577204,26.39593908629442,31.152458970385027,29.587197109658643,38.11372141017191,1.3953488372093024,1.0,Standard,Very Low,Acceleration Only,,,13.953488372093023
582,2016-09-24,UFC Fight Night: Cyborg vs. Lansberg,29.15593494595786,26.269035532994923,43.41424730613096,53.79610752778043,1.3073940685960055,2.9457364341085275,1.0,Standard,Very Low,Acceleration Only,,,29.457364341085274
583,2014-07-16,UFC Fight Night: Cowboy vs Miller,29.021098206175935,26.14213197969543,25.12518480373141,25.23664821714961,49.20889383476651,1.182170542635659,1.0,Standard,Very Low,Acceleration Only,,,11.821705426356589
584,2022-06-25,UFC Fight Night: Tsarukyan vs. Gamrot,28.868704328759712,26.015228426395936,39.95330370407569,21.16726356280674,28.68380295420804,9.883720930232558,1.0,Standard,Very Low,Acceleration Only,,,98.83720930232558
585,2024-03-02,UFC Fight Night: Rozenstruik vs. Gaziev,28.76841871809558,25.888324873096447,41.470574972840936,27.306276054343936,21.967282963683488,8.275193798449612,1.0,Standard,Very Low,Acceleration Only,,,82.75193798449612
586,2021-03-13,UFC Fight Night: Edwards vs. Muhammad,28.706740424598447,25.761421319796955,35.990327529724475,16.869249599054612,39.21485454527963,4.4186046511627906,1.0,Standard,Very Low,Acceleration Only,,,44.18604651162791
587,2011-06-26,UFC Live: Kongo vs Barry,28.67562693524519,25.63451776649746,40.48421687446385,32.09048905582713,10.26635348794251,,0.88,Standard,None,No Evidence,,,
588,2012-07-21,UFC 149: Faber vs Barao,28.652345506890374,25.50761421319797,45.79493507179801,6.492688527664485,24.20221324334084,,0.88,Standard,None,No Evidence,,,
589,2020-08-01,UFC Fight Night: Brunson vs. Shahbazyan,28.58641574778226,25.380710659898476,33.969706815704434,20.710246114145836,36.14065678138516,9.457364341085272,1.0,Standard,Very Low,Acceleration Only,,,94.57364341085271
590,2016-04-10,UFC Fight Night: Rothwell vs Dos Santos,28.534991874250665,25.253807106598984,22.432220779164936,30.048207990087374,46.37302665899504,2.8294573643410854,1.0,Standard,Very Low,Acceleration Only,,,28.294573643410853
591,2021-07-17,UFC Fight Night: Makhachev vs. Moises,28.50869906103145,25.12690355329949,34.27612568450519,34.19246856317864,24.79048055598322,8.507751937984496,1.0,Standard,Very Low,Acceleration Only,,,85.07751937984496
592,2013-02-23,UFC 157: Rousey vs Carmouche,28.49859050441853,25.0,28.934151683628173,62.491841395416884,0.0,,0.88,Standard,None,No Evidence,,,
593,2008-07-19,UFC: Silva vs Irvin,28.42981856720281,24.873096446700508,8.486396971084694,26.202434416768195,56.61326265707303,,0.88,Standard,None,No Evidence,,,
594,2021-05-01,UFC Fight Night: Reyes vs. Prochazka,28.396688111450896,24.746192893401016,32.90035231918605,28.011456006211244,31.410272715341296,8.217054263565892,1.0,Standard,Very Low,Acceleration Only,,,82.17054263565892
595,1996-12-07,UFC - Ultimate Ultimate '96,28.364819462615454,24.61928934010152,41.74399667180516,23.733766233766236,14.489271874169484,,0.88,Standard,None,No Evidence,,,
596,2022-10-01,UFC Fight Night: Dern vs. Yan,28.363591091945814,24.492385786802032,45.021567250052904,20.902277852138578,21.878551000637692,6.434108527131784,1.0,Standard,Very Low,Acceleration Only,,,64.34108527131784
597,2015-08-08,UFC Fight Night: Teixeira vs Saint Preux,28.359753127713436,24.36548223350254,39.95137504188654,15.71674093595243,31.445551471652273,9.651162790697676,1.0,Standard,Very Low,Acceleration Only,,,96.51162790697676
598,2011-03-03,UFC Live: Sanchez vs Kampmann,28.279426639227374,24.238578680203045,16.853114377672718,36.78799979668261,36.389297034086354,,0.88,Standard,None,No Evidence,,,
599,2017-12-09,UFC Fight Night: Swanson vs. Ortega,28.20070228866004,24.111675126903553,26.033005155538437,15.374098434535552,49.82518711546582,9.011627906976745,1.0,Standard,Very Low,Acceleration Only,,,90.11627906976744
600,2015-11-28,UFC Fight Night: Henderson vs Masvidal,28.17279848758068,23.98477157360406,18.225565806176572,38.04304505960726,42.21062021180931,7.170542635658916,1.0,Standard,Very Low,Acceleration Only,,,71.70542635658916
601,2015-07-18,UFC Fight Night: Bisping vs Leites,28.169563776734456,23.85786802030457,20.01003107820183,25.47889596044753,52.08848562263824,2.6744186046511627,1.0,Standard,Very Low,Acceleration Only,,,26.744186046511626
602,2025-11-01,UFC Fight Night: Garcia vs. Onama,27.895742819243665,23.730964467005077,45.497237503835436,5.376647493639138,30.804057211741256,10.0,1.0,Standard,Very Low,Acceleration Only,,,100.0
603,2017-11-25,UFC Fight Night: Bisping vs. Gastelum,27.875777065814646,23.604060913705585,8.765443214902303,39.685826170305994,55.35775676549899,0.03875968992248063,1.0,Standard,Very Low,Acceleration Only,,,0.3875968992248062
604,2002-07-13,UFC 38: Brawl at the Hall,27.6859803120031,23.477157360406093,26.953256526399752,39.385113422448704,19.044220259398635,,0.88,Standard,None,No Evidence,,,
605,2025-08-02,UFC Fight Night: Taira vs. Park,27.68086183017413,23.3502538071066,37.30792332896883,22.309807184458993,28.4272429800078,6.550387596899225,1.0,Standard,Very Low,Acceleration Only,,,65.50387596899225
606,2019-09-28,UFC Fight Night: Hermansson vs. Cannonier,27.626873953223726,23.223350253807105,30.756770320309574,32.67905246681496,26.928532831868342,9.92248062015504,1.0,Standard,Very Low,Acceleration Only,,,99.2248062015504
607,2014-08-16,UFC Fight Night: Bader vs Saint Preux,27.537266063330406,23.096446700507613,31.15578090720031,29.43870329409304,30.620032467696866,5.542635658914729,1.0,Standard,Very Low,Acceleration Only,,,55.42635658914728
608,2023-07-15,UFC Fight Night: Holm vs. Bueno Silva,27.487450193095388,22.96954314720812,13.60591883716509,28.051258792581077,47.933370896987014,21.50105708245243,1.0,Standard,Low,Substantive + Acceleration,,22.727272727272727,10.465116279069768
609,2010-08-01,UFC Live: Jones vs Matyushenko,27.306424292482642,22.84263959390863,37.21055669863712,20.728221765387797,19.622344260177844,,0.88,Standard,None,No Evidence,,,
610,2006-01-16,UFC Fight Night 3,27.208622003816064,22.715736040609137,45.79310689568431,16.254872506702668,11.648275483619033,,0.88,Standard,None,No Evidence,,,
611,2018-01-14,UFC Fight Night: Stephens vs. Choi,27.204023604748247,22.588832487309645,33.148074743252,26.64375550169422,29.840565110239147,3.7984496124031013,1.0,Standard,Very Low,Acceleration Only,,,37.98449612403101
612,2010-09-15,UFC Fight Night: Marquardt vs Palhares,27.17422730756081,22.461928934010153,37.1728242571224,14.88792464375363,24.054115669481746,,0.88,Standard,None,No Evidence,,,
613,2015-03-21,UFC Fight Night: Maia vs LaFlare,27.154057755015163,22.33502538071066,28.18572281659392,23.201126359974143,37.30319715560619,7.8682170542635665,1.0,Standard,Very Low,Acceleration Only,,,78.68217054263566
614,2013-05-18,UFC on FX: Belfort vs. Rockhold,27.14500669542541,22.20812182741117,24.629743314969293,24.525505836308984,32.62048043958806,,0.88,Standard,None,No Evidence,,,
615,2022-02-05,UFC Fight Night: Hermansson vs. Strickland,27.09353315739405,22.081218274111674,37.37922604880677,7.805184459242217,38.53199045095703,5.658914728682171,1.0,Standard,Very Low,Acceleration Only,,,56.58914728682171
616,2021-10-09,UFC Fight Night: Dern vs. Rodriguez,27.090375485244046,21.95431472081218,33.36264181915518,18.374771521730906,33.89202858578209,8.585271317829458,1.0,Standard,Very Low,Acceleration Only,,,85.85271317829456
617,2017-02-04,UFC Fight Night: Bermudez vs. The Korean Zombie,27.07324165766502,21.82741116751269,34.785900644354,23.938021776535297,27.521484772258255,8.255813953488373,1.0,Standard,Very Low,Acceleration Only,,,82.55813953488372
618,2019-08-31,UFC Fight Night: Andrade vs. Zhang,27.042949745284353,21.700507614213198,26.235481625495336,15.565749437942003,48.00623458840116,2.616279069767442,1.0,Standard,Very Low,Acceleration Only,,,26.16279069767442
619,2010-03-31,UFC Fight Night: Florian vs Gomi,27.041606321148443,21.573604060913706,30.86984565173924,29.61227898260162,19.871237519531217,,0.88,Standard,None,No Evidence,,,
620,2005-10-07,UFC 55: Fury,26.973166323055946,21.446700507614214,18.504027622704555,27.174516552261792,37.99913334595833,,0.88,Standard,None,No Evidence,,,
621,2014-03-08,UFC Fight Night: Gustafsson vs Manuwa,26.878242949454513,21.31979695431472,30.445679240000754,28.45260919009782,29.765563557148237,6.124031007751938,1.0,Standard,Very Low,Acceleration Only,,,61.240310077519375
622,2022-02-26,UFC Fight Night: Makhachev vs. Green,26.655417603925727,21.19289340101523,40.2023379140548,4.628115616973555,35.796652600027066,5.775193798449613,1.0,Standard,Very Low,Acceleration Only,,,57.751937984496124
623,2011-08-14,UFC Live: Hardy vs Lytle,26.651964989258776,21.065989847715734,29.395635936764297,21.861584766534666,26.96135499157843,,0.88,Standard,None,No Evidence,,,
624,2015-12-10,UFC Fight Night: Namajunas vs. VanZant,26.625241075843334,20.939086294416242,44.265088043131385,16.721404612426934,22.462884043034943,0.930232558139535,1.0,Standard,Very Low,Acceleration Only,,,9.30232558139535
625,1999-01-08,UFC 18: The Road to the Heavyweight Title,26.403056137055454,20.812182741116754,36.038841443743124,37.90615314407408,4.221081583167172,,0.88,Standard,None,No Evidence,,,
626,2011-10-01,UFC Live: Cruz vs Johnson,26.378934875539038,20.685279187817258,28.98053675911539,24.381949653098975,24.58148453353176,,0.88,Standard,None,No Evidence,,,
627,2024-03-23,UFC Fight Night: Ribas vs. Namajunas,26.330346093072656,20.558375634517766,20.614545161294288,30.760739924167705,37.96542779368052,8.313953488372093,1.0,Standard,Very Low,Acceleration Only,,,83.13953488372093
628,2024-04-06,UFC Fight Night: Allen vs. Curtis 2,26.229652075452613,20.431472081218274,28.00047372873001,24.083206211413327,36.08011568019019,1.8992248062015507,1.0,Standard,Very Low,Acceleration Only,,,18.992248062015506
629,2013-11-06,UFC Fight Night: Fight for the Troops 3,26.10225719588519,20.304568527918782,45.773286325959766,3.714275368333126,18.498525203775845,,0.88,Standard,None,No Evidence,,,
630,2021-01-20,UFC Fight Night: Chiesa vs. Magny,26.098177736436273,20.17766497461929,24.18078542603259,14.954775563714499,45.5317787552695,8.023255813953488,1.0,Standard,Very Low,Acceleration Only,,,80.23255813953489
631,2008-10-18,UFC 89: Bisping vs Leben,26.090879467365987,20.050761421319795,26.767910009739484,19.238927275138973,30.82462126570176,,0.88,Standard,None,No Evidence,,,
632,2021-06-05,UFC Fight Night: Rozenstruik vs. Sakai,26.00359133790669,19.923857868020303,43.66873962818571,20.121308589275163,17.93895665262639,1.6279069767441863,1.0,Standard,Very Low,Acceleration Only,,,16.27906976744186
633,2014-09-20,UFC Fight Night: Hunt vs Nelson,25.959701364965504,19.796954314720814,29.664760233907355,24.621958097938634,30.68850978267752,6.065891472868217,1.0,Standard,Very Low,Acceleration Only,,,60.65891472868217
634,2012-06-23,UFC 147: Silva vs Franklin 2,25.897945247479733,19.670050761421322,2.9717845187339957,35.204592713126665,48.54848293511234,,0.88,Standard,None,No Evidence,,,
635,2013-11-30,The Ultimate Fighter: Team Rousey vs. Team Tate Finale,25.882059630473318,19.543147208121827,4.307359185200407,28.784107193814492,52.007660434696554,,0.88,Standard,None,No Evidence,,,
636,1999-03-05,UFC 19: Ultimate Young Guns,25.86369117361758,19.416243654822335,17.15258741348951,37.90615314407408,27.482770238054673,,0.88,Standard,None,No Evidence,,,
637,2014-11-15,UFC 180: Werdum vs Hunt,25.727023766003363,19.289340101522843,27.866786605901183,19.16738616057939,38.7737539792464,1.2596899224806202,1.0,Standard,Very Low,Acceleration Only,,,12.5968992248062
638,2018-01-27,UFC Fight Night: Jacare vs. Brunson 2,25.652883736869523,19.16243654822335,35.869165907257134,18.497811380819737,28.941213998722713,0.1937984496124031,1.0,Standard,Very Low,Acceleration Only,,,1.937984496124031
639,2026-05-16,UFC Fight Night: Allen vs. Costa,25.597093147988613,19.035532994923855,31.128473070063176,16.838138648723604,35.1239042842964,3.10077519379845,1.0,Standard,Very Low,Acceleration Only,,,31.007751937984494
640,1996-05-17,UFC 9: Motor City Madness,25.594958968384557,18.908629441624367,12.57781912938035,23.733766233766236,44.325016359076585,,0.88,Standard,None,No Evidence,,,
641,2024-11-09,UFC Fight Night: Magny vs. Prates,25.485305280502264,18.781725888324875,23.778675388588862,22.65814331428919,40.50335251252727,1.124031007751938,1.0,Standard,Very Low,Acceleration Only,,,11.24031007751938
642,2024-08-10,UFC Fight Night: Tybura vs. Spivac 2,25.31611645877437,18.654822335025383,29.781674557154435,19.852532923125143,30.475499577513546,9.98062015503876,1.0,Standard,Very Low,Acceleration Only,,,99.8062015503876
643,2022-11-05,UFC Fight Night: Rodriguez vs. Lemos,25.268648039730824,18.527918781725887,32.844726146478045,14.357944747916894,33.089053086466905,4.573643410852713,1.0,Standard,Very Low,Acceleration Only,,,45.73643410852713
644,2023-11-18,UFC Fight Night: Allen vs. Craig,25.192342945185572,18.401015228426395,32.17471663811778,7.796307684887073,36.88251843247445,9.728682170542635,1.0,Standard,Very Low,Acceleration Only,,,97.28682170542635
645,2019-06-22,UFC Fight Night: Moicano vs. The Korean Zombie,25.127899246279178,18.274111675126903,32.51744703099282,20.347914082054384,26.362642446461056,8.624031007751938,1.0,Standard,Very Low,Acceleration Only,,,86.24031007751938
646,2022-09-17,UFC Fight Night: Sandhagen vs. Song,25.00361436702734,18.14720812182741,28.289298906050977,12.765994308631454,37.501411002868714,9.166666666666666,1.0,Standard,Very Low,Acceleration Only,,,91.66666666666666
647,2020-02-29,UFC Fight Night: Benavidez vs. Figueiredo,24.957605926343742,18.02030456852792,20.30456584042295,11.90676612410973,48.419725526927444,9.573643410852714,1.0,Standard,Very Low,Acceleration Only,,,95.73643410852713
648,2025-03-15,UFC Fight Night: Vettori vs. Dolidze 2,24.81024802215964,17.893401015228427,23.286429620319797,22.1626468668439,35.628321609675275,9.34108527131783,1.0,Standard,Very Low,Acceleration Only,,,93.4108527131783
649,2023-01-14,UFC Fight Night: Strickland vs. Imavov,24.710982857836722,17.766497461928935,35.92863587088226,21.387055998633627,22.13701680687339,2.5,1.0,Standard,Very Low,Acceleration Only,,,25.0
650,2021-09-18,UFC Fight Night: Smith vs. Spann,24.6650111031523,17.639593908629443,21.163076498570714,21.306180928076788,39.217010046894465,7.945736434108527,1.0,Standard,Very Low,Acceleration Only,,,79.45736434108527
651,2016-08-06,UFC Fight Night: Rodriguez vs. Caceres,24.662567066748252,17.512690355329948,30.00204931155571,23.070631059146418,25.995783899365886,8.13953488372093,1.0,Standard,Very Low,Acceleration Only,,,81.3953488372093
652,2010-03-21,UFC Live: Vera vs Jones,24.583956862489327,17.385786802030456,35.27670457110791,26.228155761388226,9.103662580576378,,0.88,Standard,None,No Evidence,,,
653,2024-06-15,UFC Fight Night: Perez vs. Taira,24.514203038721128,17.258883248730964,29.883284263498677,12.620822232399862,34.65512841813205,7.093023255813954,1.0,Standard,Very Low,Acceleration Only,,,70.93023255813954
654,2023-02-04,UFC Fight Night: Lewis vs. Spivac,24.49334787717726,17.131979695431472,11.38040132912794,33.9640178362104,44.198308735222234,0.7945736434108528,1.0,Standard,Very Low,Acceleration Only,,,7.945736434108527
655,2016-09-17,UFC Fight Night: Poirier vs. Johnson,24.48524559247154,17.00507614213198,33.31155281128957,9.881163404840287,34.879904416510676,1.0077519379844961,1.0,Standard,Very Low,Acceleration Only,,,10.077519379844961
656,2017-10-21,UFC Fight Night: Cerrone vs. Till,24.463136628469677,16.878172588832488,14.209972590613916,26.43136942612466,46.489033844115916,0.9108527131782946,1.0,Standard,Very Low,Acceleration Only,,,9.108527131782946
657,2015-05-09,UFC Fight Night: Miocic vs Hunt,24.3514509537812,16.751269035532996,26.070206624661875,16.135180251829315,36.3088430999692,6.899224806201551,1.0,Standard,Very Low,Acceleration Only,,,68.9922480620155
658,2019-04-20,UFC Fight Night: Overeem vs. Oleinik,24.29191336118682,16.624365482233504,24.87257046537292,21.077211049682166,33.56944029448449,7.015503875968993,1.0,Standard,Very Low,Acceleration Only,,,70.15503875968993
659,2012-07-11,UFC on FUEL TV: Munoz vs Weidman,24.289039503213335,16.49746192893401,30.61797354214101,3.537122116509303,32.9720230908515,,0.88,Standard,None,No Evidence,,,
660,2020-02-22,UFC Fight Night: Felder vs. Hooker,23.75100613226933,16.370558375634516,31.724949333024963,7.590461275355463,33.22090180945917,8.04263565891473,1.0,Standard,Very Low,Acceleration Only,,,80.42635658914729
661,2026-04-18,UFC Fight Night: Burns vs. Malott,23.72842206036847,16.243654822335024,20.36566836178547,20.458637667208734,37.04887362384907,9.282945736434108,1.0,Standard,Very Low,Acceleration Only,,,92.82945736434108
662,2023-04-29,UFC Fight Night: Song vs. Simon,23.718431584699427,16.116751269035532,28.005033737286993,8.806388597474948,36.52303057747607,9.205426356589149,1.0,Standard,Very Low,Acceleration Only,,,92.05426356589147
663,1996-09-20,UFC 11: The Proving Ground,23.583978836152614,15.989847715736042,29.172401782777236,11.006493506493506,26.530782891761493,,0.88,Standard,None,No Evidence,,,
664,2014-04-16,UFC Fight Night: Bisping vs Kennedy,23.410255718393714,15.862944162436548,16.958191721499258,21.653054323825174,40.480685908575204,6.84108527131783,1.0,Standard,Very Low,Acceleration Only,,,68.4108527131783
665,2014-11-07,UFC Fight Night: Rockhold vs Bisping,23.35897868388144,15.736040609137056,24.235990813678523,16.184748399233076,37.929759791765896,0.40697674418604657,1.0,Standard,Very Low,Acceleration Only,,,4.069767441860465
666,2026-08-01,UFC Fight Night: Medic vs. Rodriguez,23.209887229342435,15.609137055837563,17.69852934852951,36.69189454818969,25.4035474954339,9.244186046511627,1.0,Standard,Very Low,Acceleration Only,,,92.44186046511628
667,2016-07-23,UFC on FOX: Holm vs. Shevchenko,23.18440876454084,15.48223350253807,26.54731497666178,25.68373770029989,16.54519727534441,23.516560958421422,1.0,Standard,Low,Substantive + Acceleration,,22.727272727272727,30.620155038759687
668,2025-04-05,UFC Fight Night: Emmett vs. Murphy,23.165348563604553,15.355329949238577,17.475115996159488,12.612769514933897,48.49174437154502,1.8410852713178294,1.0,Standard,Very Low,Acceleration Only,,,18.410852713178294
669,2009-09-16,UFC Fight Night: Diaz vs Guillard,23.049333531714694,15.228426395939088,22.82917523977838,24.388039199578497,22.24060590459955,,0.88,Standard,None,No Evidence,,,
670,2013-09-04,UFC Fight Night: Teixeira vs Bader,22.967596433138652,15.101522842639595,26.811358562929943,11.96351137887943,26.927409199055944,,0.88,Standard,None,No Evidence,,,
671,2012-05-15,UFC on FUEL TV: Korean Zombie vs Poirier,22.726419131410317,14.974619289340103,23.221108882281232,12.7976944132933,30.228460121927014,,0.88,Standard,None,No Evidence,,,
672,2010-11-13,UFC 122: Marquardt vs Okami,22.669966413582447,14.847715736040609,16.080260450596302,21.151220097659085,32.6253337670369,,0.88,Standard,None,No Evidence,,,
673,2020-10-10,UFC Fight Night: Moraes vs. Sandhagen,22.61123283770429,14.720812182741117,23.565322292946874,19.237855780492925,29.684081451115,9.631782945736434,1.0,Standard,Very Low,Acceleration Only,,,96.31782945736434
674,2014-05-10,UFC Fight Night: Brown vs Silva,22.48536530469989,14.593908629441623,33.1992726906809,7.311026806310191,28.908988744099208,3.546511627906977,1.0,Standard,Very Low,Acceleration Only,,,35.46511627906977
675,2015-09-26,UFC Fight Night: Barnett vs Nelson,22.469889386058203,14.467005076142131,19.594520034743947,30.45134430029025,26.643906538027903,6.298449612403101,1.0,Standard,Very Low,Acceleration Only,,,62.98449612403101
676,2002-05-10,UFC 37: High Impact,22.318858837326907,14.340101522842641,18.36448208900013,22.30628814816223,27.554611178001124,,0.88,Standard,None,No Evidence,,,
677,2025-01-11,UFC Fight Night: Dern vs. Ribas 2,22.312319971067616,14.213197969543149,18.85266790782903,25.405286449854696,31.12338283665155,6.492248062015505,1.0,Standard,Very Low,Acceleration Only,,,64.92248062015504
678,2024-02-10,UFC Fight Night: Hermansson vs. Pyfer,22.22248003423312,14.086294416243655,22.193287714243326,22.952405069396715,28.13722157824578,7.112403100775194,1.0,Standard,Very Low,Acceleration Only,,,71.12403100775194
679,1995-07-14,UFC 6: Clash of the Titans,22.214934033988712,13.959390862944163,24.992647011397132,6.0064935064935066,31.85846088999864,,0.88,Standard,None,No Evidence,,,
680,2022-10-15,UFC Fight Night: Grasso vs. Araujo,22.20901761358486,13.83248730964467,31.6410046327821,16.14368917990088,20.81547239928289,8.003875968992247,1.0,Standard,Very Low,Acceleration Only,,,80.03875968992247
681,2013-12-06,UFC Fight Night: Hunt vs Bigfoot,22.12532474149626,13.705583756345177,21.622696643302344,33.97710855589622,13.054118023709691,,0.88,Standard,None,No Evidence,,,
682,2014-10-04,UFC Fight Night: MacDonald vs Saffiedine,21.889610203890935,13.578680203045684,35.24292246052376,1.7252710149646084,28.885001003519708,3.0426356589147288,1.0,Standard,Very Low,Acceleration Only,,,30.426356589147286
683,1995-09-08,UFC 7: The Brawl in Buffalo,21.573796807846257,13.451776649746192,24.420936022549164,5.194805194805195,31.265677384843997,,0.88,Standard,None,No Evidence,,,
684,2015-06-20,UFC Fight Night: Jedrzejczyk vs Penne,21.57130943989619,13.324873096446701,24.637449763159008,10.011542004735233,34.69022672399043,3.662790697674419,1.0,Standard,Very Low,Acceleration Only,,,36.627906976744185
685,2026-04-04,UFC Fight Night: Moicano vs. Duncan,21.53001404136914,13.19796954314721,17.34673480006106,16.557942445677615,31.142120420987133,,0.88,Standard,None,No Evidence,,,
686,2022-04-16,UFC Fight Night: Luque vs. Muhammad,21.436487891452355,13.071065989847716,12.883112033408489,7.464517840562408,49.48293898984717,9.147286821705427,1.0,Standard,Very Low,Acceleration Only,,,91.47286821705426
687,2008-09-17,UFC Fight Night: Diaz vs Neer,21.271050067438036,12.944162436548224,27.785073433136176,12.350142893318383,19.991121512935216,,0.88,Standard,None,No Evidence,,,
688,2026-09-05,UFC Fight Night: Hooker vs. Parnasse,21.18439928252493,12.81725888324873,29.829926049328908,15.460695293564376,20.2764758513619,7.616279069767443,1.0,Standard,Very Low,Acceleration Only,,,76.16279069767442
689,2020-09-12,UFC Fight Night: Waterson vs. Hill,21.051951174635924,12.690355329949238,34.65594572748055,13.734391625413947,15.566833123736311,5.930232558139536,1.0,Standard,Very Low,Acceleration Only,,,59.30232558139535
690,2017-09-02,UFC Fight Night: Volkov vs. Struve,21.011475571712673,12.563451776649744,24.216365183383967,7.353760445682451,33.57827148739256,7.984496124031008,1.0,Standard,Very Low,Acceleration Only,,,79.84496124031007
691,2017-11-18,UFC Fight Night: Werdum vs. Tybura,20.94718697630916,12.436548223350254,13.982331711314421,18.80434677253154,40.29860073703857,1.375968992248062,1.0,Standard,Very Low,Acceleration Only,,,13.75968992248062
692,2010-10-16,UFC 120: Bisping vs Akiyama,20.90918696906627,12.30964467005076,31.190281155064213,13.53230718785762,13.383035186418939,,0.88,Standard,None,No Evidence,,,
693,2017-07-07,The Ultimate Fighter: Redemption Finale,20.88953329489269,12.18274111675127,25.476670770088884,32.79084560454235,11.039421652769738,6.918604651162791,1.0,Standard,Very Low,Acceleration Only,,,69.18604651162791
694,2008-06-21,The Ultimate Fighter: Team Rampage vs Team Forrest Finale,20.817127559339866,12.055837563451776,18.239781603338514,28.858435183145517,17.617546310215587,,0.88,Standard,None,No Evidence,,,
695,2024-02-03,UFC Fight Night: Dolidze vs. Imavov,20.78971818333685,11.928934010152284,36.41211637148748,10.669126602274234,13.482013979786258,9.069767441860465,1.0,Standard,Very Low,Acceleration Only,,,90.69767441860465
696,1999-07-16,UFC 21: Return of the Champions,20.70578153558081,11.802030456852792,9.978527587229609,44.63392025251469,15.225824592706346,,0.88,Standard,None,No Evidence,,,
697,2006-12-13,UFC Fight Night: Sanchez vs Riggs,20.672872533963282,11.6751269035533,22.67840672346958,13.721651803010873,23.732633669683725,,0.88,Standard,None,No Evidence,,,
698,2018-11-24,UFC Fight Night: Blaydes vs. Ngannou 2,20.61839799608834,11.548223350253807,17.56637452435163,18.39611243239754,32.464496942936265,6.647286821705426,1.0,Standard,Very Low,Acceleration Only,,,66.47286821705426
699,2014-06-28,UFC Fight Night: Swanson vs Stephens,20.59647069891621,11.421319796954315,20.12946617655957,6.36715946063124,37.68415499324679,9.437984496124031,1.0,Standard,Very Low,Acceleration Only,,,94.37984496124031
700,2015-11-21,UFC Fight Night: Magny vs Gastelum,20.551259827183014,11.294416243654823,24.899352225200477,23.613978331797068,18.93797615983862,5.038759689922481,1.0,Standard,Very Low,Acceleration Only,,,50.3875968992248
701,2011-01-22,UFC Fight Night: Fight for the Troops 2,20.315637962759745,11.16751269035533,23.247811840891647,12.251323421239855,23.065237997191062,,0.88,Standard,None,No Evidence,,,
702,2016-11-19,UFC Fight Night: Mousasi vs. Hall 2,20.303893303841555,11.040609137055837,22.945689702038106,17.103891389955248,27.877408891952083,0.62015503875969,1.0,Standard,Very Low,Acceleration Only,,,6.2015503875969
703,2019-11-09,UFC Fight Night: Zabit vs. Kattar,20.14436542139847,10.913705583756345,21.366820164910887,9.183518431429295,32.86848895428291,7.6937984496124034,1.0,Standard,Very Low,Acceleration Only,,,76.93798449612403
704,2013-04-13,The Ultimate Fighter: Team Jones vs. Team Sonnen Finale,19.969128995003516,10.786802030456853,14.396591629479401,22.31180743138475,25.408496083847222,,0.88,Standard,None,No Evidence,,,
705,2009-02-07,UFC Fight Night: Lauzon vs Stephens,19.922695263247192,10.65989847715736,31.30454272795877,8.891461370570006,13.943767525291719,,0.88,Standard,None,No Evidence,,,
706,2018-10-27,UFC Fight Night: Oezdemir vs. Smith,19.88125574504535,10.532994923857867,26.095349108012456,17.44819233344786,21.516143733444572,1.5697674418604652,1.0,Standard,Very Low,Acceleration Only,,,15.69767441860465
707,2016-02-21,UFC Fight Night: Cowboy vs Cowboy,19.679152827882362,10.406091370558377,17.776842977143385,14.064695607332753,35.20549503954065,0.07751937984496125,1.0,Standard,Very Low,Acceleration Only,,,0.7751937984496124
708,2021-10-23,UFC Fight Night: Costa vs. Vettori,19.634293988876866,10.279187817258883,19.208218039762038,18.930775460749317,25.726455415471793,8.08139534883721,1.0,Standard,Very Low,Acceleration Only,,,80.81395348837209
709,2008-12-10,UFC Fight Night - Fight for the Troops,19.58858880506022,10.152284263959391,32.13135082140623,1.8485692580400102,17.5863836256553,,0.88,Standard,None,No Evidence,,,
710,2005-04-09,The Ultimate Fighter: Team Couture vs. Team Liddell Finale,19.588144414689772,10.025380710659897,0.4318268306684125,25.088655853663173,40.383572540132704,,0.88,Standard,None,No Evidence,,,
711,1994-03-11,UFC 2: No Way Out,19.490657461539527,9.898477157360407,18.805365101684096,6.785714285714286,30.83242568863351,,0.88,Standard,None,No Evidence,,,
712,2022-06-04,UFC Fight Night: Volkov vs. Rozenstruik,19.49034442715925,9.771573604060913,19.438318553641956,15.041657112991592,31.109565891355267,1.065891472868217,1.0,Standard,Very Low,Acceleration Only,,,10.65891472868217
713,2006-06-28,UFC Fight Night 5,19.474208907339026,9.644670050761421,32.7810099394346,9.59625537956431,10.004255084170534,,0.88,Standard,None,No Evidence,,,
714,2000-04-14,UFC 25: Ultimate Japan 3,19.44118500781261,9.517766497461928,28.822415254203726,16.88820330474796,9.141651438313165,,0.88,Standard,None,No Evidence,,,
715,2013-06-08,UFC on FUEL TV: Nogueira vs. Werdum,19.18692501531795,9.390862944162437,12.985405995388566,16.214125431469036,29.82373194981481,,0.88,Standard,None,No Evidence,,,
716,1998-05-15,UFC 17: Redemption,19.1273970144437,9.263959390862944,8.809741023848781,45.41380654484608,11.169034602042178,,0.88,Standard,None,No Evidence,,,
717,2006-04-06,UFC Fight Night 4,18.81039906789865,9.137055837563452,30.5325756745077,0.16248839368616527,18.638306605839798,,0.88,Standard,None,No Evidence,,,
718,2012-06-01,The Ultimate Fighter: Live Finale,18.71787985483361,9.01015228426396,3.7981088629312625,11.461732325242075,44.39369842201189,,0.88,Standard,None,No Evidence,,,
719,2011-03-26,UFC Fight Night: Nogueira vs Davis,18.68650106174626,8.883248730964468,24.81211179122672,5.137459309818678,21.721514036873316,,0.88,Standard,None,No Evidence,,,
720,2007-06-23,The Ultimate Fighter: Team Pulver vs. Team Penn Finale,18.642528627948444,8.756345177664974,1.7527041583085545,28.158356527423035,33.14465233111845,,0.88,Standard,None,No Evidence,,,
721,2023-02-25,UFC Fight Night: Muniz vs. Allen,18.457987569288893,8.629441624365482,22.60145104810802,3.3204307299014815,29.058581344293867,9.961240310077521,1.0,Standard,Very Low,Acceleration Only,,,99.6124031007752
722,2020-07-15,UFC Fight Night: Kattar vs. Ige,18.117342993358175,8.50253807106599,17.651108484531846,14.092683704261333,28.67441618690657,2.635658914728683,1.0,Standard,Very Low,Acceleration Only,,,26.356589147286826
723,2007-04-21,UFC 70: Nations Collide,18.11723528223914,8.375634517766498,8.625958629764124,26.763578052011436,23.556926440696742,,0.88,Standard,None,No Evidence,,,
724,2011-11-05,UFC 138: Leben vs Munoz,18.027321254721546,8.248730964467004,8.495991331213435,12.56666187680841,35.10783457121448,,0.88,Standard,None,No Evidence,,,
725,2012-01-20,UFC on FX: Guillard vs Miller,17.953984899760275,8.121827411167512,12.6853888376473,11.678423711849895,30.070983529050228,,0.88,Standard,None,No Evidence,,,
726,2014-11-08,UFC Fight Night 56: Shogun vs Saint Preux,17.799554391755194,7.994923857868021,5.995055986681078,25.79432074998905,33.96126793023136,1.1627906976744187,1.0,Standard,Very Low,Acceleration Only,,,11.627906976744185
727,1996-07-12,UFC 10: The Tournament,17.716273930968633,7.868020304568528,30.773321551351593,6.785714285714286,9.440992141207227,,0.88,Standard,None,No Evidence,,,
728,2014-10-04,UFC Fight Night: Nelson vs Story,17.31309733982095,7.741116751269035,21.67790951754382,7.854670863027409,26.5934344146875,0.32945736434108536,1.0,Standard,Very Low,Acceleration Only,,,3.2945736434108532
729,2024-04-27,UFC Fight Night: Nicolau vs. Perez,17.255304715084627,7.614213197969544,24.822897959776014,9.980478988297191,18.69924078192221,4.496124031007752,1.0,Standard,Very Low,Acceleration Only,,,44.96124031007752
730,2016-11-26,UFC Fight Night: Whittaker vs. Brunson,17.241216294673045,7.487309644670051,18.773185218527196,3.3658310120705663,33.845752087607586,0.36821705426356593,1.0,Standard,Very Low,Acceleration Only,,,3.6821705426356592
731,2008-01-23,UFC Fight Night: Swick vs Burkman,17.10952426257792,7.3604060913705585,30.670605460561536,1.6945218198700094,11.851847543181075,,0.88,Standard,None,No Evidence,,,
732,1999-11-19,UFC 23: Ultimate Japan 2,16.347433817277537,7.233502538071066,22.977498813824205,13.982477990530697,9.52891878666863,,0.88,Standard,None,No Evidence,,,
733,1997-07-27,UFC 14: Showdown,16.334652749188564,7.1065989847715745,11.503869597949492,16.939305204312525,22.22150882518837,,0.88,Standard,None,No Evidence,,,
734,2015-10-24,UFC Fight Night: Holohan vs Smolka,16.27150387549841,6.979695431472082,32.17005786408888,1.0909935004642526,13.808897035646684,2.0930232558139537,1.0,Standard,Very Low,Acceleration Only,,,20.930232558139537
735,2017-07-16,UFC Fight Night: Nelson vs. Ponzinibbio,15.847044432342384,6.852791878172589,16.337868060233077,4.951826261018462,27.61743089957987,7.751937984496125,1.0,Standard,Very Low,Acceleration Only,,,77.51937984496125
736,2022-02-19,UFC Fight Night: Walker vs. Hill,15.330731461524369,6.725888324873096,16.8383561862622,21.886855020559754,11.608156957539888,6.8023255813953485,1.0,Standard,Very Low,Acceleration Only,,,68.02325581395348
737,2014-08-23,UFC Fight Night: Bisping vs Le,15.323395801477831,6.598984771573605,8.896790830509927,14.15922053805062,29.09662676319046,5.232558139534884,1.0,Standard,Very Low,Acceleration Only,,,52.32558139534884
738,2020-11-28,UFC Fight Night: Smith vs. Clark,14.997482875199955,6.472081218274112,8.277889142486115,16.286832142939684,29.05430045539622,0.44573643410852715,1.0,Standard,Very Low,Acceleration Only,,,4.457364341085271
739,2007-01-25,UFC Fight Night: Evans vs Salmon,14.940318483224518,6.345177664974619,28.447406781519486,1.821919955624691,7.867493451006022,,0.88,Standard,None,No Evidence,,,
740,2010-06-19,The Ultimate Fighter: Team Liddell vs Team Ortiz Finale,14.874208073395444,6.218274111675127,5.688971807093699,18.21660697705266,24.266299754432897,,0.88,Standard,None,No Evidence,,,
741,1999-05-07,UFC 20: Battle for the Gold,14.718755682166602,6.091370558375635,15.493768913605553,1.9155844155844155,24.21152173817193,,0.88,Standard,None,No Evidence,,,
742,2006-08-17,UFC Fight Night 6,14.560647450596251,5.964467005076142,12.959255413154107,2.651665882863654,26.459150359282287,,0.88,Standard,None,No Evidence,,,
743,2002-06-22,UFC 37.5: As Real As It Gets,14.531237824917108,5.83756345177665,7.406636394713589,2.5,33.82869221386795,,0.88,Standard,None,No Evidence,,,
744,2012-10-05,UFC on FX: Browne vs Bigfoot,14.376250862523113,5.710659898477157,21.1994885157928,11.678423711849895,7.575901980184024,,0.88,Standard,None,No Evidence,,,
745,2012-12-15,The Ultimate Fighter: Team Carwin vs. Team Nelson Finale,14.152332495504037,5.583756345177665,15.34602583865995,11.111191501163646,15.07303210882762,,0.88,Standard,None,No Evidence,,,
746,2015-07-12,The Ultimate Fighter: American Top Team vs. Blackzilians Finale,14.017622006132745,5.456852791878172,10.518309294834879,6.480845060232247,30.674077054583737,0.3875968992248062,1.0,Standard,Very Low,Acceleration Only,,,3.875968992248062
747,2014-08-30,UFC 177: Dillashaw vs Soto,13.793865351367458,5.32994923857868,16.468821339711635,10.320528557415633,13.11220016180165,,0.88,Standard,None,No Evidence,,,
748,2021-07-31,UFC Fight Night: Hall vs. Strickland,13.691747556356288,5.203045685279188,8.373556987504527,4.202510581340665,33.908556777629904,1.1046511627906976,1.0,Standard,Very Low,Acceleration Only,,,11.046511627906977
749,2014-07-19,UFC Fight Night: McGregor vs Brandao,13.282080407795364,5.0761421319796955,16.341512016638518,11.398425158870841,15.565247220037312,2.131782945736434,1.0,Standard,Very Low,Acceleration Only,,,21.31782945736434
750,2007-04-05,UFC Fight Night: Stevenson vs Guillard,13.23540745165309,4.949238578680204,13.95036087694064,7.115019203482766,17.318109343520167,,0.88,Standard,None,No Evidence,,,
751,2005-08-06,UFC Fight Night 1,13.172643452893062,4.822335025380711,30.266416837053903,0.0,1.4048286029855415,,0.88,Standard,None,No Evidence,,,
752,2022-11-19,UFC Fight Night: Nzechukwu vs. Cutelaba,13.069632328352627,4.695431472081219,19.386107132337518,12.857892497325281,10.008028973847676,1.1434108527131783,1.0,Standard,Very Low,Acceleration Only,,,11.434108527131782
753,2018-07-06,The Ultimate Fighter: Undefeated Finale,13.0603203967681,4.568527918781726,10.412116832201052,6.216273717323894,27.454987640895034,0.7558139534883721,1.0,Standard,Very Low,Acceleration Only,,,7.55813953488372
754,2014-05-31,UFC Fight Night: Munoz vs Mousasi,12.598014053558277,4.441624365482234,14.420735900091499,8.707207370160015,16.01880525263019,6.453488372093024,1.0,Standard,Very Low,Acceleration Only,,,64.53488372093024
755,2014-01-15,UFC Fight Night: Rockhold vs Philippou,12.427044805075509,4.314720812182741,26.1027835853283,5.821659046943206,4.044138853937316,2.48062015503876,1.0,Standard,Very Low,Acceleration Only,,,24.8062015503876
756,2005-10-03,UFC Fight Night 2,12.375862146893017,4.187817258883249,5.6026386909100285,17.398746933886024,17.200252067269137,,0.88,Standard,None,No Evidence,,,
757,1997-05-30,UFC 13: The Ultimate Force,11.895441729262698,4.060913705583756,9.338747024942112,1.3636363636363635,23.92505699602225,,0.88,Standard,None,No Evidence,,,
758,2011-09-17,UFC Fight Night: Shields vs Ellenberger,11.652118365149924,3.934010152284264,12.297083314520862,8.882952442498441,13.074515261373472,,0.88,Standard,None,No Evidence,,,
759,2015-04-11,UFC Fight Night: Gonzaga vs Cro Cop 2,11.532023054984785,3.807106598984772,8.838624974238433,8.852323832482643,21.304400774166023,2.1705426356589146,1.0,Standard,Very Low,Acceleration Only,,,21.705426356589147
760,2014-06-28,UFC Fight Night: Te Huna vs Marquardt,11.339806682033185,3.6802030456852792,5.373874246387775,12.241745381975482,19.712831083028227,8.468992248062015,1.0,Standard,Very Low,Acceleration Only,,,84.68992248062015
761,2014-03-01,UFC Fight Night: Kim vs Hathaway,11.249615783512459,3.5532994923857872,6.1882555510610375,4.143182722569909,26.86895811855799,4.0310077519379846,1.0,Standard,Very Low,Acceleration Only,,,40.310077519379846
762,2016-12-09,UFC Fight Night: Lewis vs. Abdurakhimov,11.049826502760821,3.4263959390862944,16.000329813328076,1.5088207985143918,17.072678952770623,0.019379844961240313,1.0,Standard,Very Low,Acceleration Only,,,0.1937984496124031
763,2011-06-04,The Ultimate Fighter: Team Lesnar vs Team dos Santos Finale,10.918312704243828,3.2994923857868024,3.276272421777746,11.75011154119789,20.333459747147455,,0.88,Standard,None,No Evidence,,,
764,2014-05-31,UFC Fight Night: Miocic vs Maldonado,10.863629910896428,3.1725888324873095,10.200690863036305,8.395487261439945,18.314927368936683,0.25193798449612403,1.0,Standard,Very Low,Acceleration Only,,,2.5193798449612403
765,2005-11-05,The Ultimate Fighter: Team Hughes vs. Team Franklin Finale,10.862741793818552,3.0456852791878175,2.5030637452511946,0.0,30.83242568863351,,0.88,Standard,None,No Evidence,,,
766,1998-03-13,UFC 16: Battle in the Bayou,10.584588062565558,2.918781725888325,12.278997146501792,15.853758247608905,4.017300549649928,,0.88,Standard,None,No Evidence,,,
767,2020-06-13,UFC Fight Night: Eye vs. Calvillo,10.376798849615463,2.7918781725888326,10.382003345394816,6.194644850195285,14.23252821759153,9.37984496124031,1.0,Standard,Very Low,Acceleration Only,,,93.7984496124031
768,2007-02-03,UFC 67: All or Nothing,10.107251534506366,2.66497461928934,6.911535162120498,8.695105783569344,15.490139322000248,,0.88,Standard,None,No Evidence,,,
769,2012-04-14,UFC on FUEL TV: Gustafsson vs Silva,9.761349400697778,2.5380710659898478,6.2222569805016805,3.721556994537496,19.399265289588566,,0.88,Standard,None,No Evidence,,,
770,2009-04-01,UFC Fight Night: Condit vs Kampmann,9.222229411100937,2.4111675126903553,18.21815801185508,3.072869563120259,2.3860122066599465,,0.88,Standard,None,No Evidence,,,
771,2012-12-14,UFC on FX: Sotiropoulos vs Pearson,8.760417921558842,2.284263959390863,5.243906371945124,8.424082079632514,13.683512625130733,,0.88,Standard,None,No Evidence,,,
772,2007-12-08,The Ultimate Fighter: Team Hughes vs. Team Serra Finale,7.956559708786246,2.1573604060913705,0.9400215429666083,0.8820798514391829,23.039593596440138,,0.88,Standard,None,No Evidence,,,
773,2011-12-03,The Ultimate Fighter: Team Bisping vs Team Miller Finale,7.341789668923029,2.030456852791878,1.4476196311895715,5.373874036826684,16.747016488007095,,0.88,Standard,None,No Evidence,,,
774,2013-04-06,UFC on FUEL TV: Mousasi vs Latifi,6.8909894722804,1.903553299492386,11.721334555145724,6.630129387789555,0.7223113964686998,,0.88,Standard,None,No Evidence,,,
775,2012-06-08,UFC on FX: Johnson vs McCall,6.723623329867551,1.7766497461928936,8.751120685762938,5.821659046943206,4.785329627693646,,0.88,Standard,None,No Evidence,,,
776,2010-12-04,The Ultimate Fighter: Team GSP vs Team Koscheck Finale,6.405856269918867,1.6497461928934012,9.159114803372054,9.775134957743228,0.0,,0.88,Standard,None,No Evidence,,,
777,2006-06-24,The Ultimate Fighter: Team Ortiz vs. Team Shamrock Finale,5.621636782751387,1.5228426395939088,0.38112990924864065,0.9090909090909091,16.41761211895826,,0.88,Standard,None,No Evidence,,,
778,1996-02-16,UFC 8: David vs Goliath,5.285397982810195,1.3959390862944163,2.79497416779004,6.785714285714286,7.343912489558465,,0.88,Standard,None,No Evidence,,,
779,2014-12-12,The Ultimate Fighter: A Champion Will Be Crowned Finale,4.903302936083296,1.2690355329949239,8.521571450359678,6.912419057265853,0.0,1.3372093023255813,1.0,Standard,Very Low,Acceleration Only,,,13.372093023255813
780,2009-12-05,The Ultimate Fighter: Heavyweights Finale,4.837537528834599,1.1421319796954315,8.448390404994871,4.917950328375415,0.0,,0.88,Standard,None,No Evidence,,,
781,2007-06-12,UFC Fight Night: Stout vs Fisher,4.127905299158308,1.015228426395939,6.021226917098279,1.1876424411243354,4.041231937408397,,0.88,Standard,None,No Evidence,,,
782,2017-12-01,The Ultimate Fighter: A New World Champion Finale,4.084055367537097,0.8883248730964468,6.547430208939317,4.185172459702735,0.045964331678617396,5.717054263565892,1.0,Standard,Very Low,Acceleration Only,,,57.17054263565892
783,2006-11-11,The Ultimate Fighter: The Comeback Finale,2.6079455349835605,0.7614213197969544,3.8730738717354996,0.0,3.0784097794407077,,0.88,Standard,None,No Evidence,,,
784,2014-01-04,UFC Fight Night: Saffiedine vs Lim,2.438867349811786,0.6345177664974619,0.564207308514386,0.04642525533890437,4.089336543865541,8.953488372093025,1.0,Standard,Very Low,Acceleration Only,,,89.53488372093024
785,2025-08-22,UFC - Road to UFC 4.6,2.3166389422150946,0.5076142131979695,3.323827660567126,0.6963788300835655,,,0.6,Limited,None,No Evidence,,,
786,1994-09-09,UFC 3: The American Dream,1.481448729322651,0.3807106598984772,1.9693915724430624,2.5,0.0,,0.88,Standard,None,No Evidence,,,
787,2008-12-13,The Ultimate Fighter: Team Nogueira vs. Team Mir Finale,1.0337491583006686,0.25380710659898476,1.2321415901805353,1.9730733519034356,0.0,,0.88,Standard,None,No Evidence,,,
788,2000-03-10,UFC 24: First Defense,0.015651438240270727,0.12690355329949238,0.025380710659898477,0.0,,,0.6,Limited,None,No Evidence,,,
