event_name,event_date,total_fights,title_fights,ranked_fighters,ranked_matchups,avg_ufc_experience,total_prior_ufc_fights,avg_ufc_win_pct,avg_win_streak,avg_last5_win_pct,avg_finish_rate,total_prior_ufc_finishes,avg_previous_title_fights,total_previous_title_fights,avg_previous_main_events,total_previous_main_events,avg_previous_bonuses,total_previous_bonuses,main_event_combined_ufc_fights,main_event_avg_win_pct,main_event_combined_win_streak,main_event_combined_title_fights,main_event_combined_previous_main_events,main_event_combined_bonuses,main_event_f1_rank,main_event_f2_rank,main_event_ranked_fighters,event_avg_baseline,event_avg_fight_week,event_avg_log_hype,total_ranking_points,avg_ranking_points,main_event_f1_rank_points,main_event_f2_rank_points,main_event_ranking_points,rankings_available,bonus_history_available,trends_available,card_quality_score,star_experience_score,main_event_score,fanfare_score,event_strength_index,event_strength_rank
UFC 214: Cormier vs. Jones 2,2017-07-29,12,3,12,6,8.083333333333334,194,0.6344195102283338,1.9166666666666667,0.5979166666666667,0.5389389271790588,82,1.2916666666666667,31,1.6666666666666667,40,2.4166666666666665,58,26.0,0.9150326797385621,17.0,14.0,16.0,10.0,0.0,1.0,2.0,7.783333333333333,51.785714285714285,1.961063130966221,138.0,5.75,16.0,15.0,31.0,True,True,True,92.4214930473698,96.33162442624268,89.48050155305489,52.07920792079208,90.49961418746466,1
UFC Freedom 250,2026-06-14,7,2,11,5,11.0,154,0.7464230853631777,2.4285714285714284,0.7428571428571428,0.7058261183261184,76,1.9285714285714286,27,3.7142857142857144,52,5.285714285714286,74,24.0,0.8333333333333333,11.0,6.0,14.0,20.0,0.0,1.0,2.0,8.305555555555555,35.57142857142857,1.61457276151892,118.0,8.428571428571429,16.0,15.0,31.0,True,True,True,95.44739438736663,99.90108803165184,82.78622565318021,26.534653465346537,89.316830132081,2
UFC 217: Bisping vs. St-Pierre,2017-11-04,11,3,11,5,8.727272727272727,192,0.7793493543493544,2.3181818181818183,0.7545454545454544,0.5540160862529283,77,1.5,33,2.1818181818181817,48,2.3181818181818183,51,47.0,0.8453703703703703,17.0,15.0,24.0,13.0,0.0,,1.0,13.661111111111111,46.57142857142857,1.4717428239949113,130.0,5.909090909090909,16.0,0.0,16.0,True,True,True,96.39050459676416,96.78007353235462,84.55548220124585,20.0,89.11786488216808,3
UFC 239: Jones vs. Santos,2019-07-06,12,2,10,4,8.458333333333334,203,0.620628261593552,1.5416666666666667,0.6124999999999999,0.4696148758648759,76,1.1666666666666667,28,1.9583333333333333,47,2.5416666666666665,61,38.0,0.8347953216374269,6.0,13.0,17.0,13.0,0.0,2.0,2.0,8.094444444444445,41.785714285714285,1.9222543117867716,108.0,4.5,16.0,14.0,30.0,True,True,True,84.40603964988212,97.08978758612726,85.81722034494784,47.72277227722772,86.1661674738304,4
UFC 269: Oliveira vs. Poirier,2021-12-11,14,2,12,5,8.714285714285714,244,0.6958896923182637,1.8571428571428572,0.6583333333333334,0.5802542069459362,106,0.75,21,1.3214285714285714,37,2.8214285714285716,79,54.0,0.7518518518518519,12.0,3.0,13.0,29.0,0.0,1.0,2.0,8.194444444444445,42.42857142857143,1.7934668533349132,112.0,4.0,16.0,15.0,31.0,True,True,True,92.18628867833547,92.05230146657698,79.93990275924249,37.82178217821782,85.76065077466207,5
UFC 322: Della Maddalena vs. Makhachev,2025-11-15,14,2,11,4,9.678571428571429,271,0.7062697674590257,2.1785714285714284,0.6702380952380953,0.5661411680056638,108,1.1071428571428572,31,1.25,35,2.5357142857142856,71,25.0,0.9705882352941176,23.0,6.0,8.0,12.0,0.0,,1.0,6.866666666666667,43.28571428571429,1.929023932280639,107.0,3.8214285714285716,16.0,0.0,16.0,True,True,True,92.66862883132798,93.78170971344512,75.27665485142423,48.91089108910891,85.5414199707752,6
UFC 276: Adesanya vs. Cannonier,2022-07-02,12,2,13,5,12.875,309,0.7108691923330083,2.125,0.6444444444444445,0.515049543324715,110,1.0833333333333333,26,2.0,48,3.375,81,25.0,0.766025641025641,4.0,7.0,10.0,12.0,0.0,2.0,2.0,5.733333333333333,33.07142857142857,1.9290160192471504,108.0,4.5,16.0,14.0,30.0,True,True,True,91.89974008817018,97.77645793589441,69.74905454833846,48.71287128712871,84.56437044809965,7
UFC 323: Dvalishvili vs. Yan 2,2025-12-06,14,2,13,5,10.035714285714286,281,0.7176714504886098,2.4285714285714284,0.6630952380952382,0.5681895485466913,106,1.0714285714285714,30,1.3571428571428572,38,2.8214285714285716,79,31.0,0.8041666666666667,17.0,8.0,5.0,7.0,0.0,3.0,2.0,1.905555555555556,5.571428571428571,1.2770475510081187,130.0,4.642857142857143,16.0,13.0,29.0,True,True,True,94.16973496474355,95.2281705952264,73.23877085476046,13.06930693069307,84.1000332376668,8
UFC 232: Jones vs. Gustafsson 2,2018-12-29,13,2,9,3,8.461538461538462,220,0.6561539883888889,1.4615384615384615,0.5923076923076922,0.553998778998779,95,1.6538461538461537,43,2.4615384615384617,64,2.0384615384615383,53,32.0,0.8277310924369747,2.0,13.0,19.0,12.0,1.0,2.0,2.0,2.9055555555555554,24.92857142857143,1.9402316632827323,70.0,2.6923076923076925,15.0,14.0,29.0,True,True,True,85.74758927128215,95.37537789018596,76.4645648471525,50.0990099009901,83.5872001302546,9
UFC 308: Topuria vs. Holloway,2024-10-26,13,1,9,4,8.615384615384615,224,0.7157881672080456,1.6153846153846154,0.6615384615384616,0.488408160466984,84,0.6923076923076923,18,1.6923076923076923,44,2.5384615384615383,66,36.0,0.8793103448275862,10.0,10.0,13.0,16.0,0.0,2.0,2.0,8.838888888888889,49.142857142857146,1.8164842792570957,84.0,3.230769230769231,16.0,14.0,30.0,True,True,True,78.50722937758981,92.34560129621896,89.49807699050425,39.20792079207921,83.2991112118459,10
UFC 309: Jones vs. Miocic,2024-11-16,12,1,8,3,10.458333333333334,251,0.6427394846533868,1.0833333333333333,0.6166666666666667,0.5972804972804973,105,1.1666666666666667,28,1.9166666666666667,46,3.4166666666666665,82,41.0,0.8661616161616161,5.0,24.0,30.0,17.0,0.0,8.0,2.0,4.25,33.5,2.072630179151005,69.0,2.875,16.0,8.0,24.0,True,True,True,75.7219712507312,98.20098566245662,83.63508320376022,59.20792079207921,82.88995591663866,11
UFC 235: Jones vs. Smith,2019-03-02,12,2,15,7,8.166666666666666,196,0.7041049348161418,1.4583333333333333,0.6784722222222221,0.5353936232612703,74,1.0833333333333333,26,1.7083333333333333,41,2.125,51,29.0,0.8222222222222222,4.0,12.0,16.0,11.0,0.0,3.0,2.0,1.8388888888888888,1.6428571428571428,0.7805057768947328,123.0,5.125,16.0,13.0,29.0,True,True,True,89.5971172620557,94.04502889236893,77.52334667635799,1.3861386138613863,82.67641506151499,12
UFC 168: Weidman vs Silva 2,2013-12-28,11,2,9,3,7.545454545454546,166,0.5426725235548766,1.0454545454545454,0.4659090909090909,0.516139542275906,68,0.6818181818181818,15,1.2727272727272727,28,2.090909090909091,46,23.0,0.9705882352941176,6.0,13.0,18.0,15.0,0.0,1.0,2.0,,,,107.0,4.863636363636363,16.0,15.0,31.0,True,True,False,76.96034414752782,87.69924290473539,85.92598786285053,,82.61762604636856,13
UFC 281: Adesanya vs. Pereira,2022-11-12,14,2,12,5,8.892857142857142,249,0.6951305117188575,1.7142857142857142,0.6464285714285715,0.5068272005772005,80,1.1071428571428572,31,1.5357142857142858,43,2.25,63,16.0,0.9615384615384616,6.0,8.0,9.0,8.0,0.0,4.0,2.0,9.11111111111111,48.57142857142857,1.8452165373442448,109.0,3.892857142857143,16.0,12.0,28.0,True,True,True,89.79251171974526,94.51342884809151,70.08500156785156,40.5940594059406,82.60056534057348,14
UFC 317: Topuria vs. Oliveira,2025-06-28,11,2,9,4,10.181818181818182,224,0.7206381519549968,1.5,0.7007575757575758,0.5928530461633228,93,0.5454545454545454,12,1.1818181818181819,26,3.0,66,42.0,0.8484848484848485,9.0,5.0,9.0,25.0,,2.0,1.0,8.377777777777776,43.64285714285714,1.778751810569955,87.0,3.9545454545454546,0.0,14.0,14.0,True,True,True,90.9636983280199,87.45037270743312,74.14866590957574,36.83168316831683,82.3342564393548,15
UFC 249: Ferguson vs. Gaethje,2020-05-09,11,2,12,4,11.272727272727273,248,0.7245994766738254,1.7727272727272727,0.6727272727272727,0.6996875873358087,112,0.9545454545454546,21,2.272727272727273,50,4.363636363636363,96,22.0,0.8020833333333333,15.0,1.0,7.0,17.0,1.0,4.0,2.0,8.11111111111111,12.214285714285715,1.0325072757976992,108.0,4.909090909090909,15.0,12.0,27.0,True,True,True,94.29467920991341,97.55951036060533,64.78881873562527,5.148514851485149,81.80182063737854,16
UFC 194: Aldo vs McGregor,2015-12-12,12,2,12,5,6.833333333333333,164,0.7666246947496947,2.8333333333333335,0.7479166666666668,0.5686598124098124,75,0.6666666666666666,16,1.2083333333333333,29,1.875,45,13.0,1.0,13.0,8.0,7.0,8.0,0.0,1.0,2.0,11.727777777777778,53.78571428571429,1.7807230353067909,134.0,5.583333333333333,16.0,15.0,31.0,True,True,True,90.76496752256271,85.01824227246435,74.12347232202667,37.42574257425743,81.66887640246205,17
UFC 162: Silva vs Weidman,2013-07-06,11,1,7,3,7.2727272727272725,160,0.5944260285169376,1.5909090909090908,0.5750000000000001,0.45606060606060606,68,0.8636363636363636,19,1.3181818181818181,29,2.0454545454545454,45,21.0,1.0,21.0,11.0,16.0,14.0,0.0,1.0,2.0,,,,79.0,3.590909090909091,16.0,15.0,31.0,True,True,False,70.39433395482453,90.12285561453284,89.24966863770976,,81.54036639671152,18
UFC 300: Pereira vs. Hill,2024-04-13,13,2,18,6,13.692307692307692,356,0.6851161756705704,1.3461538461538463,0.6237179487179486,0.5905320640897563,142,1.8846153846153846,49,3.0,78,4.846153846153846,126,15.0,0.8571428571428571,6.0,4.0,6.0,7.0,0.0,1.0,2.0,10.544444444444444,40.0,1.6050304076810264,191.0,7.346153846153846,16.0,15.0,31.0,True,True,True,92.34598203982027,99.71664960513412,60.756837294018574,26.33663366336634,81.41143808858553,19
UFC 167: St-Pierre vs Hendricks,2013-11-16,12,1,8,3,7.583333333333333,182,0.5700075600569021,1.3333333333333333,0.5479166666666666,0.48753688441188436,63,0.8333333333333334,20,1.25,30,1.875,45,30.0,0.9282296650717703,17.0,12.0,11.0,9.0,0.0,1.0,2.0,,,,87.0,3.625,16.0,15.0,31.0,True,True,False,70.99166323381257,87.96325164890192,88.77852718458789,,81.07477511697566,20
UFC 328: Chimaev vs. Strickland,2026-05-09,13,2,8,3,12.076923076923077,314,0.7152261577035331,1.5769230769230769,0.6653846153846155,0.5929936035139656,116,0.19230769230769232,5,1.3461538461538463,35,2.8846153846153846,75,33.0,0.8541666666666667,10.0,4.0,10.0,11.0,0.0,3.0,2.0,2.9611111111111112,15.857142857142858,1.6895144360514798,91.0,3.5,16.0,13.0,29.0,True,True,True,92.04961087508254,75.46216009071647,79.2749663552098,30.693069306930692,81.0025277446216,21
UFC 112: Invincible,2010-04-10,10,2,0,0,5.3,106,0.6880952380952381,1.7,0.6691666666666667,0.5221212121212122,52,1.3,26,1.35,27,1.55,31,17.0,0.9285714285714286,11.0,6.0,9.0,12.0,,,0.0,,,,0.0,0.0,0.0,0.0,0.0,False,True,False,80.65879031818342,87.68657741974505,75.56938103644259,,80.90102609804464,22
UFC 324: Gaethje vs. Pimblett,2026-01-24,11,1,14,6,10.5,231,0.7204002337375544,1.5909090909090908,0.6772727272727274,0.5849698281516463,97,1.0454545454545454,23,2.1818181818181817,48,3.409090909090909,75,21.0,0.8214285714285714,8.0,2.0,9.0,17.0,4.0,5.0,2.0,6.005555555555556,40.42857142857143,1.9456282271797385,130.0,5.909090909090909,12.0,11.0,23.0,True,True,True,85.47037718702798,97.66300625123058,65.01284925852862,50.89108910891089,80.65231167062296,23
UFC 211: Miocic vs. Dos Santos,2017-05-13,12,2,11,4,7.541666666666667,181,0.6633874703727645,2.0833333333333335,0.6736111111111112,0.4554029304029304,69,0.9166666666666666,22,1.5,36,2.4166666666666665,58,27.0,0.8166666666666667,5.0,6.0,13.0,12.0,0.0,,1.0,7.805555555555555,50.642857142857146,1.921870541100964,123.0,5.125,16.0,0.0,16.0,True,True,True,85.48540245446462,94.03785066749667,67.4887275957353,47.524752475247524,80.32647955114298,24
UFC 296: Edwards vs. Covington,2023-12-16,12,2,15,7,10.25,246,0.694791338047917,1.5416666666666667,0.6104166666666667,0.4944673382173382,83,0.625,15,1.25,30,2.625,63,31.0,0.8333333333333334,4.0,5.0,10.0,4.0,0.0,3.0,2.0,3.5055555555555555,27.285714285714285,1.9826680759668784,126.0,5.25,16.0,13.0,29.0,True,True,True,89.85633062387596,89.25813103086301,64.49663263607367,53.069306930693074,80.2595201446229,25
UFC 207: Nunes vs. Rousey,2016-12-30,10,2,12,6,8.25,165,0.696015406162465,1.45,0.675,0.5789772727272727,69,0.95,19,1.35,27,2.35,47,14.0,0.8571428571428571,4.0,8.0,6.0,9.0,0.0,1.0,2.0,6.855555555555555,30.642857142857142,1.6799188294581158,123.0,6.15,16.0,15.0,31.0,True,True,True,90.6493707305463,93.03006217093316,63.763559934809045,30.099009900990097,80.15128231044403,26
UFC 320: Ankalaev vs. Pereira 2,2025-10-04,14,2,10,5,7.857142857142857,220,0.6237634389420103,1.7857142857142858,0.5958333333333333,0.48946044035329755,79,0.6785714285714286,19,1.3214285714285714,37,1.9642857142857142,55,26.0,0.8706293706293706,3.0,9.0,11.0,9.0,0.0,1.0,2.0,9.922222222222222,40.21428571428572,1.6327571266314895,117.0,4.178571428571429,16.0,15.0,31.0,True,True,True,85.97585796224308,87.18669303205824,74.04645883620412,27.524752475247528,79.7771917175354,27
UFC 241: Cormier vs. Miocic 2,2019-08-17,12,1,9,4,6.791666666666667,163,0.6766407279314888,1.3333333333333333,0.6666666666666666,0.5020983645983645,72,0.7916666666666666,19,1.5833333333333333,38,2.375,57,28.0,0.8583333333333334,3.0,13.0,16.0,13.0,0.0,1.0,2.0,6.488888888888889,45.42857142857143,1.972524114669726,97.0,4.041666666666667,16.0,15.0,31.0,True,True,True,74.94797625510786,92.56551772544599,80.06186135745533,52.27722772277228,79.75298972677986,28
UFC 311: Makhachev vs. Moicano,2025-01-18,13,2,12,5,7.346153846153846,191,0.6814448654663587,2.423076923076923,0.6602564102564104,0.5162324854632547,82,0.38461538461538464,10,1.0769230769230769,28,2.1153846153846154,55,33.0,0.8216911764705883,18.0,4.0,8.0,8.0,0.0,10.0,2.0,2.9944444444444445,18.785714285714285,2.099740766790747,116.0,4.461538461538462,16.0,6.0,22.0,True,True,True,88.77098722559948,78.6563240340843,71.03550164092373,60.59405940594059,79.51282936133501,29
UFC 197: Jones vs Saint Preux,2016-04-23,12,2,11,5,6.041666666666667,145,0.6861701377326378,2.0416666666666665,0.6833333333333332,0.45903379028379027,47,0.9583333333333334,23,1.2083333333333333,29,1.5833333333333333,38,25.0,0.8576388888888888,13.0,9.0,14.0,10.0,1.0,6.0,2.0,6.677777777777778,13.428571428571429,1.2328495100916004,106.0,4.416666666666667,15.0,10.0,25.0,True,True,True,81.88706174008114,85.47310441828044,80.12224955075885,11.08910891089109,78.71423111137477,30
UFC 251: Usman vs. Masvidal,2020-07-11,13,3,10,4,6.8076923076923075,177,0.5720966533466534,1.8076923076923077,0.528846153846154,0.38330762374880023,65,1.1153846153846154,29,1.1153846153846154,29,1.9230769230769231,50,29.0,0.8333333333333333,14.0,2.0,6.0,9.0,0.0,3.0,2.0,3.1444444444444444,56.42857142857143,2.6824238582909685,123.0,4.730769230769231,16.0,13.0,29.0,True,True,True,77.98887010114197,89.21865977997987,69.45624557562094,84.75247524752476,78.57471042051428,31
UFC 259: Blachowicz vs. Adesanya,2021-03-06,15,3,15,4,7.166666666666667,215,0.6500396825396825,2.2666666666666666,0.645,0.379026159026159,76,0.8333333333333334,25,0.8333333333333334,25,1.9666666666666666,59,24.0,0.8333333333333333,13.0,5.0,8.0,13.0,0.0,,1.0,,,,146.0,4.866666666666666,16.0,0.0,16.0,True,True,False,82.7234360850742,83.24246901163198,69.13560274702678,,78.56912895899549,32
UFC 306: Riyadh Season Noche UFC,2024-09-14,10,2,8,4,7.05,141,0.7233954933954935,1.9,0.705,0.5329166666666667,47,0.9,18,0.9,18,2.15,43,24.0,0.8712121212121212,13.0,2.0,3.0,11.0,0.0,1.0,2.0,8.172222222222222,38.92857142857143,1.673057955241123,97.0,4.85,16.0,15.0,31.0,True,True,True,87.80222530111678,86.21797524500592,67.48075028993769,29.504950495049503,78.39485654343197,33
UFC 307: Pereira vs. Rountree Jr.,2024-10-05,12,2,13,6,13.666666666666666,328,0.6364515449219397,1.4583333333333333,0.6104166666666666,0.5091765873015873,95,1.1666666666666667,28,1.6666666666666667,40,2.8333333333333335,68,24.0,0.7658730158730158,9.0,5.0,5.0,8.0,0.0,8.0,2.0,1.8166666666666669,2.142857142857143,0.7271637698174561,123.0,5.125,16.0,8.0,24.0,True,True,True,88.88603246591936,97.02037070655109,61.49828998394839,0.9900990099009901,78.30849760868509,34
UFC 292: Sterling vs. O'Malley,2023-08-19,12,2,9,4,10.25,246,0.6557965863112921,1.5,0.6159722222222223,0.6011679292929293,89,0.5833333333333334,14,0.75,18,2.3333333333333335,56,28.0,0.8611111111111112,10.0,4.0,1.0,8.0,0.0,2.0,2.0,5.061111111111112,40.785714285714285,2.063693586300201,84.0,3.5,16.0,14.0,30.0,True,True,True,89.49252091675463,79.84598826655616,64.7214622479028,58.81188118811881,78.11553816711768,35
UFC 280: Oliveira vs. Makhachev,2022-10-22,12,2,16,8,9.083333333333334,218,0.6924256869790391,2.7083333333333335,0.7020833333333334,0.3817069504569504,80,0.7083333333333334,17,0.7916666666666666,19,2.2916666666666665,55,42.0,0.8204022988505747,21.0,2.0,7.0,19.0,1.0,4.0,2.0,10.177777777777775,41.42857142857143,1.5754917064455,163.0,6.791666666666667,15.0,12.0,27.0,True,True,True,84.08567572201015,82.53014083500983,74.882357485121,24.15841584158416,77.93943353517203,36
UFC 285: Jones vs. Gane,2023-03-04,14,2,10,4,6.5,182,0.578656462585034,1.4285714285714286,0.5761904761904761,0.46509353741496595,72,1.0714285714285714,30,1.4285714285714286,40,1.4642857142857142,41,31.0,0.9206349206349206,5.0,17.0,22.0,10.0,,1.0,1.0,4.322222222222222,28.5,1.92271479265773,97.0,3.4642857142857144,0.0,15.0,15.0,True,True,True,77.43007572149297,86.09315771505639,76.68030314977399,48.118811881188115,77.90535125635289,37
UFC 274: Oliveira vs. Gaethje,2022-05-07,14,1,9,4,8.714285714285714,244,0.5426515683564556,1.4642857142857142,0.5482142857142858,0.5033118200660217,99,0.6785714285714286,19,1.25,35,2.6785714285714284,75,38.0,0.6904761904761905,11.0,4.0,11.0,27.0,0.0,1.0,2.0,2.3944444444444444,18.857142857142858,1.9139707829753887,99.0,3.5357142857142856,16.0,15.0,31.0,True,True,True,73.53203995979857,90.02008196101325,77.5004401239564,46.73267326732674,77.504602174726,38
UFC 148: Silva vs Sonnen 2,2012-07-07,11,1,0,0,7.409090909090909,163,0.5538170163170163,1.4545454545454546,0.525,0.4497113997113997,54,1.1818181818181819,26,1.7727272727272727,39,1.7272727272727273,38,24.0,0.8,16.0,11.0,14.0,13.0,,,0.0,,,,0.0,0.0,0.0,0.0,0.0,False,True,False,64.95358624730049,91.4636910822328,82.21579438710002,,77.38115324800886,39
UFC 229: Khabib vs. McGregor,2018-10-06,12,1,14,6,8.5,204,0.662823083778966,2.0416666666666665,0.6625,0.43858040108040103,72,0.5833333333333334,14,1.4583333333333333,35,2.0833333333333335,50,20.0,0.95,12.0,4.0,8.0,10.0,0.0,1.0,2.0,7.711111111111111,33.285714285714285,1.6396612953531249,142.0,5.916666666666667,16.0,15.0,31.0,True,True,True,78.16909503256853,87.4029862023746,76.1452148472333,27.920792079207924,77.35798862175145,40
UFC 205: Alvarez vs McGregor,2016-11-12,11,3,16,7,10.272727272727273,226,0.7518395379093318,2.3181818181818183,0.7545454545454546,0.5061167998667998,82,1.1818181818181819,26,1.9090909090909092,42,3.227272727272727,71,13.0,0.8194444444444444,4.0,3.0,7.0,9.0,0.0,,1.0,1.6833333333333331,1.8571428571428568,0.7876674843696323,183.0,8.318181818181818,16.0,0.0,16.0,True,True,True,95.82655216319874,98.04497032816982,47.95427375481917,1.5841584158415842,77.30735349455979,41
UFC 315: Muhammad vs. Della Maddalena,2025-05-10,12,2,9,4,9.625,231,0.623894375640699,1.875,0.6201388888888889,0.3925296721252604,67,1.3333333333333333,32,1.0416666666666667,25,2.2083333333333335,53,26.0,0.9166666666666667,13.0,1.0,3.0,8.0,0.0,5.0,2.0,6.733333333333333,42.42857142857143,2.2641923122769274,102.0,4.25,16.0,11.0,27.0,True,True,True,80.93524082829319,91.09814984668564,61.61917471963071,71.88118811881188,77.2284456148185,42
UFC 316: Dvalishvili vs. O'Malley 2,2025-06-07,13,2,10,2,8.23076923076923,214,0.6156320175550944,1.6923076923076923,0.5756410256410256,0.48467995679534137,80,0.34615384615384615,9,0.8461538461538461,22,2.3846153846153846,62,27.0,0.8452380952380952,12.0,5.0,5.0,12.0,0.0,1.0,2.0,6.355555555555556,39.0,1.8581669518869657,87.0,3.3461538461538463,16.0,15.0,31.0,True,True,True,83.94216095854439,74.62365377846741,76.30426058447821,41.584158415841586,77.20326392417016,43
UFC 327: Prochazka vs. Ulberg,2026-04-11,12,1,9,3,11.708333333333334,281,0.668394154578365,1.5416666666666667,0.6124999999999999,0.5802083333333333,111,0.375,9,1.7083333333333333,41,3.75,90,18.0,0.825,11.0,3.0,5.0,11.0,2.0,3.0,2.0,5.261111111111111,50.85714285714286,2.3175519155114093,90.0,3.75,14.0,13.0,27.0,True,True,True,82.63660260025355,85.74215960586419,62.91824564447489,74.45544554455445,77.08842691213766,44
UFC 266: Volkanovski vs. Ortega,2021-09-25,13,2,15,7,7.769230769230769,202,0.6247674109516215,1.5769230769230769,0.607051282051282,0.4892105757490373,72,0.8846153846153846,23,1.4230769230769231,37,1.7692307692307692,46,18.0,0.9375,10.0,3.0,3.0,7.0,0.0,2.0,2.0,4.555555555555555,26.14285714285714,1.757949717659636,156.0,6.0,16.0,14.0,30.0,True,True,True,86.07812159807527,88.94032914727785,61.551947833696886,35.64356435643564,76.91409349398042,45
UFC 226: Miocic vs. Cormier,2018-07-07,11,1,9,4,7.136363636363637,157,0.6753496503496503,1.2272727272727273,0.6416666666666667,0.7150793650793651,80,0.6818181818181818,15,1.0909090909090908,24,2.3181818181818183,51,25.0,0.8785714285714286,7.0,10.0,13.0,12.0,0.0,,1.0,7.311111111111111,35.57142857142857,1.691777303036092,84.0,3.8181818181818183,16.0,0.0,16.0,True,True,True,77.37184325509028,87.46192103590255,74.75959051209635,31.683168316831683,76.82625313048224,46
UFC 245: Usman vs. Covington,2019-12-14,13,3,18,8,8.538461538461538,222,0.6860507139918905,2.4615384615384617,0.6775641025641026,0.41627049421167067,82,1.2307692307692308,32,1.3076923076923077,34,2.0384615384615383,53,21.0,0.9545454545454546,17.0,2.0,3.0,2.0,0.0,2.0,2.0,12.922222222222222,51.285714285714285,1.5813101948173864,199.0,7.653846153846154,16.0,14.0,30.0,True,True,True,88.72403321398805,92.14705544498825,56.7151973590361,24.554455445544555,76.76865912683034,47
UFC 287: Pereira vs. Adesanya 2,2023-04-08,12,1,10,5,8.625,207,0.6618086618618739,1.0416666666666667,0.5881944444444445,0.589781746031746,78,0.5833333333333334,14,1.5833333333333333,38,2.5416666666666665,61,18.0,0.9285714285714286,4.0,10.0,11.0,9.0,0.0,1.0,2.0,6.966666666666667,43.42857142857143,1.8875385642908655,71.0,2.9583333333333335,16.0,15.0,31.0,True,True,True,74.90883821318124,90.25476206319048,73.28011393704803,43.56435643564357,76.68947780396671,48
UFC 267: Blachowicz vs. Teixeira,2021-10-30,14,2,14,6,7.071428571428571,198,0.6375399023245664,1.5,0.6238095238095239,0.48440012368583796,86,0.21428571428571427,6,0.8214285714285714,23,1.9285714285714286,54,36.0,0.71875,10.0,3.0,11.0,13.0,0.0,1.0,2.0,,,,132.0,4.714285714285714,16.0,15.0,31.0,True,True,False,84.09729267105315,65.67814682752903,74.92310883106218,,76.35303834170756,49
UFC 321: Aspinall vs. Gane,2025-10-25,13,2,11,5,7.461538461538462,194,0.6967574908751379,1.9230769230769231,0.6987179487179487,0.5093864468864469,77,0.23076923076923078,6,1.0769230769230769,28,1.8076923076923077,47,21.0,0.8611111111111112,5.0,5.0,10.0,10.0,0.0,1.0,2.0,7.25,36.285714285714285,1.7255805354080715,119.0,4.576923076923077,16.0,15.0,31.0,True,True,True,88.96089259971984,70.06749143314721,71.66559863059716,33.46534653465347,76.27417681408656,50
UFC 302: Makhachev vs. Poirier,2024-06-01,12,1,6,3,10.958333333333334,263,0.6546849228510913,0.9166666666666666,0.5777777777777778,0.5390966672216672,104,0.375,9,1.3333333333333333,32,2.5416666666666665,61,45.0,0.8459770114942529,14.0,6.0,17.0,18.0,0.0,4.0,2.0,2.911111111111111,10.5,1.4077106102192087,64.0,2.6666666666666665,16.0,12.0,28.0,True,True,True,71.31869691178424,82.84584512969609,87.13265726187775,17.227722772277225,76.24012336431491,51
UFC 231: Holloway vs. Ortega,2018-12-08,13,2,11,4,7.384615384615385,192,0.6384663947163947,1.6153846153846154,0.6269230769230769,0.41507659007659015,71,0.5,13,0.7307692307692307,19,1.7307692307692308,45,25.0,0.9166666666666667,18.0,3.0,5.0,10.0,0.0,1.0,2.0,5.133333333333334,46.785714285714285,2.174427731449893,100.0,3.8461538461538463,16.0,15.0,31.0,True,True,True,79.89343338490977,73.26063125876883,74.56218934292035,65.34653465346535,75.90851470420549,52
UFC 199: Rockhold vs. Bisping 2,2016-06-04,13,2,12,4,8.0,208,0.6532038122762105,1.5384615384615385,0.6217948717948718,0.4872752247752248,75,0.4230769230769231,11,1.5,39,2.076923076923077,54,31.0,0.7766666666666666,8.0,1.0,14.0,9.0,0.0,4.0,2.0,1.8888888888888888,3.571428571428571,0.9595218422990424,110.0,4.230769230769231,16.0,12.0,28.0,True,True,True,85.94119381041652,83.28498648747969,66.87966480455255,3.564356435643564,75.43984140918447,53
UFC 305: Du Plessis vs. Adesanya,2024-08-17,12,1,9,4,7.541666666666667,181,0.5711721863376275,0.875,0.5048611111111111,0.5463553807303807,69,0.5833333333333334,14,1.1666666666666667,28,2.1666666666666665,52,23.0,0.90625,7.0,12.0,13.0,12.0,0.0,2.0,2.0,6.28888888888889,34.92857142857143,1.83853097789854,78.0,3.25,16.0,14.0,30.0,True,True,True,66.77577735650623,85.90044464387091,82.90941814194078,40.1980198019802,75.06814853625146,54
UFC 299: O'Malley vs. Vera 2,2024-03-09,14,1,16,7,12.035714285714286,337,0.6580911730720995,1.6428571428571428,0.6285714285714284,0.5296768707482993,125,0.5,14,1.7857142857142858,50,3.607142857142857,101,33.0,0.7909090909090909,3.0,1.0,4.0,14.0,0.0,5.0,2.0,4.383333333333334,32.42857142857143,1.923963323137783,145.0,5.178571428571429,16.0,11.0,27.0,True,True,True,83.43819255122243,90.17058312352053,55.43631378315706,48.31683168316832,74.96465852047464,55
UFC 290: Volkanovski vs. Rodriguez,2023-07-08,13,2,9,4,7.076923076923077,184,0.581783633253445,0.9615384615384616,0.5307692307692308,0.4707875457875457,74,0.7692307692307693,20,1.0384615384615385,27,2.1538461538461537,56,26.0,0.8782051282051282,2.0,7.0,9.0,11.0,0.0,1.0,2.0,9.52777777777778,48.21428571428572,1.7792586454440462,97.0,3.730769230769231,16.0,15.0,31.0,True,True,True,74.2926645621746,86.85575102287861,72.07506969404422,37.02970297029703,74.9050096373176,56
UFC 117: Silva vs Sonnen,2010-08-07,11,1,0,0,6.136363636363637,135,0.641751430387794,1.9545454545454546,0.6386363636363637,0.5197027089072545,60,0.9545454545454546,21,1.0454545454545454,23,1.5454545454545454,34,18.0,0.7857142857142857,14.0,7.0,10.0,9.0,,,0.0,,,,0.0,0.0,0.0,0.0,0.0,False,True,False,73.15382440887888,83.10790992105828,69.71904140791689,,74.68865228020125,57
UFC 261: Usman vs. Masvidal 2,2021-04-24,13,3,10,5,6.923076923076923,180,0.46149873518294565,1.3461538461538463,0.45192307692307687,0.3876779203702281,70,1.0,26,1.3461538461538463,35,2.076923076923077,54,32.0,0.8157894736842105,13.0,5.0,9.0,10.0,0.0,4.0,2.0,2.611111111111111,9.357142857142858,1.3633938916802035,115.0,4.423076923076923,16.0,12.0,28.0,True,True,True,69.23893224228068,91.5698412276305,77.361282963549,16.237623762376238,74.60829928100341,58
UFC 277: Pena vs. Nunes 2,2022-07-30,13,2,10,5,7.461538461538462,194,0.5607550129608954,1.4615384615384615,0.5346153846153846,0.4592943820884997,78,0.6923076923076923,18,1.0384615384615385,27,1.8461538461538463,48,25.0,0.8263888888888888,2.0,11.0,6.0,7.0,0.0,1.0,2.0,5.022222222222222,36.92857142857143,1.99727886376124,121.0,4.653846153846154,16.0,15.0,31.0,True,True,True,79.52218335642213,83.51617798121667,63.902527859433505,54.25742574257426,74.57154748283179,59
UFC 268: Usman vs. Covington 2,2021-11-06,14,2,10,4,6.75,189,0.48809906829864813,0.9285714285714286,0.46428571428571436,0.42177257266542983,64,1.0,28,1.3571428571428572,38,1.9285714285714286,54,27.0,0.9230769230769231,15.0,7.0,9.0,6.0,0.0,1.0,2.0,5.627777777777778,36.35714285714286,1.8951137433601768,105.0,3.75,16.0,15.0,31.0,True,True,True,64.32860840758691,90.73183817266663,79.63615859596688,44.554455445544555,74.53297325726871,60
UFC 200: Tate vs Nunes,2016-07-09,12,2,16,7,10.625,255,0.6998884730935647,1.4166666666666667,0.6388888888888888,0.6059989778739778,110,2.2083333333333335,53,3.5,84,4.166666666666667,100,13.0,0.7738095238095238,8.0,2.0,0.0,4.0,0.0,4.0,2.0,9.005555555555556,20.428571428571427,1.1704779331170752,179.0,7.458333333333333,16.0,12.0,28.0,True,True,True,93.02849021979337,99.81463984907809,39.679814860924466,8.91089108910891,74.51454506291965,61
UFC 154: St-Pierre vs Condit,2012-11-17,12,1,0,0,6.833333333333333,164,0.6224981445569681,1.625,0.5986111111111111,0.5057562229437229,53,0.5416666666666666,13,0.75,18,1.5416666666666667,37,23.0,0.8872549019607843,14.0,11.0,11.0,7.0,,,0.0,,,,0.0,0.0,0.0,0.0,0.0,False,True,False,72.86788124922438,71.47134834389497,78.72879826436103,,74.35118848944401,62
UFC 218: Holloway vs. Aldo 2,2017-12-02,13,1,13,6,5.8076923076923075,151,0.6578395460748402,1.7307692307692308,0.6615384615384615,0.5063644688644688,58,0.6153846153846154,16,0.7307692307692307,19,1.8461538461538463,48,27.0,0.8117647058823529,11.0,12.0,9.0,9.0,0.0,1.0,2.0,5.666666666666666,13.357142857142858,1.154415740206114,141.0,5.423076923076923,16.0,15.0,31.0,True,True,True,75.81556956608465,76.60335213534992,80.43727913804084,7.326732673267326,73.97458623534696,63
UFC 191: Johnson vs Dodson 2,2015-09-05,11,1,9,3,6.863636363636363,151,0.5784409796976642,1.2727272727272727,0.5712121212121213,0.5074640637140637,64,0.9090909090909091,20,1.0909090909090908,24,1.4090909090909092,31,19.0,0.8831168831168831,11.0,9.0,9.0,8.0,0.0,1.0,2.0,3.077777777777777,18.642857142857142,1.8255269297909933,89.0,4.045454545454546,16.0,15.0,31.0,True,True,True,70.95296610093766,81.22742412287933,77.1151900063645,39.603960396039604,73.80279749280622,64
UFC 40: Vendetta,2002-11-22,8,2,0,0,3.625,58,0.6557291666666666,1.5625,0.6593749999999999,0.5001488095238095,25,0.875,14,1.0,16,0.0,0,18.0,0.8166666666666667,6.0,6.0,12.0,0.0,,,0.0,,,,0.0,0.0,0.0,0.0,0.0,False,False,False,72.72774439744678,86.51591388012494,64.54125635944648,,73.77100330194095,65
UFC 314: Volkanovski vs. Lopes,2025-04-12,13,1,12,4,10.692307692307692,278,0.6095833046264081,1.6538461538461537,0.5448717948717949,0.5262485246796987,100,0.5769230769230769,15,0.9230769230769231,24,2.5,65,22.0,0.8229166666666667,5.0,9.0,6.0,6.0,1.0,3.0,2.0,7.527777777777778,41.57142857142857,1.837002760085162,100.0,3.8461538461538463,15.0,13.0,28.0,True,True,True,79.82457189877296,83.82485529088139,62.74116664365179,40.0,73.70839257532506,66
UFC on FOX: Henderson vs Diaz,2012-12-08,11,1,0,0,7.181818181818182,158,0.6453338693470273,1.5454545454545454,0.6348484848484849,0.5160681490226945,66,0.7272727272727273,16,1.1818181818181819,26,1.7272727272727273,38,21.0,0.84375,8.0,2.0,6.0,12.0,,,0.0,,,,0.0,0.0,0.0,0.0,0.0,False,True,False,74.87691347732877,84.68304107812774,62.793117681857815,,73.64153785791662,67
UFC 313: Pereira vs. Ankalaev,2025-03-08,10,1,7,3,7.8,156,0.6213374125874125,1.0,0.5850000000000001,0.4614912864912865,55,0.5,10,1.25,25,2.4,48,24.0,0.9083333333333333,7.0,7.0,9.0,9.0,0.0,1.0,2.0,9.477777777777778,40.57142857142857,1.758946317690007,72.0,3.6,16.0,15.0,31.0,True,True,True,66.94085890151003,85.74231420967261,78.14965577026021,35.84158415841584,73.44889805202102,68
UFC 198: Werdum vs Miocic,2016-05-14,12,1,9,3,8.333333333333334,200,0.6726310726310727,1.9583333333333333,0.6902777777777778,0.631403897028897,94,0.4583333333333333,11,1.625,39,2.125,51,20.0,0.8,8.0,2.0,8.0,8.0,0.0,3.0,2.0,5.266666666666667,16.0,1.318960163807824,81.0,3.375,16.0,13.0,29.0,True,True,True,81.96703779715402,85.20368030131063,61.459380758227745,14.653465346534652,73.25822268898432,69
UFC 264: Poirier vs. McGregor 3,2021-07-10,12,0,10,5,9.375,225,0.6010908195118722,1.125,0.5750000000000001,0.46717469908259385,73,0.625,15,1.6666666666666667,40,2.5833333333333335,62,38.0,0.780448717948718,2.0,6.0,19.0,22.0,1.0,5.0,2.0,5.444444444444445,31.5,1.904168207246082,100.0,4.166666666666667,15.0,11.0,26.0,True,True,True,66.84176020040901,91.42558380098474,71.26073474902572,45.54455445544555,73.24854817788977,70
UFC 263: Adesanya vs. Vettori 2,2021-06-12,14,2,15,6,9.178571428571429,257,0.6547123015873016,1.2857142857142858,0.642857142857143,0.39479231086373945,75,0.4642857142857143,13,1.25,35,2.25,63,20.0,0.8388888888888889,5.0,5.0,8.0,9.0,0.0,3.0,2.0,1.2999999999999998,2.9285714285714284,1.0690153780374263,121.0,4.321428571428571,16.0,13.0,29.0,True,True,True,80.27126177946961,84.46751101930697,65.8140696140396,5.544554455445545,73.24683107359874,71
UFC 225: Whittaker vs. Romero 2,2018-06-09,13,1,14,7,9.5,247,0.5215565417488495,1.3461538461538463,0.4846153846153846,0.3888148208001149,84,0.9230769230769231,24,1.8461538461538463,48,2.576923076923077,67,22.0,0.8666666666666667,9.0,2.0,5.0,12.0,0.0,1.0,2.0,2.8000000000000003,20.428571428571427,1.9122560546756773,158.0,6.076923076923077,16.0,15.0,31.0,True,True,True,66.24945814937325,95.6504493547941,68.31665622603954,46.33663366336634,73.22422414942801,72
UFC 271: Adesanya vs. Whittaker 2,2022-02-12,14,1,8,4,7.857142857142857,220,0.5580945863020335,1.1071428571428572,0.5773809523809524,0.402906162464986,75,0.5714285714285714,16,1.4285714285714286,40,1.9285714285714286,54,28.0,0.8663101604278074,4.0,8.0,13.0,15.0,0.0,1.0,2.0,4.822222222222223,30.07142857142857,1.933678521013617,79.0,2.8214285714285716,16.0,15.0,31.0,True,True,True,62.30665312229832,85.79949969304393,79.92556187777096,49.306930693069305,72.81555127016506,73
UFC 254: Khabib vs. Gaethje,2020-10-24,12,1,8,3,7.416666666666667,178,0.5219135048599816,1.5416666666666667,0.4986111111111111,0.5610771173271173,74,0.25,6,0.9583333333333334,23,1.9166666666666667,46,19.0,0.8571428571428572,16.0,4.0,9.0,11.0,0.0,1.0,2.0,4.922222222222223,45.0,2.2015129391466437,91.0,3.7916666666666665,16.0,15.0,31.0,True,True,True,72.29337515904571,69.7328109610268,74.93973793041128,67.32673267326733,72.19881081666173,74
UFC 247: Jones vs. Reyes,2020-02-08,12,2,7,3,5.75,138,0.5203823953823954,1.4166666666666667,0.5187499999999999,0.34291959867617755,50,0.7916666666666666,19,1.125,27,1.2083333333333333,29,27.0,0.975,9.0,14.0,17.0,9.0,0.0,4.0,2.0,7.477777777777778,36.64285714285714,1.7883754747864566,86.0,3.5833333333333335,16.0,12.0,28.0,True,True,True,63.04114287462113,75.85595857077276,85.69072547322278,37.62376237623762,71.76885255332036,75
UFC 319: Du Plessis vs. Chimaev,2025-08-16,12,1,11,4,10.25,246,0.5345646140860376,1.625,0.5277777777777778,0.4594536046741929,88,0.4166666666666667,10,1.125,27,3.0833333333333335,74,17.0,1.0,17.0,3.0,3.0,9.0,0.0,3.0,2.0,5.044444444444444,41.285714285714285,2.0893824578669253,82.0,3.4166666666666665,16.0,13.0,29.0,True,True,True,70.45044193513395,83.53796988339194,65.16116780005925,59.8019801980198,71.60311859482033,76
UFC 273: Volkanovski vs. The Korean Zombie,2022-04-09,12,2,10,5,6.875,165,0.5602357609710551,1.5416666666666667,0.545138888888889,0.4785701566951566,62,0.4166666666666667,10,0.75,18,1.375,33,20.0,0.85,11.0,4.0,9.0,9.0,0.0,4.0,2.0,7.127777777777778,41.78571428571429,1.826211278267424,119.0,4.958333333333333,16.0,12.0,28.0,True,True,True,79.6198367058289,65.34559163935636,70.34433500451536,39.801980198019805,71.27773210342625,77
UFC 298: Volkanovski vs. Topuria,2024-02-17,12,1,13,5,6.916666666666667,166,0.543172738209503,1.4166666666666667,0.5083333333333333,0.4629171754171754,63,0.7916666666666666,19,1.0416666666666667,25,1.6666666666666667,40,21.0,0.9333333333333333,6.0,8.0,6.0,6.0,0.0,3.0,2.0,5.233333333333333,36.35714285714286,1.953629806933563,118.0,4.916666666666667,16.0,13.0,29.0,True,True,True,68.61545723351499,83.06407068633213,68.01574993606638,51.48514851485149,71.19118297155151,78
UFC on FOX: Johnson vs. Reis,2017-04-15,13,1,11,3,5.923076923076923,154,0.6684065934065934,1.5384615384615385,0.6564102564102564,0.41656335117873583,52,0.5,13,0.9230769230769231,24,1.4615384615384615,38,23.0,0.8392857142857143,14.0,11.0,10.0,6.0,0.0,3.0,2.0,6.333333333333334,35.714285714285715,1.9959850759592808,99.0,3.8076923076923075,16.0,13.0,29.0,True,True,True,68.94289632426319,73.11459181010348,75.31638763568813,54.05940594059406,71.15369306996729,79
UFC 244: Masvidal vs. Diaz,2019-11-02,12,0,16,7,9.833333333333334,236,0.7485070675042785,1.75,0.6833333333333332,0.5459843533372944,92,0.5,12,1.8333333333333333,44,2.625,63,41.0,0.6360294117647058,3.0,1.0,10.0,21.0,3.0,7.0,2.0,2.594444444444445,7.785714285714286,1.2653000001804888,125.0,5.208333333333333,13.0,9.0,22.0,True,True,True,79.26912190686062,89.31869669264141,54.915517036466596,12.277227722772277,71.1258394329832,80
UFC 118: Edgar vs Penn 2,2010-08-28,10,1,0,0,6.5,130,0.5685737179487179,1.15,0.5033333333333333,0.5262265512265512,62,1.4,28,1.85,37,1.65,33,25.0,0.78125,4.0,11.0,9.0,6.0,,,0.0,,,,0.0,0.0,0.0,0.0,0.0,False,True,False,65.52359845391065,91.11909366287274,61.92355668798134,,71.12239979334406,81
UFC 183: Silva vs Diaz,2015-01-31,11,0,10,4,8.136363636363637,179,0.5860594099898911,1.2727272727272727,0.5636363636363637,0.5023071625344353,72,0.8636363636363636,19,1.3181818181818181,29,2.4545454545454546,54,29.0,0.7171717171717171,0.0,15.0,21.0,14.0,1.0,,1.0,10.716666666666669,55.5,1.8168551469129248,98.0,4.454545454545454,15.0,0.0,15.0,True,True,True,68.62880876844879,92.3859390657351,61.29710093158724,39.40594059405941,70.90743558299243,82
UFC 256: Figueiredo vs. Moreno,2020-12-12,10,1,9,3,8.9,178,0.6529625244037007,1.85,0.5891666666666666,0.591788260758849,83,0.45,9,1.55,31,3.25,65,19.0,0.825,8.0,2.0,4.0,4.0,0.0,1.0,2.0,1.7333333333333332,6.214285714285714,1.3501396750250498,70.0,3.5,16.0,15.0,31.0,True,True,True,79.95798495100045,87.37202834499128,53.303017837637995,15.247524752475247,70.57948265556317,83
UFC 187: Johnson vs Cormier,2015-05-23,11,2,12,5,8.636363636363637,190,0.6525503611065108,1.9090909090909092,0.662878787878788,0.5673160173160173,86,0.7272727272727273,16,1.3636363636363635,30,1.9545454545454546,43,19.0,0.7571428571428571,3.0,1.0,2.0,6.0,1.0,3.0,2.0,12.616666666666667,27.57142857142857,1.136453212834048,146.0,6.636363636363637,15.0,13.0,28.0,True,True,True,91.78703624257804,88.31175798708573,37.720255514405906,6.9306930693069315,70.45536530158977,84
UFC 289: Nunes vs. Aldana,2023-06-10,11,1,9,3,8.045454545454545,177,0.5861460138198106,1.2727272727272727,0.5931818181818183,0.49458874458874463,68,0.6363636363636364,14,0.8181818181818182,18,2.090909090909091,46,28.0,0.7593582887700534,3.0,11.0,7.0,9.0,0.0,5.0,2.0,6.8,39.21428571428572,1.9586873583516944,70.0,3.1818181818181817,16.0,11.0,27.0,True,True,True,70.84193314809296,80.72943516405938,64.35022704791027,51.68316831683168,70.4083585804667,85
UFC 51: Super Saturday,2005-02-05,3,1,0,0,6.5,39,0.5525539275539275,0.8333333333333334,0.525,0.7407407407407408,23,2.0,12,2.3333333333333335,14,0.0,0,22.0,0.7350427350427351,2.0,9.0,13.0,0.0,,,0.0,,,,0.0,0.0,0.0,0.0,0.0,False,False,False,61.92823762916837,99.66231141240817,56.784227818895,,70.23383289519778,86
UFC 153: Silva vs Bonnar,2012-10-13,12,0,0,0,5.541666666666667,133,0.578422619047619,1.1666666666666667,0.5347222222222222,0.5462530525030526,51,0.625,15,0.9583333333333334,23,1.2916666666666667,31,29.0,0.7857142857142857,18.0,11.0,15.0,13.0,,,0.0,,,,0.0,0.0,0.0,0.0,0.0,False,True,False,57.447856545794686,72.86214360603357,84.87659775935307,,70.16595562908653,87
UFC 227: Dillashaw vs. Garbrandt 2,2018-08-04,12,2,9,4,5.083333333333333,122,0.5929811507936508,1.2916666666666667,0.5965277777777778,0.41771885521885527,47,0.875,21,0.8333333333333334,20,1.5833333333333333,38,21.0,0.8214285714285714,3.0,7.0,5.0,9.0,0.0,1.0,2.0,,,,91.0,3.7916666666666665,16.0,15.0,31.0,True,True,False,69.61746315298636,79.36779900965934,62.69001212841507,,69.99572489698306,88
UFC 155: Dos Santos vs Velasquez II,2012-12-29,12,1,0,0,6.875,165,0.6501863633442581,1.6666666666666667,0.6305555555555555,0.6525477994227994,77,0.20833333333333334,5,0.875,21,1.875,45,18.0,0.9444444444444444,10.0,4.0,6.0,6.0,,,0.0,,,,0.0,0.0,0.0,0.0,0.0,False,True,False,77.91921203509123,65.71848427447385,62.54693468503919,,69.85409082964918,89
UFC 36: Worlds Collide,2002-03-22,8,2,0,0,3.5625,57,0.6740079365079366,1.1875,0.6499999999999999,0.6982886904761905,33,1.0625,17,0.75,12,0.0,0,11.0,0.875,9.0,4.0,4.0,0.0,,,0.0,,,,0.0,0.0,0.0,0.0,0.0,False,False,False,73.91352701364175,81.46182506265077,54.44493580525028,,69.75194506599419,90
UFC 129: St-Pierre vs Shields,2011-04-30,12,2,0,0,5.041666666666667,121,0.6132463023088023,1.2083333333333333,0.6,0.43124999999999997,50,1.125,27,1.375,33,1.0833333333333333,26,17.0,0.96875,9.0,9.0,8.0,4.0,,,0.0,,,,0.0,0.0,0.0,0.0,0.0,False,True,False,67.2194452293538,78.33177368274086,65.92648695643418,,69.73543957827052,91
UFC 152: Jones vs Belfort,2012-09-22,12,2,0,0,5.708333333333333,137,0.6257031163281163,1.4166666666666667,0.6145833333333334,0.48912037037037037,57,0.2916666666666667,7,0.875,21,1.1666666666666667,28,25.0,0.8116883116883117,9.0,6.0,12.0,6.0,,,0.0,,,,0.0,0.0,0.0,0.0,0.0,False,True,False,76.55879562540522,58.84718035730808,69.45755918964392,,69.65534852250768,92
UFC 66: Liddell vs Ortiz 2,2006-12-30,9,1,0,0,4.611111111111111,83,0.7606414282884872,1.3333333333333333,0.7648148148148148,0.6189458689458689,44,1.0,18,1.3888888888888888,25,0.3888888888888889,7,32.0,0.8156862745098039,9.0,13.0,19.0,3.0,,,0.0,,,,0.0,0.0,0.0,0.0,0.0,False,True,False,69.69464357856403,64.42768601832076,73.82898078206819,,69.61418228486974,93
UFC 303: Pereira vs. Prochazka 2,2024-06-29,13,1,9,4,10.115384615384615,263,0.6563409416670287,0.9230769230769231,0.6153846153846154,0.5787528803415091,94,0.5,13,1.3846153846153846,36,2.3076923076923075,60,13.0,0.8375,4.0,6.0,7.0,8.0,0.0,1.0,2.0,1.961111111111111,3.0,0.9222321758515044,73.0,2.8076923076923075,16.0,15.0,31.0,True,True,True,73.71532527860442,86.40784660142111,61.03336238629639,3.1683168316831685,69.55651631927012,94
UFC 212: Aldo vs. Holloway,2017-06-03,12,1,8,2,6.5,156,0.5541835755830321,1.0833333333333333,0.5333333333333333,0.3959223646723647,58,0.7083333333333334,17,1.0833333333333333,26,1.5833333333333333,38,25.0,0.8506944444444444,11.0,10.0,7.0,7.0,0.0,1.0,2.0,10.422222222222222,56.71428571428572,1.9189056509166655,87.0,3.625,16.0,15.0,31.0,True,True,True,59.53642577986378,81.63036141607415,76.39664636195668,47.12871287128713,69.4975902181154,95
UFC 204: Bisping vs. Henderson,2016-10-08,11,1,10,4,7.909090909090909,174,0.6308682404939089,1.2272727272727273,0.6000000000000001,0.5320731235803007,69,0.36363636363636365,8,1.8636363636363635,41,2.090909090909091,46,43.0,0.6300904977375565,5.0,3.0,20.0,12.0,0.0,13.0,2.0,12.866666666666667,52.35714285714286,1.582673332224325,65.0,2.9545454545454546,16.0,3.0,19.0,True,True,True,72.75095205316138,81.8692033790437,61.99132217459029,25.14851485148515,69.42250406097682,96
UFC 278: Usman vs. Edwards,2022-08-20,12,1,8,3,6.5,156,0.5030839652550179,1.625,0.4840277777777778,0.3821867946867947,45,0.875,21,1.1666666666666667,28,1.4166666666666667,34,29.0,0.9230769230769231,16.0,6.0,10.0,6.0,0.0,2.0,2.0,6.061111111111111,28.357142857142858,1.7289438701664277,76.0,3.1666666666666665,16.0,14.0,30.0,True,True,True,58.22730547991199,81.87233517756184,79.5158533510387,34.05940594059406,69.31673228869657,97
UFC 294: Makhachev vs. Volkanovski 2,2023-10-21,13,1,5,2,6.384615384615385,166,0.6482778659249248,1.5384615384615385,0.6371794871794871,0.47306166056166055,63,0.7307692307692307,19,0.8461538461538461,22,1.5769230769230769,41,28.0,0.9285714285714286,13.0,9.0,8.0,6.0,0.0,,1.0,8.222222222222221,38.07142857142857,1.6563729303540609,50.0,1.9230769230769231,16.0,0.0,16.0,True,True,True,67.5985132693427,77.58300333784047,71.2777530851303,28.51485148514851,69.24422464199371,98
UFC 275: Teixeira vs. Prochazka,2022-06-11,11,2,5,2,6.0,132,0.5636779886779886,1.2727272727272727,0.5409090909090909,0.41854338842975203,46,1.0909090909090908,24,0.7727272727272727,17,1.1818181818181819,26,23.0,0.8809523809523809,8.0,2.0,9.0,10.0,0.0,2.0,2.0,6.188888888888888,42.07142857142857,1.9290503053361725,72.0,3.272727272727273,16.0,14.0,30.0,True,True,True,68.86904473408458,72.07887218859933,70.7114978240779,49.10891089108911,69.23623083256149,99
UFC 291: Poirier vs. Gaethje 2,2023-07-29,11,0,6,2,11.272727272727273,248,0.5836768674300339,0.6818181818181818,0.5257575757575759,0.6185944625784198,100,0.6818181818181818,15,2.1818181818181817,48,3.409090909090909,75,39.0,0.7070707070707071,2.0,5.0,19.0,23.0,2.0,3.0,2.0,10.433333333333334,51.14285714285714,1.7397585822913062,51.0,2.3181818181818183,14.0,13.0,27.0,True,True,True,59.32052363996339,93.97853543026123,67.35110773947531,35.04950495049505,69.18065088291802,100
UFC 304: Edwards vs. Muhammad 2,2024-07-27,14,2,9,4,7.571428571428571,212,0.60309177030496,1.5357142857142858,0.6011904761904762,0.40412414965986393,67,0.14285714285714285,4,0.8571428571428571,24,1.6428571428571428,46,35.0,0.8492647058823529,9.0,3.0,8.0,5.0,0.0,2.0,2.0,7.661111111111111,45.785714285714285,1.8922296047125144,92.0,3.2857142857142856,16.0,14.0,30.0,True,True,True,77.27707461625677,60.483126662003606,69.30889545263913,44.35643564356436,69.04210192997357,101
UFC Fight Night: Usman vs. Buckley,2025-06-14,13,0,5,2,10.0,260,0.619460902836862,1.0384615384615385,0.5269230769230769,0.5089472493318646,86,0.6923076923076923,18,0.8846153846153846,23,2.0,52,33.0,0.7833333333333333,6.0,8.0,10.0,10.0,5.0,7.0,2.0,6.083333333333333,41.92857142857143,1.987313156513792,35.0,1.3461538461538463,11.0,9.0,20.0,True,True,True,60.44334007829022,82.42408119389818,70.84058805839956,53.26732673267327,68.69889908394416,102
UFC 252: Miocic vs. Cormier 3,2020-08-15,11,1,7,2,7.590909090909091,167,0.4996803441656383,0.6818181818181818,0.4803030303030303,0.44105793196702286,69,1.0,22,1.7272727272727273,38,2.1363636363636362,47,30.0,0.8293269230769231,1.0,15.0,18.0,14.0,0.0,1.0,2.0,7.622222222222223,47.07142857142857,1.8851157750520604,49.0,2.227272727272727,16.0,15.0,31.0,True,True,True,49.81757993312374,93.75894212529793,76.92182947770686,43.366336633663366,68.61163317956921,103
UFC 216: Ferguson vs. Lee,2017-10-07,11,2,10,4,7.2272727272727275,159,0.5597844223512672,1.8636363636363635,0.5515151515151516,0.3942509510691328,54,0.7727272727272727,17,1.0,22,1.6818181818181819,37,24.0,0.8706293706293706,14.0,0.0,2.0,10.0,2.0,7.0,2.0,5.344444444444445,29.642857142857142,1.765522507893858,81.0,3.6818181818181817,14.0,9.0,23.0,True,True,True,73.29312208046208,82.41688002038312,56.15658573625582,36.43564356435643,68.59022673637519,104
UFC 248: Adesanya vs. Romero,2020-03-07,11,2,4,2,6.7272727272727275,148,0.6597305472305472,1.3181818181818181,0.6060606060606063,0.3571887708251345,48,0.5909090909090909,13,0.6363636363636364,14,1.9545454545454546,43,19.0,0.875,7.0,3.0,7.0,14.0,0.0,3.0,2.0,9.927777777777775,48.14285714285714,1.7165436809845458,57.0,2.590909090909091,16.0,13.0,29.0,True,True,True,69.32400615691402,74.89560054112569,68.3079961284762,32.87128712871287,68.58946579302554,105
UFC 326: Holloway vs. Oliveira 2,2026-03-07,12,0,7,3,10.791666666666666,259,0.5211822007890556,0.8333333333333334,0.47847222222222224,0.5341658040027605,96,0.7083333333333334,17,1.5,36,3.2083333333333335,77,67.0,0.7138248847926267,2.0,14.0,21.0,33.0,4.0,3.0,2.0,10.788888888888888,48.07142857142857,1.6406374072273375,49.0,2.0416666666666665,12.0,13.0,25.0,True,True,True,55.645455763230814,93.08069899641605,72.1770404349738,28.118811881188122,68.58740977894789,106
UFC 310: Pantoja vs. Asakura,2024-12-07,14,1,12,4,12.392857142857142,347,0.6565754005991827,1.9642857142857142,0.5904761904761904,0.5328285801500088,126,0.6785714285714286,19,1.6428571428571428,46,3.0357142857142856,85,15.0,0.4,6.0,3.0,1.0,5.0,0.0,,1.0,4.344444444444445,41.85714285714286,2.2196996732566463,97.0,3.4642857142857144,16.0,0.0,16.0,True,True,True,82.4594365371867,92.57117557969188,29.769271347684278,67.92079207920793,68.45338951806333,107
UFC 189: Mendes vs McGregor,2015-07-11,11,2,9,3,7.2727272727272725,160,0.701007551725255,1.2272727272727273,0.6909090909090909,0.5756673881673883,62,0.18181818181818182,4,0.7272727272727273,16,2.1363636363636362,47,15.0,0.9,6.0,2.0,5.0,7.0,2.0,3.0,2.0,10.077777777777778,43.57142857142857,1.8603240579898668,84.0,3.8181818181818183,14.0,13.0,27.0,True,True,True,85.10412571006043,63.22765844603333,54.66457693427414,41.78217821782178,68.33704688670583,108
UFC Fight Night: Holloway vs. Allen,2023-04-15,14,0,9,4,10.0,280,0.5293523926664683,1.1785714285714286,0.4785714285714286,0.41446375783781797,86,0.32142857142857145,9,0.6785714285714286,19,2.357142857142857,66,36.0,0.8653846153846154,10.0,9.0,10.0,12.0,2.0,4.0,2.0,4.655555555555556,34.285714285714285,2.121376374202155,65.0,2.3214285714285716,14.0,12.0,26.0,True,True,True,56.425530440022584,70.21952047758363,83.46952640165911,62.772277227722775,68.30456407728882,109
UFC 111: St-Pierre vs Hardy,2010-03-27,10,2,0,0,5.6,112,0.6166666666666667,1.85,0.6175,0.5368473193473193,54,0.55,11,0.55,11,1.0,20,18.0,0.9642857142857143,10.0,7.0,6.0,3.0,,,0.0,,,,0.0,0.0,0.0,0.0,0.0,False,True,False,80.07736758469882,56.72233506042238,61.9131035205834,,68.19522300543174,110
UFC 230: Cormier vs. Lewis,2018-11-03,12,1,8,3,6.041666666666667,145,0.5916040556665556,0.7083333333333334,0.5340277777777778,0.584837962962963,62,0.5416666666666666,13,0.9166666666666666,22,1.9583333333333333,47,27.0,0.8545454545454545,5.0,7.0,9.0,10.0,0.0,2.0,2.0,2.3833333333333333,5.357142857142858,1.071195495867152,90.0,3.75,16.0,14.0,30.0,True,True,True,63.62612028435887,79.64815981386185,74.77490034326134,5.742574257425743,68.0820868830587,111
UFC 242: Khabib vs. Poirier,2019-09-07,13,1,9,4,6.923076923076923,180,0.6176337551337551,1.9230769230769231,0.6224358974358974,0.47698477992595634,66,0.11538461538461539,3,0.46153846153846156,12,1.5769230769230769,41,33.0,0.9047619047619048,15.0,3.0,8.0,11.0,0.0,1.0,2.0,8.072222222222223,40.92857142857143,1.7623962382303393,87.0,3.3461538461538463,16.0,15.0,31.0,True,True,True,73.67822313686733,47.8833816533136,81.00343469419045,36.23762376237624,67.55504626445128,112
UFC 260: Miocic vs. Ngannou,2021-03-27,10,1,5,2,5.65,113,0.5227637721755369,0.5,0.48166666666666663,0.5429761904761905,56,0.7,14,1.05,21,1.95,39,29.0,0.8284313725490196,6.0,8.0,15.0,14.0,0.0,1.0,2.0,8.177777777777777,47.92857142857143,1.8493644375569376,47.0,2.35,16.0,15.0,31.0,True,True,True,48.52787337681249,84.94960730568145,82.14606151693707,40.99009900990099,67.34187458272153,113
UFC 224: Nunes vs. Pennington,2018-05-12,13,1,8,3,7.3076923076923075,190,0.6791595767568308,1.3846153846153846,0.6442307692307693,0.4990773115773116,76,0.5,13,1.4615384615384615,38,1.7307692307692308,45,17.0,0.8194444444444444,10.0,3.0,3.0,4.0,0.0,2.0,2.0,6.2444444444444445,22.0,1.6040958903771465,70.0,2.6923076923076925,16.0,14.0,30.0,True,True,True,73.87194217037005,82.85659085472842,52.24077105573512,26.13861386138614,67.24208659161997,114
UFC 46: Supernatural,2004-01-31,8,2,0,0,3.5625,57,0.5619002525252526,1.0625,0.525,0.4979166666666667,32,1.1875,19,0.9375,15,0.0,0,19.0,0.7840909090909092,3.0,8.0,9.0,0.0,,,0.0,,,,0.0,0.0,0.0,0.0,0.0,False,False,False,62.36713526106443,88.04645930339389,56.256072822929674,,67.19504292331911,115
UFC 283: Teixeira vs. Hill,2023-01-21,15,2,11,5,8.466666666666667,254,0.4856582306582306,0.7333333333333333,0.4538888888888889,0.41554431679431675,96,0.7,21,1.2666666666666666,38,2.3333333333333335,70,29.0,0.7803030303030303,3.0,3.0,11.0,11.0,2.0,7.0,2.0,5.344444444444445,19.85714285714285,1.4784775520963631,103.0,3.433333333333333,14.0,9.0,23.0,True,True,True,63.421980598073354,89.49058935419686,61.376609712541004,20.396039603960396,67.17422447173888,116
UFC 172: Jones vs Teixeira,2014-04-26,10,1,11,5,6.1,122,0.611515984015984,1.25,0.5650000000000001,0.3758058608058608,42,0.45,9,0.9,18,1.25,25,19.0,0.9642857142857143,15.0,7.0,10.0,8.0,0.0,2.0,2.0,10.011111111111113,47.5,1.8561712799424224,93.0,4.65,16.0,14.0,30.0,True,True,True,62.52820017817867,66.46058937500732,78.12539966858988,41.386138613861384,67.13335424629334,117
UFC 238: Cejudo vs. Moraes,2019-06-08,13,2,19,9,8.038461538461538,209,0.6343010484139515,2.076923076923077,0.6423076923076925,0.39055316664012313,70,0.38461538461538464,10,0.7307692307692307,19,2.0,52,15.0,0.8,8.0,3.0,3.0,6.0,,1.0,1.0,6.266666666666667,46.785714285714285,2.1927673198859723,188.0,7.230769230769231,0.0,15.0,15.0,True,True,True,81.7189815150675,71.71444972242953,43.695727076300145,66.53465346534654,67.05165583279175,118
UFC 272: Covington vs. Masvidal,2022-03-05,13,0,8,4,9.807692307692308,255,0.6639123696816005,1.1538461538461537,0.6141025641025641,0.5732164765059502,80,0.38461538461538464,10,1.1153846153846154,29,2.1538461538461537,56,34.0,0.6928571428571428,0.0,5.0,9.0,7.0,1.0,6.0,2.0,5.461111111111111,40.92857142857143,2.027789547201856,65.0,2.5,15.0,10.0,25.0,True,True,True,70.38621885303057,79.65319390740704,53.71703961377194,56.43564356435643,67.0046800804134,119
UFC 236: Holloway vs. Poirier 2,2019-04-13,13,2,6,2,6.5,169,0.4871978505075671,1.1923076923076923,0.48717948717948717,0.4673201798201798,65,0.23076923076923078,6,0.9230769230769231,24,1.6538461538461537,43,40.0,0.8210526315789474,16.0,4.0,10.0,16.0,,3.0,1.0,9.233333333333334,53.35714285714286,1.8822451873700756,63.0,2.423076923076923,0.0,13.0,13.0,True,True,True,66.19174173091966,66.06774363228017,72.90575807240128,42.772277227722775,67.00397388354443,120
UFC 196: McGregor vs Diaz,2016-03-05,12,1,7,2,7.083333333333333,170,0.6672750860250861,1.4166666666666667,0.642361111111111,0.535854192104192,64,0.25,6,1.0416666666666667,25,2.25,54,28.0,0.8095238095238095,8.0,3.0,10.0,18.0,,,0.0,2.0,4.642857142857142,1.190155199517939,60.0,2.5,0.0,0.0,0.0,True,True,True,73.37816134132642,73.48489424388924,62.58353856413434,9.702970297029703,66.98269818159467,121
UFC 101: Declaration,2009-08-08,11,1,0,0,4.954545454545454,109,0.6415482245027699,1.5,0.6431818181818181,0.46266233766233766,50,0.7727272727272727,17,1.0909090909090908,24,1.2727272727272727,28,25.0,0.7552447552447552,6.0,8.0,10.0,6.0,,,0.0,,,,0.0,0.0,0.0,0.0,0.0,False,True,False,63.340074723995166,76.60381424175556,63.7138767457229,,66.94857523553036,122
UFC 158: St-Pierre vs Diaz,2013-03-16,12,1,5,2,6.083333333333333,146,0.5249699374699375,1.4166666666666667,0.5048611111111111,0.42463040771864297,49,0.6666666666666666,16,1.0,24,1.0,24,28.0,0.7722222222222221,10.0,12.0,13.0,7.0,0.0,3.0,2.0,,,,68.0,2.8333333333333335,16.0,13.0,29.0,True,True,False,59.16066243775348,68.07971612171262,76.37535494547491,,66.94400051491793,123
UFC 237: Namajunas vs. Andrade,2019-05-11,12,1,9,4,8.583333333333334,206,0.5203692141192141,1.0,0.41805555555555557,0.35703197945845,73,1.7083333333333333,41,2.25,54,2.5,60,22.0,0.7321428571428572,6.0,4.0,2.0,7.0,0.0,1.0,2.0,3.177777777777778,34.714285714285715,2.4268169690583803,75.0,3.125,16.0,15.0,31.0,True,True,True,55.8289399858054,97.79190287939718,53.349902671016835,78.01980198019803,66.68551261448641,124
UFC 286: Edwards vs. Usman 3,2023-03-18,15,1,9,4,6.433333333333334,193,0.5339804639804641,1.0,0.4816666666666667,0.44222222222222224,61,0.4,12,0.9,27,1.6,48,31.0,0.8973214285714286,2.0,8.0,12.0,7.0,0.0,1.0,2.0,5.288888888888889,41.42857142857143,2.063090007910814,89.0,2.966666666666667,16.0,15.0,31.0,True,True,True,59.87169429157307,71.3843628036431,72.8946444881231,58.61386138613861,66.59385483328387,125
UFC 182: Jones vs Cormier,2015-01-03,11,1,7,2,6.2272727272727275,137,0.5421202683234768,1.5909090909090908,0.4977272727272727,0.41453168044077143,49,0.4090909090909091,9,0.8181818181818182,18,1.3181818181818181,29,19.0,0.9666666666666667,15.0,8.0,10.0,6.0,0.0,2.0,2.0,6.294444444444444,50.14285714285714,2.098990190877098,66.0,3.0,16.0,14.0,30.0,True,True,True,60.84562734362847,65.14957599119847,76.00452882728241,60.396039603960396,66.44680556363376,126
UFC 94: St-Pierre vs Penn 2,2009-01-31,10,1,0,0,5.0,100,0.6509325396825396,1.45,0.625,0.5017171717171717,42,0.6,12,0.8,16,0.95,19,25.0,0.8333333333333333,7.0,11.0,11.0,5.0,,,0.0,,,,0.0,0.0,0.0,0.0,0.0,False,True,False,66.23939340939633,62.04279259966103,70.05126796375878,,66.33877463452781,127
UFC 44: Undisputed,2003-09-26,9,2,0,0,2.4444444444444446,44,0.5074915824915824,1.0,0.5064814814814815,0.3996913580246913,23,1.0,18,0.9444444444444444,17,0.0,0,21.0,0.8090909090909091,7.0,14.0,14.0,0.0,,,0.0,,,,0.0,0.0,0.0,0.0,0.0,False,False,False,47.45981262178304,86.51737996661231,74.68321972934683,,66.3349852201793,128
UFC 90: Silva vs Cote,2008-10-25,10,1,0,0,5.7,114,0.6379527417027416,1.95,0.6358333333333335,0.6381944444444444,50,0.45,9,0.6,12,1.4,28,14.0,0.7857142857142857,11.0,4.0,7.0,8.0,,,0.0,,,,0.0,0.0,0.0,0.0,0.0,False,True,False,74.32864429503897,63.27663743944109,58.0910097352373,,66.29254736678637,129
UFC 250: Nunes vs. Spencer,2020-06-06,12,1,8,3,9.0,216,0.687659386179123,1.5416666666666667,0.6625,0.5419402356902356,68,0.4583333333333333,11,0.4583333333333333,11,1.625,39,16.0,0.7948717948717949,11.0,7.0,4.0,5.0,0.0,,1.0,5.894444444444444,36.285714285714285,2.040255313848192,82.0,3.4166666666666665,16.0,0.0,16.0,True,True,True,80.30943568588029,62.96005842359491,51.47549226628536,57.02970297029702,66.1579217086513,130
UFC 228: Woodley vs. Till,2018-09-08,13,1,13,6,6.923076923076923,180,0.6512296108449954,1.2307692307692308,0.6019230769230769,0.4474758493140846,51,0.4230769230769231,11,0.7692307692307693,20,1.8076923076923077,47,17.0,0.9,6.0,4.0,4.0,6.0,0.0,2.0,2.0,8.483333333333334,43.142857142857146,1.7354140552600743,115.0,4.423076923076923,16.0,14.0,30.0,True,True,True,71.61452875971175,72.38631898097748,58.38986743160535,34.65346534653465,65.99202474593741,131
UFC 178: Johnson vs Cariaso,2014-09-27,11,1,13,6,5.863636363636363,129,0.7296536796536796,2.1818181818181817,0.7333333333333333,0.4775924832743014,41,0.4090909090909091,9,0.6363636363636364,14,1.5454545454545454,34,20.0,0.7944444444444444,9.0,6.0,6.0,4.0,0.0,8.0,2.0,3.755555555555556,27.5,1.9133415518480936,115.0,5.2272727272727275,16.0,8.0,24.0,True,True,True,75.4626515511335,65.00692197424398,57.41242120574503,46.53465346534654,65.98725014900523,132
UFC Fight Night: Lawler vs. Dos Anjos,2017-12-16,11,0,8,3,7.863636363636363,173,0.5888463341148764,0.9090909090909091,0.5583333333333333,0.5580371017871019,65,0.45454545454545453,10,0.8181818181818182,18,1.8181818181818181,40,40.0,0.7301790281329923,3.0,8.0,10.0,12.0,2.0,4.0,2.0,5.033333333333333,24.57142857142857,1.7196698032624484,70.0,3.1818181818181817,14.0,12.0,26.0,True,True,True,62.69131925873095,74.27808740105077,68.55922513173732,33.069306930693074,65.86728243981092,133
UFC 140: Jones vs Machida,2011-12-10,12,1,0,0,5.583333333333333,134,0.6368837834870443,1.0416666666666667,0.5958333333333333,0.4935261497761498,55,0.9166666666666666,22,1.2083333333333333,29,1.1666666666666667,28,20.0,0.8535353535353536,6.0,5.0,8.0,6.0,,,0.0,,,,0.0,0.0,0.0,0.0,0.0,False,True,False,62.602503574052875,77.10836268764278,60.73376390539287,,65.82970660331547,134
UFC 246: McGregor vs. Cowboy,2020-01-18,11,0,8,3,8.090909090909092,178,0.5555026821069602,0.9090909090909091,0.5545454545454546,0.44870208294121333,64,0.7727272727272727,17,1.4545454545454546,32,2.6818181818181817,59,44.0,0.7575757575757576,0.0,5.0,16.0,27.0,,,0.0,6.222222222222222,43.0,2.0937604123473346,62.0,2.8181818181818183,0.0,0.0,0.0,True,True,True,54.73772568108802,93.12639817716774,57.07068864996012,60.0,65.29789641171519,135
UFC Fight Night: Adesanya vs. Pyfer,2026-03-28,13,0,8,3,9.0,234,0.5857112320101696,0.9615384615384616,0.5326923076923077,0.46286982248520714,81,0.5769230769230769,15,0.9230769230769231,24,1.9230769230769231,50,25.0,0.7896825396825397,3.0,12.0,15.0,12.0,4.0,14.0,2.0,8.594444444444445,42.92857142857143,1.9248332924885403,55.0,2.1153846153846154,12.0,2.0,14.0,True,True,True,58.652662053878885,80.3359349702779,64.35356461493555,48.51485148514851,65.27686052285912,136
UFC 255: Figueiredo vs. Perez,2020-11-21,12,2,11,5,6.625,159,0.5480251230251231,1.2083333333333333,0.5041666666666668,0.4695887445887446,56,0.4166666666666667,10,0.7083333333333334,17,1.6666666666666667,40,16.0,0.873015873015873,7.0,1.0,2.0,4.0,0.0,4.0,2.0,2.9944444444444445,60.07142857142857,2.7897793981150354,112.0,4.666666666666667,16.0,12.0,28.0,True,True,True,75.19134822978677,68.90138200100121,44.57558320156749,87.32673267326733,65.04089638629863,137
UFC 265: Lewis vs. Gane,2021-08-07,13,1,8,4,8.307692307692308,216,0.47393989912310786,1.2692307692307692,0.4423076923076923,0.3778644432490586,69,0.5769230769230769,15,0.8076923076923077,21,2.1538461538461537,56,27.0,0.8809523809523809,10.0,1.0,9.0,8.0,2.0,3.0,2.0,7.255555555555556,40.5,1.8019052264759048,76.0,2.923076923076923,14.0,13.0,27.0,True,True,True,57.14901345445502,79.91940263381444,67.22152533384838,38.21782178217822,64.91680472949905,138
UFC Fight Night: Holloway vs. Rodriguez,2021-11-13,11,0,6,2,7.090909090909091,156,0.611737567987568,0.7727272727272727,0.5340909090909091,0.5330988455988456,57,0.4090909090909091,9,0.7272727272727273,16,1.6363636363636365,36,34.0,0.8194444444444444,2.0,8.0,12.0,16.0,1.0,3.0,2.0,5.555555555555555,36.71428571428572,2.1839186226261647,45.0,2.0454545454545454,15.0,13.0,28.0,True,True,True,55.69856166495089,68.4903137916866,73.6043224647125,65.94059405940594,64.78032955628605,139
UFC 124: St-Pierre vs Koscheck 2,2010-12-11,11,1,0,0,6.318181818181818,139,0.5340447950742069,1.0454545454545454,0.5090909090909091,0.5134879009879009,57,0.45454545454545453,10,0.5454545454545454,12,1.3181818181818181,29,32.0,0.8490196078431372,10.0,8.0,8.0,6.0,,,0.0,,,,0.0,0.0,0.0,0.0,0.0,False,True,False,60.15051734629346,60.347719208952064,74.5994179782341,,64.76522329918488,140
UFC 195: Lawler vs Condit,2016-01-02,12,1,6,2,5.541666666666667,133,0.5183217245717245,1.25,0.4833333333333334,0.5243145743145744,59,0.5,12,0.875,21,1.5833333333333333,38,25.0,0.711038961038961,5.0,5.0,8.0,10.0,0.0,4.0,2.0,5.644444444444445,42.64285714285714,2.045894528021048,67.0,2.7916666666666665,16.0,12.0,28.0,True,True,True,61.152564238997,74.08630388814356,62.72784070679757,57.62376237623762,64.68214199848585,141
UFC 175: Weidman vs Machida,2014-07-05,10,2,6,3,4.55,91,0.49221256684491976,1.15,0.5166666666666667,0.4154578754578754,30,0.6,12,0.8,16,1.05,21,24.0,0.8823529411764706,9.0,6.0,10.0,9.0,0.0,3.0,2.0,10.872222222222222,54.07142857142857,1.7385307974430328,78.0,3.9,16.0,13.0,29.0,True,True,True,58.561005430143645,64.8244993417638,77.38943036756326,34.85148514851485,64.58993037519313,142
UFC 295: Prochazka vs. Pereira,2023-11-11,13,2,10,4,6.0,156,0.6839202464202464,1.5,0.6653846153846155,0.5298534798534799,59,0.2692307692307692,7,0.5769230769230769,15,1.6153846153846154,42,9.0,0.9166666666666667,4.0,3.0,4.0,6.0,1.0,3.0,2.0,9.711111111111112,42.57142857142857,1.779402484482094,87.0,3.3461538461538463,15.0,13.0,28.0,True,True,True,82.65958235637817,59.218763537337566,49.42250642915833,37.227722772277225,64.55666189424701,143
UFC Fight Night: Sandhagen vs. Figueiredo,2025-05-03,12,0,8,3,8.625,207,0.6341768418200306,1.0416666666666667,0.5590277777777778,0.4654723748473748,62,0.4583333333333333,11,1.0,24,1.5416666666666667,37,32.0,0.7394957983193278,0.0,7.0,11.0,7.0,4.0,5.0,2.0,1.9833333333333332,43.07142857142857,2.7812747323165503,48.0,2.0,12.0,11.0,23.0,True,True,True,60.29714889567855,74.27199707087578,57.499349923228486,87.12871287128714,64.29309944652327,144
UFC Fight Night: Font vs. Aldo,2021-12-04,13,0,6,3,7.269230769230769,189,0.5839783355602214,1.2307692307692308,0.5442307692307692,0.607554945054945,60,0.46153846153846156,12,0.5,13,1.6153846153846154,42,30.0,0.7083333333333333,6.0,12.0,8.0,10.0,4.0,5.0,2.0,5.738888888888889,40.85714285714285,2.1648104051298165,34.0,1.3076923076923077,12.0,11.0,23.0,True,True,True,61.00699479628835,64.68065245619978,68.0723835476966,64.15841584158416,64.20259688895348,145
UFC Fight Night: Alvarez vs. Poirier 2,2018-07-28,13,0,14,6,7.961538461538462,207,0.6117976734681541,1.4230769230769231,0.5493589743589744,0.3994047619047618,55,0.8461538461538461,22,0.7692307692307693,20,1.5384615384615385,40,27.0,0.7280701754385965,3.0,2.0,6.0,10.0,3.0,4.0,2.0,5.827777777777778,47.5,2.175627887083983,121.0,4.653846153846154,13.0,12.0,25.0,True,True,True,65.11954580549308,76.72414042738664,52.22124075993774,65.54455445544555,64.17245337979749,146
UFC on FOX: Johnson vs. Benavidez 2,2013-12-14,11,1,6,3,6.318181818181818,139,0.5874458874458874,1.3181818181818181,0.5363636363636364,0.4352272727272727,44,0.4090909090909091,9,0.6363636363636364,14,2.1818181818181817,48,15.0,0.8571428571428571,7.0,5.0,4.0,4.0,0.0,1.0,2.0,,,,81.0,3.6818181818181817,16.0,15.0,31.0,True,True,False,65.2086971663907,71.39541796670038,56.45988983776418,,64.0740003258533,147
UFC 257: Poirier vs. McGregor,2021-01-23,11,0,11,4,8.636363636363637,190,0.6167665503139811,0.8181818181818182,0.5712121212121212,0.356024531024531,55,0.36363636363636365,8,1.0454545454545454,23,1.6818181818181819,37,36.0,0.8079710144927537,2.0,6.0,17.0,21.0,2.0,4.0,2.0,6.061111111111111,34.07142857142857,1.8756222669197615,88.0,4.0,14.0,12.0,26.0,True,True,True,54.66360817467798,73.70630634399858,72.03217712996825,42.57425742574257,64.03038586614844,148
UFC 134: Silva vs Okami,2011-08-27,12,1,0,0,5.0,120,0.4259361009361009,1.125,0.4041666666666666,0.3410434472934473,46,0.6666666666666666,16,1.0833333333333333,26,1.5,36,25.0,0.9166666666666667,16.0,9.0,14.0,11.0,,,0.0,,,,0.0,0.0,0.0,0.0,0.0,False,True,False,37.6569191825922,79.22912298786507,86.44416703054185,,64.0034721359639,149
UFC 318: Holloway vs. Poirier 3,2025-07-19,14,0,10,4,9.964285714285714,279,0.4771196535294279,0.5714285714285714,0.38750000000000007,0.47445887445887447,97,0.5714285714285714,16,1.6071428571428572,45,3.0,84,61.0,0.7333333333333333,0.0,14.0,25.0,27.0,5.0,6.0,2.0,6.122222222222222,42.28571428571429,1.9510518280609768,50.0,1.7857142857142858,11.0,10.0,21.0,True,True,True,45.27688466128554,90.7063878973923,68.74094813377887,51.28712871287129,63.973991714639524,150
UFC on FOX: Machida vs Rockhold,2015-04-18,11,0,10,4,6.181818181818182,136,0.7322083008932151,1.4545454545454546,0.7227272727272728,0.5946928071928071,54,0.22727272727272727,5,0.9545454545454546,21,1.4545454545454546,32,23.0,0.743421052631579,4.0,5.0,12.0,10.0,2.0,4.0,2.0,8.183333333333334,28.642857142857142,1.449647196378598,81.0,3.6818181818181817,14.0,12.0,26.0,True,True,True,71.14747181873682,62.57312218679707,62.635739028791804,19.207920792079207,63.8533870224355,151
UFC 312: Du Plessis vs. Strickland 2,2025-02-08,12,2,4,2,5.083333333333333,122,0.46647727272727274,1.1666666666666667,0.4541666666666666,0.48998715404965404,45,0.4583333333333333,11,0.4166666666666667,10,1.2083333333333333,29,30.0,0.8636363636363636,9.0,4.0,9.0,8.0,0.0,1.0,2.0,5.933333333333333,43.42857142857143,2.0216737418560085,62.0,2.5833333333333335,16.0,15.0,31.0,True,True,True,61.578166462346076,53.72658849275089,76.45896852206502,56.03960396039604,63.80258446276546,152
UFC 34: High Voltage,2001-11-02,8,2,0,0,2.75,44,0.65625,1.0,0.640625,0.65625,26,0.5625,9,0.5,8,0.0,0,14.0,0.875,6.0,5.0,6.0,0.0,,,0.0,,,,0.0,0.0,0.0,0.0,0.0,False,False,False,68.83809812377987,62.657848645140604,57.76685243415678,,63.715533832678034,153
UFC on FOX: Dillashaw vs. Barao II,2015-07-25,12,1,8,3,7.25,174,0.538425925925926,0.75,0.49722222222222223,0.5259040727790728,66,0.375,9,0.5,12,2.3333333333333335,56,18.0,0.8333333333333333,4.0,7.0,6.0,9.0,0.0,1.0,2.0,,,,80.0,3.3333333333333335,16.0,15.0,31.0,True,True,False,61.20529659906416,67.01326808317155,64.2599748153431,,63.698345373706836,154
UFC 220: Miocic vs. Ngannou,2018-01-20,11,2,9,4,5.590909090909091,123,0.5819458319458319,1.1818181818181819,0.5590909090909091,0.3851411845730027,45,0.36363636363636365,8,0.5909090909090909,13,1.3181818181818181,29,19.0,0.9230769230769231,11.0,3.0,7.0,10.0,0.0,1.0,2.0,3.022222222222222,10.785714285714285,1.3952207527257825,81.0,3.6818181818181817,16.0,15.0,31.0,True,True,True,66.44717911982842,58.50817162369424,72.13323809412314,16.831683168316832,63.68747014050771,155
UFC on FOX: Dos Anjos vs. Cowboy 2,2015-12-19,13,1,8,2,8.153846153846153,212,0.5110834085009485,0.8461538461538461,0.46923076923076923,0.39810125771664234,77,0.2692307692307692,7,0.9230769230769231,24,2.3461538461538463,61,36.0,0.7777777777777778,12.0,1.0,3.0,14.0,0.0,2.0,2.0,5.255555555555556,54.0,2.467102495013356,77.0,2.9615384615384617,16.0,14.0,30.0,True,True,True,55.13738418291785,72.82618017962291,64.86588421491953,78.61386138613862,63.65195705185566,156
UFC Fight Night: Adesanya vs. Imavov,2025-02-01,11,0,7,2,6.090909090909091,134,0.5864548849842968,1.1818181818181819,0.5462121212121213,0.4037740037740038,49,0.6363636363636364,14,1.1363636363636365,25,1.4545454545454546,32,27.0,0.7712418300653594,3.0,12.0,16.0,8.0,2.0,5.0,2.0,8.877777777777778,48.0,2.058395988096356,52.0,2.3636363636363638,14.0,11.0,25.0,True,True,True,52.25019732001733,78.81113774425528,66.96766528049427,58.21782178217821,63.60405403732794,157
UFC 282: Blachowicz vs. Ankalaev,2022-12-10,12,1,9,4,6.666666666666667,160,0.557153379028379,1.2916666666666667,0.5145833333333333,0.4599086099086099,58,0.16666666666666666,4,0.9166666666666666,22,1.625,39,28.0,0.7833333333333333,10.0,3.0,7.0,9.0,3.0,4.0,2.0,,,,55.0,2.2916666666666665,13.0,12.0,25.0,True,True,False,62.53434851065368,62.231608917568316,65.64411575515882,,63.43671195810653,158
UFC 107: Penn vs Sanchez,2009-12-12,11,1,0,0,5.909090909090909,130,0.5744031221303948,0.5909090909090909,0.5666666666666667,0.5524170274170274,63,0.6818181818181818,15,1.0,22,1.3181818181818181,29,27.0,0.7738095238095238,5.0,8.0,13.0,6.0,,,0.0,,,,0.0,0.0,0.0,0.0,0.0,False,True,False,54.379245337908046,75.0760240611119,65.55785388487402,,63.35585296410884,159
UFC 288: Sterling vs. Cejudo,2023-05-06,12,1,9,3,8.583333333333334,206,0.5184664571078876,1.5,0.5097222222222223,0.3840697496947498,59,0.5416666666666666,13,0.6666666666666666,16,1.5833333333333333,38,29.0,0.8284313725490196,14.0,8.0,2.0,5.0,0.0,,1.0,4.172222222222223,32.14285714285714,2.0031617863783397,87.0,3.625,16.0,0.0,16.0,True,True,True,63.61244122830191,70.23877167007852,58.62204746650065,54.851485148514854,63.33385790621633,160
UFC 258: Usman vs. Burns,2021-02-13,10,1,7,3,6.35,127,0.5616215728715729,1.75,0.5566666666666666,0.5366666666666667,38,0.2,4,0.45,9,1.2,24,27.0,0.9,18.0,3.0,5.0,7.0,0.0,1.0,2.0,3.2555555555555555,38.64285714285714,2.429497708688136,49.0,2.45,16.0,15.0,31.0,True,True,True,67.17502850835582,43.625019467868235,71.6962540622735,78.21782178217822,63.19603357810035,161
UFC 135: Jones vs Rampage,2011-09-24,10,1,0,0,5.45,109,0.5948090858416945,0.75,0.5616666666666666,0.6169562055591468,47,0.8,16,1.2,24,1.25,25,17.0,0.8263888888888888,6.0,4.0,10.0,6.0,,,0.0,,,,0.0,0.0,0.0,0.0,0.0,False,True,False,58.81452376803183,77.40841103112469,57.18628577948963,,63.19347157772716,162
UFC 240: Holloway vs. Edgar,2019-07-27,11,1,5,2,5.863636363636363,129,0.5433600545260625,0.6363636363636364,0.5053030303030304,0.44044276801629745,50,0.8181818181818182,18,0.8636363636363636,19,1.2272727272727273,27,44.0,0.7695652173913043,1.0,13.0,16.0,18.0,0.0,4.0,2.0,6.716666666666667,50.57142857142857,2.16748273815242,62.0,2.8181818181818183,16.0,12.0,28.0,True,True,True,49.33202276026726,72.3997556878271,73.68412171404692,64.95049504950495,63.185509292753004,163
UFC 126: Silva vs Belfort,2011-02-05,11,1,0,0,4.2727272727272725,94,0.4573002754820937,1.4090909090909092,0.4401515151515152,0.3647727272727273,43,0.7272727272727273,16,1.4090909090909092,31,1.0909090909090908,24,23.0,0.8636363636363636,13.0,9.0,16.0,11.0,,,0.0,,,,0.0,0.0,0.0,0.0,0.0,False,True,False,40.7400335930262,75.28126239094227,82.77304348749057,,63.103412717045494,164
UFC Fight Night: Brunson vs. Machida,2017-10-28,12,0,7,2,8.0,192,0.6834169302919303,1.2083333333333333,0.6555555555555556,0.599535184887352,79,0.2916666666666667,7,0.875,21,1.875,45,32.0,0.696969696969697,1.0,5.0,12.0,10.0,7.0,,1.0,7.211111111111111,33.35714285714286,1.9940402615737856,50.0,2.0833333333333335,9.0,0.0,9.0,True,True,True,68.59286448499732,70.02115489761927,51.35028461571454,53.86138613861387,63.0405892100488,165
UFC 181: Hendricks vs Lawler II,2014-12-06,11,2,7,2,4.454545454545454,98,0.6142912642912642,0.9545454545454546,0.5924242424242424,0.5605240718877081,44,0.36363636363636365,8,0.6363636363636364,14,1.3181818181818181,29,25.0,0.7980769230769231,3.0,3.0,4.0,9.0,0.0,1.0,2.0,10.422222222222222,64.14285714285714,1.939757805629975,91.0,4.136363636363637,16.0,15.0,31.0,True,True,True,71.3918304879207,59.342602892908126,57.16015291844729,49.9009900990099,63.035478298879994,166
UFC 136: Edgar vs Maynard 3,2011-10-08,11,2,0,0,6.454545454545454,142,0.551708644890463,0.8181818181818182,0.5462121212121214,0.535064935064935,52,0.4090909090909091,9,0.8181818181818182,18,2.0,44,20.0,0.9444444444444444,0.0,4.0,4.0,6.0,,,0.0,,,,0.0,0.0,0.0,0.0,0.0,False,True,False,68.38544185926794,74.20190979600753,46.517232126495884,,63.01034087437666,167
UFC 213: Romero vs. Whittaker,2017-07-08,11,1,8,3,6.636363636363637,146,0.521060606060606,1.1818181818181819,0.49090909090909096,0.5540064510652746,65,0.36363636363636365,8,0.9090909090909091,20,2.1363636363636362,47,19.0,0.9090909090909092,15.0,0.0,2.0,10.0,1.0,3.0,2.0,4.122222222222222,16.928571428571427,1.466749146324709,67.0,3.0454545454545454,15.0,13.0,28.0,True,True,True,64.89628402653123,75.1537181659261,57.5171853841412,19.603960396039604,62.98229678713836,168
UFC 253: Adesanya vs. Costa,2020-09-26,11,2,8,4,5.5,121,0.629024738702158,1.5909090909090908,0.6257575757575758,0.30766214779372675,34,0.22727272727272727,5,0.7727272727272727,17,1.5,33,13.0,1.0,13.0,3.0,4.0,9.0,0.0,2.0,2.0,7.811111111111111,36.42857142857143,1.6486579178765814,86.0,3.909090909090909,16.0,14.0,30.0,True,True,True,67.77801800453749,60.1060121217533,64.68157065253055,28.316831683168314,62.9580230121709,169
UFC 301: Pantoja vs. Erceg,2024-05-04,13,1,7,2,7.423076923076923,193,0.6099429416737109,1.9230769230769231,0.6192307692307693,0.46886340155570927,64,0.6153846153846154,16,0.6538461538461539,17,2.1153846153846154,55,17.0,0.8928571428571428,8.0,2.0,0.0,7.0,0.0,10.0,2.0,4.833333333333333,33.0,1.904099297951976,40.0,1.5384615384615385,16.0,6.0,22.0,True,True,True,67.23689504182958,76.69994564563262,48.225051362736586,45.34653465346535,62.80458656963423,170
UFC 97: Redemption,2009-04-18,12,1,0,0,4.5,108,0.5291005291005292,1.0833333333333333,0.5125000000000001,0.579861111111111,53,0.5833333333333334,14,1.0,24,1.125,27,14.0,0.9166666666666667,13.0,5.0,8.0,7.0,,,0.0,,,,0.0,0.0,0.0,0.0,0.0,False,True,False,56.061269777664435,69.22542310444989,66.17284840905157,,62.71865074725654,171
UFC 74: Respect,2007-08-25,9,1,0,0,4.722222222222222,85,0.5875771604938271,1.3888888888888888,0.5712962962962963,0.5561207311207311,40,0.8888888888888888,16,0.8888888888888888,16,0.7222222222222222,13,20.0,0.84375,5.0,12.0,12.0,1.0,,,0.0,,,,0.0,0.0,0.0,0.0,0.0,False,True,False,64.2561177921001,63.24137680369581,59.43215600880038,,62.46572433726748,172
UFC 297: Strickland vs. Du Plessis,2024-01-20,12,2,8,3,8.25,198,0.5607370180069421,1.2916666666666667,0.548611111111111,0.47314814814814815,60,0.08333333333333333,2,0.5416666666666666,13,1.4166666666666667,34,26.0,0.875,9.0,1.0,6.0,6.0,0.0,2.0,2.0,5.2444444444444445,20.142857142857142,1.4986052789346778,81.0,3.375,16.0,14.0,30.0,True,True,True,77.6830237641782,45.94637449995622,62.37032954557105,22.37623762376238,62.389713875519774,173
UFC Fight Night: Dillashaw vs Cruz,2016-01-17,13,1,6,3,6.846153846153846,178,0.5317055964397593,1.1153846153846154,0.5115384615384616,0.476510989010989,66,0.34615384615384615,9,0.5769230769230769,15,1.5769230769230769,41,13.0,0.9,7.0,5.0,5.0,7.0,0.0,1.0,2.0,,,,70.0,2.6923076923076925,16.0,15.0,31.0,True,True,False,62.200241935525476,61.677887152115325,63.1521464152034,,62.36338156505268,174
UFC Fight Night: Belfort vs. Gastelum,2017-03-11,12,0,12,5,8.791666666666666,211,0.6047393578643578,1.4166666666666667,0.5770833333333333,0.4895743145743146,73,0.375,9,1.0,24,1.5833333333333333,38,32.0,0.7181818181818183,2.0,4.0,12.0,8.0,9.0,10.0,2.0,2.05,9.357142857142858,1.4724050361608083,83.0,3.4583333333333335,7.0,6.0,13.0,True,True,True,69.04062295836,72.02619173578525,51.803291289188174,20.198019801980198,62.17368549414578,175
UFC 206: Holloway vs. Pettis,2016-12-10,12,1,12,5,7.333333333333333,176,0.5804503367003367,1.5,0.5541666666666667,0.49805402930402926,74,0.20833333333333334,5,0.625,15,1.75,42,25.0,0.7,10.0,3.0,4.0,7.0,2.0,5.0,2.0,6.2,27.714285714285715,1.6288042945333348,93.0,3.875,14.0,11.0,25.0,True,True,True,73.54255123763282,59.213517007560824,54.25417706914806,27.12871287128713,61.85308851125211,176
UFC 121: Lesnar vs Velasquez,2010-10-23,11,1,0,0,5.954545454545454,131,0.5826413485504396,1.1818181818181819,0.5621212121212122,0.4557109557109557,50,0.6818181818181818,15,1.4545454545454546,32,1.3636363636363635,30,11.0,0.9,10.0,3.0,4.0,3.0,,,0.0,,,,0.0,0.0,0.0,0.0,0.0,False,True,False,60.79653892015008,80.29285009154103,47.552924108507874,,61.744952972102794,177
UFC 146: Dos Santos vs Mir,2012-05-26,12,1,0,0,4.791666666666667,115,0.6174907755499861,1.4583333333333333,0.6166666666666667,0.5388888888888889,51,0.3333333333333333,8,0.4583333333333333,11,1.2916666666666667,31,27.0,0.868421052631579,11.0,5.0,4.0,5.0,,,0.0,,,,0.0,0.0,0.0,0.0,0.0,False,True,False,65.80222759851918,52.22915913612483,63.58890556346798,,61.531423676293976,178
UFC 325: Volkanovski vs. Lopes 2,2026-01-31,13,1,8,4,5.730769230769231,149,0.5091731584698336,0.6923076923076923,0.45128205128205134,0.48154761904761906,55,0.4230769230769231,11,0.7307692307692307,19,1.6923076923076923,44,25.0,0.7867647058823529,2.0,11.0,9.0,10.0,0.0,2.0,2.0,4.9,46.07142857142857,2.268495011955429,62.0,2.3846153846153846,16.0,14.0,30.0,True,True,True,50.06270557857894,70.4894522756734,67.32361609719781,72.27722772277228,61.45839151564789,179
UFC Fight Night: Cejudo vs. Dillashaw,2019-01-19,13,1,7,1,6.346153846153846,165,0.4818550407741389,1.1153846153846154,0.44487179487179485,0.4086573682727529,66,0.46153846153846156,12,0.8076923076923077,21,2.0,52,24.0,0.788888888888889,7.0,8.0,5.0,10.0,0.0,,1.0,,,,54.0,2.076923076923077,16.0,0.0,16.0,True,True,False,51.60172407509279,76.38924567577018,61.82952646093893,,61.35458840764352,180
UFC Fight Night: Ngannou vs. Velasquez,2019-02-17,12,0,8,3,8.208333333333334,197,0.6871803087263614,1.0,0.6458333333333334,0.485833842083842,74,0.5416666666666666,13,0.7083333333333334,17,1.5416666666666667,37,23.0,0.8174603174603174,2.0,7.0,9.0,7.0,3.0,,1.0,3.905555555555555,31.64285714285714,1.9995977469517063,54.0,2.25,13.0,0.0,13.0,True,True,True,62.97998644785446,70.24166015768505,52.74091845459156,54.65346534653466,61.30735842226724,181
UFC Fight Night: Strickland vs. Hernandez,2026-02-21,14,0,8,3,7.5,210,0.5548365540601565,1.2142857142857142,0.5285714285714286,0.6411854514533086,84,0.10714285714285714,3,0.6071428571428571,17,1.5714285714285714,44,34.0,0.7569169960474309,8.0,3.0,10.0,8.0,3.0,4.0,2.0,4.427777777777777,33.07142857142857,2.0249865738563635,53.0,1.8928571428571428,13.0,12.0,25.0,True,True,True,63.609058006556744,52.00869281502122,66.69564349564045,56.237623762376245,61.26637064318895,182
UFC 210: Cormier vs. Johnson 2,2017-04-08,13,1,7,3,6.153846153846154,160,0.6115592375460795,0.9615384615384616,0.5833333333333334,0.334522635484174,58,0.4230769230769231,11,0.7692307692307693,20,1.5769230769230769,41,26.0,0.7986111111111112,6.0,4.0,6.0,11.0,0.0,1.0,2.0,5.194444444444445,28.785714285714285,1.708344507342741,67.0,2.576923076923077,16.0,15.0,31.0,True,True,True,54.26637484636432,69.4160219512745,68.63621997851638,32.07920792079208,61.25538181595888,183
UFC 262: Oliveira vs. Chandler,2021-05-15,12,1,10,5,8.125,195,0.5345174501424501,1.0833333333333333,0.5229166666666666,0.4909391534391534,68,0.125,3,0.4583333333333333,11,2.625,63,28.0,0.8461538461538461,9.0,0.0,2.0,17.0,3.0,4.0,2.0,6.261111111111111,45.07142857142857,2.008205476977001,85.0,3.5416666666666665,13.0,12.0,25.0,True,True,True,66.92405451171257,56.017193725933964,58.96703739006234,55.64356435643565,61.246209671009005,184
UFC Fight Night: Holloway vs. Kattar,2021-01-16,10,0,2,1,6.95,139,0.4965232295411323,0.9,0.4566666666666667,0.5513807189542483,54,0.55,11,1.0,20,1.85,37,31.0,0.7445652173913043,2.0,8.0,9.0,10.0,1.0,6.0,2.0,4.6,39.35714285714285,2.24317217510466,25.0,1.25,15.0,10.0,25.0,True,True,True,46.328072561805875,80.48033197812657,63.53875307796805,70.29702970297029,61.22778942779292,185
UFC Fight Night: Belfort vs Henderson 3,2015-11-07,13,0,8,3,6.576923076923077,171,0.6389348370927319,1.0769230769230769,0.6192307692307691,0.5920405982905983,63,0.2692307692307692,7,1.0,26,1.7692307692307692,46,34.0,0.6087719298245614,1.0,6.0,18.0,10.0,4.0,12.0,2.0,8.494444444444444,41.785714285714285,1.72937974935947,54.0,2.076923076923077,12.0,4.0,16.0,True,True,True,63.44570898187596,69.98083353315702,55.40801321699399,34.25742574257426,61.20876722826655,186
UFC 223: Khabib vs. Iaquinta,2018-04-07,9,2,9,4,7.111111111111111,128,0.6487166718539268,1.6111111111111112,0.6601851851851852,0.3902396985730319,41,0.5555555555555556,10,0.3888888888888889,7,1.8888888888888888,34,19.0,0.9,14.0,0.0,0.0,1.0,2.0,11.0,2.0,2.0722222222222224,19.142857142857142,1.9789857590898907,80.0,4.444444444444445,14.0,5.0,19.0,True,True,True,76.1333287433407,65.58555467578385,38.4996951216281,52.67326732673268,61.033292069107304,187
UFC on FOX: Teixeira vs Evans,2016-04-16,11,0,10,5,5.909090909090909,130,0.6651875901875901,1.3636363636363635,0.6325757575757576,0.4334415584415584,45,0.36363636363636365,8,0.9545454545454546,21,1.0909090909090908,24,28.0,0.7777777777777778,2.0,4.0,14.0,7.0,4.0,7.0,2.0,3.95,40.71428571428572,2.328663899662321,86.0,3.909090909090909,12.0,9.0,21.0,True,True,True,62.255661692137096,61.262608558070916,56.51929557125323,75.04950495049505,60.92618073527329,188
UFC Fight Night: Ortega vs. Rodriguez,2022-07-16,12,0,13,4,7.208333333333333,173,0.603457190957191,1.1666666666666667,0.5673611111111111,0.46810515873015873,54,0.2916666666666667,7,0.7083333333333334,17,1.9166666666666667,46,21.0,0.788888888888889,0.0,2.0,9.0,13.0,2.0,3.0,2.0,5.266666666666667,41.71428571428572,2.154869595467976,75.0,3.125,14.0,13.0,27.0,True,True,True,62.349919634016295,66.54263934420057,53.46451705950421,63.960396039603964,60.81300260948812,189
UFC 123: Rampage vs Machida,2010-11-20,11,0,0,0,6.318181818181818,139,0.5910082490296394,0.9545454545454546,0.5272727272727273,0.4981373127763502,60,1.3181818181818181,29,1.3181818181818181,29,1.5454545454545454,34,16.0,0.8015873015873016,0.0,6.0,8.0,6.0,,,0.0,,,,0.0,0.0,0.0,0.0,0.0,False,True,False,55.33065650333691,87.24325120644471,45.76831202473736,,60.709020010912795,190
UFC 165: Jones vs Gustafsson,2013-09-21,13,2,6,2,3.9615384615384617,103,0.5927373908143139,1.8846153846153846,0.5737179487179487,0.39478021978021977,43,0.3076923076923077,8,0.5,13,0.6153846153846154,16,21.0,0.8990384615384616,15.0,6.0,9.0,5.0,0.0,1.0,2.0,,,,70.0,2.6923076923076925,16.0,15.0,31.0,True,True,False,65.17537401478855,38.354609508539184,73.36530314620066,,60.703571502010966,191
UFC Fight Night: Santos vs. Teixeira,2020-11-07,10,0,4,2,7.9,158,0.5695545866131604,1.35,0.5308333333333333,0.42107753357753364,54,0.4,8,0.85,17,1.25,25,38.0,0.7105263157894737,4.0,2.0,9.0,13.0,1.0,3.0,2.0,4.294444444444444,35.14285714285714,2.096707764045627,48.0,2.4,15.0,13.0,28.0,True,True,True,57.10889068164713,63.91181430655737,62.68008195539561,60.198019801980195,60.63543542601589,192
UFC 186: Johnson vs Horiguchi,2015-04-25,12,1,7,3,5.666666666666667,136,0.6595433501683501,1.0416666666666667,0.6312500000000001,0.3149470899470899,33,0.5416666666666666,13,1.125,27,1.0416666666666667,25,15.0,0.95,11.0,7.0,7.0,4.0,0.0,7.0,2.0,4.644444444444444,29.785714285714285,1.9093562939869144,71.0,2.9583333333333335,16.0,9.0,25.0,True,True,True,55.318362243839296,68.28230273125918,63.43438356562323,46.13861386138614,60.53516634310679,193
UFC 43: Meltdown,2003-06-06,8,1,0,0,5.0,80,0.42217261904761905,0.75,0.3770833333333333,0.5513392857142858,37,0.6875,11,1.0625,17,0.0,0,18.0,0.8333333333333333,7.0,6.0,6.0,0.0,,,0.0,,,,0.0,0.0,0.0,0.0,0.0,False,False,False,44.125991347540655,84.61029466383614,61.456625784943846,,60.25258730574574,194
UFC 68: The Uprising,2007-03-03,9,1,0,0,4.555555555555555,82,0.5765542328042328,1.0,0.5675925925925926,0.5570868945868946,43,1.8333333333333333,33,1.4444444444444444,26,0.3888888888888889,7,25.0,0.7333333333333334,5.0,18.0,14.0,0.0,,,0.0,,,,0.0,0.0,0.0,0.0,0.0,False,True,False,58.04547415877604,66.34519682500716,57.79987760051751,,60.15205489464996,195
UFC Fight Night: Lee vs. Oliveira,2020-03-14,12,0,8,4,9.916666666666666,238,0.6288252089159347,1.0833333333333333,0.6027777777777779,0.515893308080808,84,0.125,3,0.5833333333333334,14,1.9583333333333333,47,41.0,0.6770833333333333,7.0,1.0,6.0,18.0,8.0,13.0,2.0,3.85,28.785714285714285,2.237954318751438,60.0,2.5,8.0,3.0,11.0,True,True,True,66.0607259913285,56.7818043484869,52.84234547618355,69.9009900990099,59.967494631458685,196
UFC Fight Night: Ngannou vs. Dos Santos,2019-06-29,12,0,4,1,6.666666666666667,160,0.5181524417245565,1.0,0.4986111111111111,0.4544642857142856,60,0.4166666666666667,10,0.9166666666666666,22,1.375,33,29.0,0.7947368421052632,5.0,6.0,14.0,9.0,2.0,,1.0,3.9722222222222223,43.71428571428571,2.388376729409594,47.0,1.9583333333333333,14.0,0.0,14.0,True,True,True,49.05015826988532,68.5954818457683,64.50439628417813,76.83168316831683,59.96183681306549,197
UFC 88: Breakthrough,2008-09-06,9,0,0,0,5.111111111111111,92,0.6591554644186224,0.6111111111111112,0.6055555555555556,0.6358024691358025,43,0.8333333333333334,15,1.2222222222222223,22,1.0,18,26.0,0.8947368421052632,2.0,7.0,12.0,4.0,,,0.0,,,,0.0,0.0,0.0,0.0,0.0,False,True,False,50.7489153365442,73.15472110640668,60.85715403175144,,59.83725539025767,198
UFC 201: Lawler vs. Woodley,2016-07-30,11,1,7,2,7.2272727272727275,159,0.5675469031312684,1.0909090909090908,0.521969696969697,0.48033481669845307,60,0.22727272727272727,5,0.6363636363636364,14,1.4090909090909092,31,22.0,0.7571428571428571,7.0,4.0,4.0,7.0,0.0,4.0,2.0,10.044444444444444,58.85714285714286,1.9344626084433332,73.0,3.3181818181818183,16.0,12.0,28.0,True,True,True,65.9335422068729,55.46688361262911,56.439940145415754,49.504950495049506,59.64736735428364,199
UFC Fight Night: Lewis vs. Daukaus,2021-12-18,13,0,8,3,9.115384615384615,237,0.5706072773380465,0.9615384615384616,0.5205128205128206,0.5269036519036518,71,0.19230769230769232,5,0.8846153846153846,23,1.9615384615384615,51,26.0,0.8636363636363636,4.0,2.0,8.0,9.0,3.0,7.0,2.0,4.455555555555556,26.642857142857142,1.2807222395679565,56.0,2.1538461538461537,13.0,9.0,22.0,True,True,True,61.28054480154361,66.06569249364621,59.44015869366972,13.267326732673268,59.524054988763574,200
UFC Fight Night: Edwards vs. Brady,2025-03-22,13,0,6,3,7.0,182,0.6128338101457996,1.0769230769230769,0.583974358974359,0.413958157227388,61,0.3076923076923077,8,0.9230769230769231,24,1.6538461538461537,43,26.0,0.8492647058823529,2.0,4.0,8.0,4.0,1.0,5.0,2.0,6.405555555555555,47.35714285714286,2.259798313714293,60.0,2.3076923076923075,15.0,11.0,26.0,True,True,True,55.8846948423592,69.48020654029204,54.04134791913964,71.08910891089108,59.49078939330314,201
UFC 203: Miocic vs. Overeem,2016-09-10,10,1,10,5,7.05,141,0.5513523976023975,0.8,0.5375000000000001,0.46402777777777776,46,0.45,9,1.0,20,1.4,28,20.0,0.7424242424242424,7.0,1.0,7.0,7.0,0.0,3.0,2.0,14.677777777777775,54.85714285714285,1.5181863305278211,102.0,5.1,16.0,13.0,29.0,True,True,True,61.46910559565581,71.33548680263827,52.80655118740502,22.970297029702973,59.41199414662855,202
UFC 160: Velasquez vs Silva 2,2013-05-25,12,1,8,2,5.5,132,0.7218749999999999,1.5833333333333333,0.6888888888888888,0.4835813492063492,52,0.3333333333333333,8,0.5833333333333334,14,1.3333333333333333,32,13.0,0.7833333333333333,4.0,3.0,5.0,4.0,0.0,4.0,2.0,,,,89.0,3.7083333333333335,16.0,12.0,28.0,True,True,False,72.12832223763401,57.63780559083241,43.51488718823615,,59.279206788665846,203
UFC 193: Rousey vs Holm,2015-11-14,13,2,9,4,4.8076923076923075,125,0.5372932622932622,1.1153846153846154,0.5064102564102564,0.5448717948717948,50,0.38461538461538464,10,0.5769230769230769,15,1.1153846153846154,29,8.0,1.0,8.0,6.0,4.0,6.0,0.0,7.0,2.0,15.427777777777775,33.5,1.3559868505637862,72.0,2.769230769230769,16.0,9.0,25.0,True,True,True,68.3262016332518,54.51922088277538,58.21182027538001,15.445544554455445,59.19610918433134,204
UFC 188: Velasquez vs Werdum,2015-06-13,11,1,8,4,3.9545454545454546,87,0.7204545454545455,1.2272727272727273,0.6901515151515152,0.3705529319165683,31,0.4090909090909091,9,0.7272727272727273,16,0.5909090909090909,13,21.0,0.8472222222222222,9.0,6.0,9.0,5.0,0.0,1.0,2.0,7.816666666666666,52.14285714285714,2.28340331446036,74.0,3.3636363636363638,16.0,15.0,31.0,True,True,True,56.57281669406441,47.27390643666538,69.645276562059,73.26732673267327,59.00455259204347,205
UFC 190: Rousey vs Correia,2015-08-01,13,1,12,4,5.269230769230769,137,0.5119047619047619,1.0,0.49230769230769234,0.47393162393162397,53,0.46153846153846156,12,1.0,26,1.4615384615384615,38,8.0,1.0,8.0,5.0,3.0,5.0,0.0,5.0,2.0,5.044444444444444,23.57142857142857,1.71225506918995,80.0,3.076923076923077,16.0,11.0,27.0,True,True,True,55.74610028935239,73.58325079056739,55.2217043214252,32.475247524752476,58.88452648604799,206
UFC 169: Barao vs Faber 2,2014-02-01,12,2,9,4,4.125,99,0.5328147546897547,1.4583333333333333,0.5152777777777778,0.4563492063492063,40,0.625,15,0.5,12,0.6666666666666666,16,14.0,0.875,10.0,5.0,5.0,6.0,0.0,1.0,2.0,3.355555555555556,9.214285714285714,1.3318582495394309,101.0,4.208333333333333,16.0,15.0,31.0,True,True,True,67.1005147238358,48.73442027469422,63.469204853162076,14.85148514851485,58.807146671582245,207
UFC Fight Night: Sandhagen vs. Nurmagomedov,2024-08-03,13,0,8,4,8.038461538461538,209,0.5441353286252951,0.7307692307692307,0.4955128205128205,0.4976273726273726,80,0.38461538461538464,10,0.8846153846153846,23,1.8461538461538463,48,18.0,0.8846153846153846,8.0,1.0,5.0,5.0,2.0,10.0,2.0,2.927777777777778,42.71428571428572,2.4915531965726023,60.0,2.3076923076923075,14.0,6.0,20.0,True,True,True,53.71288017054453,73.46530803807475,49.08204092787595,79.20792079207921,58.53648739570325,208
UFC 100,2009-07-11,11,2,0,0,5.454545454545454,120,0.715123260577806,1.5,0.6818181818181819,0.5213564213564215,54,0.6363636363636364,14,0.8636363636363636,19,0.7727272727272727,17,16.0,0.717948717948718,5.0,3.0,1.0,1.0,,,0.0,,,,0.0,0.0,0.0,0.0,0.0,False,True,False,80.61938419630307,60.49051686229131,26.984088985719747,,58.38485219979998,209
UFC 159: Jones vs Sonnen,2013-04-27,11,1,8,2,5.863636363636363,129,0.4628435327298963,0.7727272727272727,0.4431818181818182,0.49606201878929146,56,0.3181818181818182,7,0.9545454545454546,21,1.4090909090909092,31,23.0,0.731060606060606,8.0,7.0,9.0,7.0,0.0,,1.0,,,,81.0,3.6818181818181817,16.0,0.0,16.0,True,True,False,52.56020552305372,66.53026546365125,59.26224274149822,,58.352969892193435,210
UFC Fight Night: Lewis vs. Teixeira,2025-07-12,12,0,4,1,8.708333333333334,209,0.5492507616810355,0.9166666666666666,0.5013888888888889,0.5848292606516291,76,0.20833333333333334,5,1.1666666666666667,28,2.25,54,30.0,0.8275862068965517,2.0,2.0,12.0,9.0,9.0,13.0,2.0,4.166666666666667,37.07142857142857,2.2895961266032487,16.0,0.6666666666666666,7.0,3.0,10.0,True,True,True,51.43096662658942,72.77729574568309,52.565881863498,73.66336633663366,58.219643462937626,211
UFC 192: Cormier vs Gustafsson,2015-10-03,12,1,10,4,5.416666666666667,130,0.6625965537730244,1.2083333333333333,0.6423611111111112,0.4596891534391534,46,0.4583333333333333,11,0.9583333333333334,23,1.0,24,17.0,0.7803030303030303,1.0,3.0,6.0,5.0,0.0,2.0,2.0,12.294444444444444,52.0,1.807142917021717,102.0,4.25,16.0,14.0,30.0,True,True,True,67.7462774656112,63.283072091421325,44.20273151372221,38.81188118811881,58.12069252262242,212
UFC 166: Velasquez vs Dos Santos 3,2013-10-19,13,1,7,1,5.6923076923076925,148,0.47314491064491065,0.5,0.43397435897435904,0.47074528036066493,67,0.46153846153846156,12,1.0769230769230769,28,1.3076923076923077,34,22.0,0.9090909090909091,4.0,7.0,9.0,7.0,0.0,,1.0,,,,86.0,3.3076923076923075,16.0,0.0,16.0,True,True,False,47.0612857094474,71.72961822234161,61.24399412645977,,58.031702186634,213
UFC 185: Pettis vs Dos Anjos,2015-03-14,12,2,10,4,6.416666666666667,154,0.5707697123138299,0.8333333333333334,0.5520833333333334,0.3163269600769601,46,0.2916666666666667,7,0.75,18,1.5416666666666667,37,23.0,0.7696078431372549,8.0,2.0,3.0,7.0,0.0,1.0,2.0,2.6222222222222222,6.142857142857142,1.1431425711808076,110.0,4.583333333333333,16.0,15.0,31.0,True,True,True,62.09433977670682,63.43475091560615,55.95715686076294,7.128712871287128,57.8400063413775,214
UFC Fight Night: Whittaker vs. De Ridder,2025-07-26,12,0,10,4,7.75,186,0.5767560584279692,0.9583333333333334,0.5256944444444445,0.5139753628724217,63,0.2916666666666667,7,0.5416666666666666,13,1.8333333333333333,44,26.0,0.8695652173913043,3.0,3.0,8.0,10.0,5.0,13.0,2.0,1.9666666666666668,9.642857142857142,1.5411593595113906,65.0,2.7083333333333335,11.0,3.0,14.0,True,True,True,60.530334802558905,61.80471213533061,56.5084193385621,23.564356435643564,57.79405557820702,215
UFC Fight Night: Poirier vs. Pettis,2017-11-11,13,0,8,4,9.884615384615385,257,0.545516952717425,0.5,0.45000000000000007,0.4882085329200713,87,0.5,13,1.4230769230769231,37,2.4615384615384617,64,30.0,0.6740196078431373,1.0,4.0,6.0,10.0,8.0,13.0,2.0,1.9222222222222225,14.071428571428571,2.0052691026011726,48.0,1.8461538461538463,8.0,3.0,11.0,True,True,True,49.10638799486611,87.40698378221994,44.81717984250442,55.24752475247525,57.70183133387652,216
UFC 133: Evans vs Ortiz 2,2011-08-06,11,0,0,0,5.363636363636363,118,0.5692739079102715,0.9090909090909091,0.5477272727272727,0.4094516594516595,46,0.6363636363636364,14,1.3636363636363635,30,0.8181818181818182,18,35.0,0.7727272727272727,3.0,11.0,21.0,7.0,,,0.0,,,,0.0,0.0,0.0,0.0,0.0,False,True,False,42.62908158526716,68.08922704386848,69.05876748431434,,57.67533646354556,217
UFC Fight Night: Blaydes vs. Aspinall,2022-07-23,14,0,6,2,7.0,196,0.5571981065153334,1.0714285714285714,0.5202380952380953,0.5851692949907236,73,0.14285714285714285,4,0.6785714285714286,19,1.4642857142857142,41,20.0,0.8928571428571428,7.0,0.0,6.0,6.0,4.0,6.0,2.0,0.8222222222222222,39.57142857142857,3.1740096692535125,50.0,1.7857142857142858,12.0,10.0,22.0,True,True,True,59.5747060467358,53.71300865641424,51.77074563742447,96.03960396039604,57.591338472045024,218
UFC 209: Woodley vs. Thompson 2,2017-03-04,11,1,7,3,5.318181818181818,117,0.591458846841622,0.9545454545454546,0.5621212121212121,0.5394332939787486,44,0.36363636363636365,8,1.0909090909090908,24,1.3181818181818181,29,19.0,0.8194444444444444,0.0,3.0,4.0,9.0,0.0,1.0,2.0,13.094444444444443,42.07142857142857,1.4283364502158198,58.0,2.6363636363636362,16.0,15.0,31.0,True,True,True,60.51711686956282,68.2139248077083,50.44251152529203,18.217821782178216,57.30397249644872,219
UFC Fight Night: Moreno vs. Albazi,2024-11-02,13,0,8,4,7.846153846153846,204,0.5322621457489878,0.7307692307692307,0.475,0.46537629037629036,58,0.5,13,0.5,13,1.3846153846153846,36,21.0,0.8214285714285714,5.0,6.0,4.0,7.0,2.0,3.0,2.0,3.883333333333333,42.57142857142857,2.59269302182337,60.0,2.3076923076923075,14.0,13.0,27.0,True,True,True,50.65274160782864,61.69667983257031,58.15152173813586,82.17821782178217,57.2396340138039,220
UFC 85: Bedlam,2008-06-07,11,0,0,0,4.863636363636363,107,0.6655122655122656,1.4090909090909092,0.6666666666666666,0.7093073593073593,59,0.5454545454545454,12,0.5,11,0.6818181818181818,15,27.0,0.7777777777777778,5.0,11.0,7.0,2.0,,,0.0,,,,0.0,0.0,0.0,0.0,0.0,False,True,False,63.66231474478898,47.57154010367585,56.64819894374589,,57.212916428377184,221
UFC Fight Night: Thompson vs. Neal,2020-12-19,12,0,10,4,6.583333333333333,158,0.47460839598997495,1.0,0.44305555555555554,0.37926587301587306,54,0.7916666666666666,19,1.0,24,1.6666666666666667,40,20.0,0.8571428571428572,6.0,2.0,6.0,7.0,5.0,11.0,2.0,5.4944444444444445,40.85714285714286,2.3416488121133727,56.0,2.3333333333333335,11.0,5.0,16.0,True,True,True,42.99740064855411,82.42726787561628,51.495336352618324,75.84158415841584,57.04645734203201,222
UFC 219: Cyborg vs. Holm,2017-12-30,10,1,8,3,6.55,131,0.63134534583064,1.5,0.5891666666666666,0.49152930402930395,47,0.5,10,0.8,16,1.7,34,10.0,0.7857142857142857,4.0,4.0,5.0,3.0,,,0.0,3.611111111111111,30.071428571428573,1.412845113195049,59.0,2.95,0.0,0.0,0.0,True,True,True,69.58111421573442,74.24327610710459,31.96785858337048,17.62376237623762,56.86481040689294,223
UFC Fight Night: Barboza vs. Lee,2018-04-21,11,0,10,5,9.181818181818182,202,0.5898811205629387,0.8181818181818182,0.5606060606060607,0.4790709698797935,65,0.4090909090909091,9,1.0,22,2.1818181818181817,48,30.0,0.7361111111111112,0.0,1.0,2.0,10.0,5.0,6.0,2.0,7.144444444444444,24.857142857142858,1.481782110859098,79.0,3.590909090909091,11.0,10.0,21.0,True,True,True,60.435975280913595,78.79550580157081,39.68832950036841,20.792079207920793,56.819369373264706,224
UFC Fight Night: Silva vs Bisping,2016-02-27,13,0,4,2,5.230769230769231,136,0.47425213675213673,0.5769230769230769,0.43205128205128207,0.5238876319758673,53,0.5384615384615384,14,1.3076923076923077,34,1.3846153846153846,36,43.0,0.7986111111111112,2.0,13.0,27.0,16.0,5.0,7.0,2.0,8.344444444444445,31.214285714285715,1.670149711563045,33.0,1.2692307692307692,11.0,9.0,20.0,True,True,True,35.639715819177546,76.80209470898248,72.7288272354224,29.306930693069305,56.74040471019683,225
UFC 54: Boiling Point,2005-08-20,8,1,0,0,3.9375,63,0.5675251831501831,0.75,0.5614583333333333,0.59375,29,1.25,20,1.0625,17,0.0,0,19.0,0.7023809523809523,2.0,3.0,5.0,0.0,,,0.0,,,,0.0,0.0,0.0,0.0,0.0,False,False,False,51.24403722847313,91.36103650359875,34.93873267314539,,56.65209875708691,226
The Ultimate Fighter: Team McGregor vs. Team Faber Finale,2015-12-11,10,0,5,2,6.55,131,0.3800881342599609,0.8,0.3583333333333333,0.2685363247863248,51,0.55,11,1.0,20,2.15,43,29.0,0.7459893048128342,4.0,10.0,13.0,12.0,2.0,3.0,2.0,9.627777777777778,49.57142857142857,1.805434702859404,49.0,2.45,14.0,13.0,27.0,True,True,True,30.973632798882083,82.74341542932883,71.48979861143422,38.415841584158414,56.44303863952323,227
UFC Fight Night: Muhammad vs. Bonfim,2026-06-06,12,0,4,1,8.541666666666666,205,0.5902485246235246,1.375,0.5625,0.6001984126984127,73,0.08333333333333333,2,0.4166666666666667,10,1.9583333333333333,47,28.0,0.8035714285714286,4.0,2.0,5.0,7.0,5.0,11.0,2.0,3.4444444444444446,51.21428571428572,2.794026459042271,30.0,1.25,11.0,5.0,16.0,True,True,True,63.05692636128245,48.30577193038249,48.94291272018394,87.52475247524752,56.35832496692616,228
UFC 202: Diaz vs. McGregor 2,2016-08-20,12,0,9,3,7.291666666666667,175,0.469164951334069,1.1666666666666667,0.47361111111111104,0.415939860792802,73,0.25,6,1.0833333333333333,26,2.5416666666666665,61,30.0,0.7556818181818181,2.0,3.0,12.0,21.0,,,0.0,13.477777777777778,49.57142857142857,1.581471636263712,71.0,2.9583333333333335,0.0,0.0,0.0,True,True,True,50.87764842391343,75.48736157136734,52.90788215570109,24.752475247524753,56.33288817149377,229
UFC 208: Holm vs. De Randamie,2017-02-11,10,1,6,1,9.0,180,0.6192406204906206,1.0,0.5533333333333333,0.543927298192004,71,0.8,16,1.75,35,2.4,48,9.0,0.675,2.0,2.0,2.0,3.0,,,0.0,2.611111111111111,6.071428571428571,1.2073711248585628,50.0,2.5,0.0,0.0,0.0,True,True,True,69.15008785571109,93.33680511276886,15.517654778376679,10.495049504950495,56.17428532923718,230
UFC Fight Night: Dos Anjos vs. Fiziev,2022-07-09,11,0,2,1,6.818181818181818,150,0.5686400875110553,1.0,0.5590909090909091,0.47575757575757566,39,0.18181818181818182,4,0.5909090909090909,13,1.4545454545454546,32,37.0,0.739247311827957,7.0,4.0,10.0,12.0,7.0,10.0,2.0,1.3444444444444446,42.64285714285714,3.021016549173096,15.0,0.6818181818181818,9.0,6.0,15.0,True,True,True,46.61124772192458,52.85137237022078,65.05265918107968,92.07920792079209,55.97710033168853,231
UFC 284: Makhachev vs. Volkanovski,2023-02-11,13,2,4,1,5.384615384615385,140,0.49363232920925226,1.8846153846153846,0.4788461538461538,0.39145299145299145,50,0.23076923076923078,6,0.5,13,1.0,26,25.0,0.9615384615384616,23.0,6.0,5.0,4.0,0.0,,1.0,7.605555555555556,48.21428571428571,1.908235700336353,45.0,1.7307692307692308,16.0,0.0,16.0,True,True,True,59.3352233725845,43.59372604418596,63.05572613283304,45.940594059405946,55.8462684029005,232
UFC Fight Night: Lewis vs. Nascimento,2024-05-11,12,0,5,1,8.458333333333334,203,0.709767316017316,1.5,0.6833333333333335,0.5640046296296296,70,0.08333333333333333,2,0.5,12,1.6666666666666667,40,34.0,0.7214285714285715,3.0,2.0,11.0,8.0,12.0,15.0,2.0,5.461111111111111,35.14285714285714,2.3474173258058544,20.0,0.8333333333333334,4.0,1.0,5.0,True,True,True,63.7953941169253,48.42100084457826,47.58839012004238,76.03960396039604,55.7019050919472,233
UFC Fight Night: Smith vs. Teixeira,2020-05-13,10,0,4,1,9.4,188,0.5469906482406482,0.75,0.5291666666666667,0.42197248829601774,66,0.45,9,1.25,25,2.1,42,30.0,0.6944444444444444,4.0,2.0,9.0,11.0,4.0,8.0,2.0,2.1666666666666665,7.571428571428571,1.5765968965142751,22.0,1.1,12.0,8.0,20.0,True,True,True,43.05383172049134,82.11737244461862,55.09009491936251,24.356435643564357,55.49572605733816,234
UFC 164: Henderson vs Pettis 2,2013-08-31,12,1,10,5,5.625,135,0.4884247997444591,0.9583333333333334,0.46597222222222223,0.3900297619047619,45,0.4583333333333333,11,0.75,18,1.0833333333333333,26,11.0,0.875,10.0,4.0,5.0,4.0,0.0,2.0,2.0,,,,98.0,4.083333333333333,16.0,14.0,30.0,True,True,False,51.035430322323634,60.918021921808084,56.8220586433131,,55.463468634079376,235
UFC Fight Night: Thompson vs. Holland,2022-12-03,14,0,8,3,11.357142857142858,318,0.5571374179042247,1.0357142857142858,0.4916666666666667,0.4134568221227885,89,0.21428571428571427,6,1.2857142857142858,36,2.5714285714285716,72,34.0,0.6568627450980392,0.0,2.0,9.0,12.0,6.0,,1.0,2.3777777777777778,3.7142857142857135,1.01263553115842,67.0,2.392857142857143,10.0,0.0,10.0,True,True,True,57.09374925457822,75.55124593868237,44.79928621328288,4.752475247524752,55.40272081286299,236
UFC 156: Aldo vs Edgar,2013-02-02,11,1,0,0,6.2272727272727275,137,0.5369334097275272,0.6818181818181818,0.49318181818181817,0.3273809523809524,40,0.6818181818181818,15,1.0909090909090908,24,1.4090909090909092,31,16.0,0.875,3.0,9.0,6.0,7.0,,,0.0,,,,0.0,0.0,0.0,0.0,0.0,False,True,False,40.163669305321704,78.43316101704352,56.44466047612439,,55.375953809712506,237
UFC Fight Night: Blaydes vs. Lewis,2021-02-20,12,0,5,2,6.166666666666667,148,0.5532215180652681,1.0416666666666667,0.5263888888888889,0.4385903996101364,53,0.3333333333333333,8,0.8333333333333334,20,1.125,27,32.0,0.7840909090909092,7.0,1.0,9.0,8.0,2.0,4.0,2.0,6.65,34.42857142857143,1.7492071735774446,51.0,2.125,14.0,12.0,26.0,True,True,True,50.940848862092736,58.66396410730518,61.828027211202425,35.24752475247524,55.35311497264788,238
UFC Fight Night: Holloway vs. The Korean Zombie,2023-08-26,13,0,8,4,6.884615384615385,179,0.40992954414007043,0.38461538461538464,0.4064102564102564,0.3404137529137529,58,0.5,13,1.2307692307692308,32,1.7692307692307692,46,38.0,0.6885521885521886,1.0,11.0,19.0,17.0,1.0,8.0,2.0,6.016666666666667,37.14285714285714,1.888703008922616,70.0,2.6923076923076925,15.0,8.0,23.0,True,True,True,31.755233135789165,81.2542567082703,66.70299073334323,43.76237623762376,55.214673463267395,239
UFC 145: Jones vs Evans,2012-04-21,12,1,0,0,4.291666666666667,103,0.5387351074851074,0.9583333333333334,0.5208333333333334,0.3900462962962963,38,0.2916666666666667,7,0.6666666666666666,16,0.9166666666666666,22,24.0,0.9115384615384616,10.0,5.0,14.0,8.0,,,0.0,,,,0.0,0.0,0.0,0.0,0.0,False,True,False,42.62137738158648,49.09514925357659,76.97375806221872,,55.17312177336248,240
UFC Fight Night: Dariush vs. Tsarukyan,2023-12-02,12,0,8,3,9.875,237,0.5349944037444038,0.5416666666666666,0.4701388888888889,0.48306878306878304,69,0.4166666666666667,10,0.9583333333333334,23,2.4166666666666665,58,31.0,0.7698412698412698,2.0,0.0,1.0,9.0,4.0,8.0,2.0,2.5666666666666664,38.35714285714286,2.499568009466824,49.0,2.0416666666666665,12.0,8.0,20.0,True,True,True,48.59054094414074,79.78042021538165,39.19604556223634,79.40594059405942,55.11043212987558,241
UFC 65: Bad Intentions,2006-11-18,9,2,0,0,3.5555555555555554,64,0.4626102292768959,1.3888888888888888,0.44999999999999996,0.4276556776556777,35,0.8888888888888888,16,0.5555555555555556,10,0.2222222222222222,4,21.0,0.9333333333333333,11.0,9.0,5.0,1.0,,,0.0,,,,0.0,0.0,0.0,0.0,0.0,False,True,False,53.46254584101111,49.278086064684025,62.12798553599338,,55.09782685618259,242
UFC 57: Liddell vs Couture 3,2006-02-04,9,1,0,0,3.6666666666666665,66,0.5481990231990232,0.7777777777777778,0.5324074074074074,0.6154882154882155,31,0.9444444444444444,17,1.0,18,0.0,0,27.0,0.7802197802197802,4.0,13.0,14.0,0.0,,,0.0,,,,0.0,0.0,0.0,0.0,0.0,False,True,False,50.09799243552112,58.19656375391119,58.90983398081082,,55.01188221782053,243
UFC Fight Night: Dos Anjos vs. Edwards,2019-07-20,13,0,10,4,8.538461538461538,222,0.44419248622035,0.6153846153846154,0.4115384615384615,0.43521942800788954,74,0.46153846153846156,12,0.8846153846153846,23,1.5,39,38.0,0.7424242424242424,8.0,4.0,9.0,8.0,4.0,12.0,2.0,1.422222222222222,4.785714285714286,1.3330656936772003,66.0,2.5384615384615383,12.0,4.0,16.0,True,True,True,43.30348366969543,72.14916328243768,62.90480740262353,15.049504950495049,54.982601756799404,244
UFC 215: Nunes vs Shevchenko 2,2017-09-09,11,1,12,5,6.7272727272727275,148,0.6084917355371899,0.9090909090909091,0.6007575757575757,0.38593073593073596,43,0.45454545454545453,10,0.7272727272727273,16,1.3636363636363635,30,12.0,0.8125,7.0,2.0,4.0,4.0,0.0,1.0,2.0,2.833333333333333,2.5,0.6611362511774799,103.0,4.681818181818182,16.0,15.0,31.0,True,True,True,60.332397727813095,65.45475165132673,48.040470641966536,0.594059405940594,54.93849116684391,245
UFC 41: Onslaught,2003-02-28,8,2,0,0,4.5,72,0.5741477272727273,1.0,0.546875,0.6207589285714286,34,0.5625,9,0.6875,11,0.0,0,11.0,0.7166666666666667,4.0,2.0,1.0,0.0,,,0.0,,,,0.0,0.0,0.0,0.0,0.0,False,False,False,68.76827498694644,70.0689158388165,23.796614539791083,,54.90897191202108,246
UFC 173: Barao vs Dillashaw,2014-05-24,12,1,7,3,4.708333333333333,113,0.6050054112554113,1.2083333333333333,0.5805555555555556,0.4300099206349206,38,0.2916666666666667,7,0.5833333333333334,14,1.0416666666666667,25,14.0,0.8571428571428572,8.0,4.0,3.0,4.0,0.0,4.0,2.0,,,,86.0,3.5833333333333335,16.0,12.0,28.0,True,True,False,60.31699815974748,49.88119059062956,51.77850076927283,,54.874365412987615,247
UFC 82: Pride of a Champion,2008-03-01,10,1,0,0,5.55,111,0.5997863247863247,1.4,0.5625,0.4628571428571429,49,0.55,11,0.85,17,0.6,12,8.0,0.8333333333333333,5.0,4.0,6.0,4.0,,,0.0,,,,0.0,0.0,0.0,0.0,0.0,False,True,False,62.77014544272568,54.554385346196305,44.290340337859696,,54.77237538420764,248
The Ultimate Fighter: Tournament of Champions Finale,2016-12-03,12,1,6,1,5.125,123,0.5073817930435578,1.0833333333333333,0.4784722222222222,0.28955627705627707,27,0.7083333333333334,17,0.875,21,1.0,24,20.0,0.6282051282051282,10.0,10.0,9.0,7.0,0.0,,1.0,4.772222222222222,32.357142857142854,2.2102455505790517,59.0,2.4583333333333335,16.0,0.0,16.0,True,True,True,43.87792114785062,66.8015493423202,57.076351919533685,67.52475247524752,54.750698994342784,249
UFC 234: Adesanya vs. Silva,2019-02-09,11,0,5,1,4.5,99,0.5423701298701299,0.9545454545454546,0.5015151515151515,0.4379841192675417,40,0.5909090909090909,13,0.9090909090909091,20,1.2272727272727273,27,26.0,0.9047619047619048,5.0,13.0,20.0,16.0,6.0,15.0,2.0,5.633333333333333,21.928571428571427,1.483057333612822,15.0,0.6818181818181818,10.0,1.0,11.0,True,True,True,35.05410884519808,69.96178417812291,73.87481608815219,20.99009900990099,54.724039359550666,250
UFC 222: Cyborg vs. Kunitskaya,2018-03-03,12,1,10,4,7.666666666666667,184,0.6106036081365028,1.1666666666666667,0.5180555555555556,0.4769097222222222,71,0.75,18,1.125,27,1.7083333333333333,41,4.0,0.5,4.0,2.0,2.0,1.0,,,0.0,1.6333333333333333,23.571428571428573,1.6007013126023597,85.0,3.5416666666666665,0.0,0.0,0.0,True,True,True,70.53317265046988,84.34531958826493,13.728451499594724,25.742574257425744,54.70526312000389,251
UFC Fight Night: Whittaker vs. Till,2020-07-25,15,0,6,2,6.9,207,0.5269912749788911,0.5666666666666667,0.47333333333333333,0.3789033189033189,63,0.5,15,1.2666666666666666,38,1.5666666666666667,47,23.0,0.7678571428571428,1.0,3.0,8.0,10.0,1.0,5.0,2.0,5.311111111111111,54.57142857142857,2.352049824222433,47.0,1.5666666666666667,15.0,11.0,26.0,True,True,True,38.01001742948676,78.81904424292439,52.89510840953195,76.23762376237624,54.5891817435042,252
UFC 106: Ortiz vs Griffin 2,2009-11-21,10,0,0,0,5.7,114,0.49286853497379807,0.6,0.44666666666666666,0.6053621378621378,49,0.65,13,0.9,18,1.15,23,31.0,0.6602870813397129,0.0,11.0,15.0,8.0,,,0.0,,,,0.0,0.0,0.0,0.0,0.0,False,True,False,42.13764943146386,69.06892036495243,58.96872874991061,,54.53990367241772,253
UFC 52: Couture vs Liddell 2,2005-04-16,8,2,0,0,3.4375,55,0.4165088383838384,0.4375,0.38125,0.35664682539682535,23,1.1875,19,1.0,16,0.0,0,23.0,0.7840909090909092,1.0,10.0,11.0,0.0,,,0.0,,,,0.0,0.0,0.0,0.0,0.0,False,False,False,30.086721563124975,89.59454889496175,57.92312686555458,,54.537119903849266,254
UFC 130: Rampage vs Hamill,2011-05-28,10,0,0,0,5.75,115,0.6617343440872853,1.1,0.6316666666666666,0.44509920634920636,46,0.4,8,0.6,12,1.05,21,19.0,0.7840909090909092,6.0,3.0,7.0,7.0,,,0.0,,,,0.0,0.0,0.0,0.0,0.0,False,True,False,55.39777627406494,54.73977909061341,53.057220925209144,,54.48549637878113,255
UFC Fight Night: Covington vs. Buckley,2024-12-14,13,0,3,1,8.653846153846153,225,0.6538048379560316,1.0769230769230769,0.6032051282051282,0.46633089133089134,72,0.15384615384615385,4,0.5,13,2.0384615384615383,53,30.0,0.7321428571428572,5.0,4.0,6.0,7.0,6.0,9.0,2.0,4.544444444444444,30.0,1.8515821220313653,24.0,0.9230769230769231,10.0,7.0,17.0,True,True,True,56.035731191004125,55.87447934206768,53.33078062220276,41.18811881188119,54.441552439173456,256
UFC 31: Locked and Loaded,2001-05-04,8,2,0,0,2.375,38,0.45669642857142856,1.1875,0.453125,0.3461309523809524,19,0.8125,13,0.625,10,0.0,0,12.0,0.9285714285714286,7.0,3.0,4.0,0.0,,,0.0,,,,0.0,0.0,0.0,0.0,0.0,False,False,False,43.24604436162303,73.83773550235942,52.3949703355638,,54.185623916745485,257
UFC on FOX: Maia vs. Condit,2016-08-27,10,0,4,1,7.0,140,0.4163252086078173,0.6,0.4,0.3811164978812037,55,0.35,7,0.95,19,2.5,50,35.0,0.661231884057971,5.0,4.0,9.0,13.0,3.0,4.0,2.0,9.611111111111112,44.785714285714285,2.016336189393958,41.0,2.05,13.0,12.0,25.0,True,True,True,32.10144945399297,77.0931074160552,64.23873231240512,55.84158415841585,54.17755553725332,258
UFC Fight Night: Shogun vs Sonnen,2013-08-17,13,0,6,2,6.1923076923076925,161,0.6153311432157587,0.9615384615384616,0.5942307692307693,0.5679487179487179,64,0.34615384615384615,9,0.6538461538461539,17,1.6538461538461537,43,22.0,0.5,0.0,6.0,8.0,6.0,8.0,,1.0,,,,65.0,2.5,8.0,0.0,8.0,True,True,False,60.77079064868485,64.75471657418797,36.53766405475787,,54.16662591520873,259
UFC 105: Couture vs Vera,2009-11-14,11,0,0,0,4.454545454545454,98,0.6473950026581605,1.3636363636363635,0.6166666666666667,0.4853896103896103,41,0.6363636363636364,14,0.7727272727272727,17,0.5454545454545454,12,29.0,0.6657894736842105,2.0,14.0,14.0,2.0,,,0.0,,,,0.0,0.0,0.0,0.0,0.0,False,True,False,55.507187968528186,54.13208598814799,52.24855337322052,,54.116276522541504,260
UFC 293: Adesanya vs. Strickland,2023-09-09,12,1,5,2,6.083333333333333,146,0.4194867510656984,0.6666666666666666,0.3916666666666666,0.3259507853257853,46,0.4166666666666667,10,1.0416666666666667,25,1.1666666666666667,28,34.0,0.8017543859649123,3.0,10.0,16.0,10.0,0.0,5.0,2.0,9.577777777777778,34.07142857142857,1.4788882250386786,52.0,2.1666666666666665,16.0,11.0,27.0,True,True,True,36.152999332701505,66.27649218282686,73.51329269610198,20.594059405940595,54.114013557914944,261
UFC Fight Night: Edgar vs Swanson,2014-11-22,12,0,7,3,4.75,114,0.5476851851851852,1.0,0.5180555555555556,0.28953974266474264,37,0.375,9,0.375,9,1.5,36,23.0,0.7952380952380952,8.0,7.0,8.0,12.0,3.0,2.0,2.0,4.766666666666667,40.14285714285714,2.107079256818785,63.0,2.625,13.0,14.0,27.0,True,True,True,39.253916193771694,54.754340327041895,71.96215403220246,61.18811881188119,54.03820370952395,262
UFC 270: Ngannou vs. Gane,2022-01-22,11,2,4,2,4.090909090909091,90,0.3791869746415201,0.7727272727272727,0.36136363636363633,0.3085137085137085,38,0.4090909090909091,9,0.6363636363636364,14,1.1363636363636365,25,20.0,0.9230769230769231,12.0,3.0,8.0,8.0,0.0,1.0,2.0,6.383333333333334,37.5,1.8628540241152112,62.0,2.8181818181818183,16.0,15.0,31.0,True,True,True,39.47058852358257,57.015408537186,71.8888431326618,42.37623762376238,53.72755236471619,263
UFC Fight Night: Lewis vs. Dos Santos,2019-03-09,13,0,5,1,8.153846153846153,212,0.5473890835266991,1.0769230769230769,0.5128205128205128,0.4375152625152625,75,0.2692307692307692,7,0.7307692307692307,19,1.3461538461538463,35,34.0,0.7638888888888888,2.0,6.0,14.0,10.0,3.0,,1.0,4.116666666666666,12.928571428571429,1.3113771872814572,33.0,1.2692307692307692,13.0,0.0,13.0,True,True,True,51.169793945905155,58.356472339273665,59.67292633039129,14.455445544554454,53.68168583952559,264
UFC Fight Night: Overeem vs. Volkov,2021-02-06,12,0,7,3,7.75,186,0.5100515678353115,0.875,0.5034722222222222,0.33234346671846665,55,0.4166666666666667,10,1.2916666666666667,31,1.7083333333333333,41,27.0,0.6907894736842105,3.0,1.0,10.0,4.0,5.0,6.0,2.0,4.288888888888889,41.285714285714285,2.2280471491682547,67.0,2.7916666666666665,11.0,10.0,21.0,True,True,True,44.71493081905876,78.44503822997814,42.16071191751467,68.51485148514853,53.57118803462986,265
UFC Fight Night: Whittaker vs. Aliskerov,2024-06-22,11,0,5,2,7.545454545454546,166,0.513053613053613,0.8636363636363636,0.4704545454545455,0.33479683195592286,50,0.2727272727272727,6,1.1363636363636365,25,1.7272727272727273,38,23.0,0.8809523809523809,3.0,3.0,7.0,9.0,3.0,,1.0,7.783333333333333,41.0,1.922467192033116,53.0,2.409090909090909,13.0,0.0,13.0,True,True,True,42.80781678005778,71.95385918045147,53.220579482996364,47.92079207920792,53.473804955995284,266
UFC Fight Night: Edgar vs. The Korean Zombie,2019-12-21,13,0,6,3,4.115384615384615,107,0.5686355311355311,0.9230769230769231,0.5615384615384615,0.41776018099547507,39,0.4230769230769231,11,0.6923076923076923,18,1.2307692307692308,32,32.0,0.7113095238095238,1.0,10.0,16.0,17.0,4.0,6.0,2.0,7.855555555555556,36.285714285714285,1.6388199897715772,55.0,2.1153846153846154,12.0,10.0,22.0,True,True,True,43.0849911060533,61.118732595009696,65.17822784260969,27.722772277227726,53.45328655781804,267
UFC 221: Romero vs. Rockhold,2018-02-10,12,0,7,3,5.583333333333333,134,0.6019141737891738,1.125,0.5798611111111112,0.48456439393939393,50,0.16666666666666666,4,0.625,15,1.2916666666666667,31,17.0,0.8194444444444444,1.0,3.0,8.0,10.0,1.0,2.0,2.0,13.605555555555556,64.64285714285714,1.7140831913343026,70.0,2.9166666666666665,15.0,14.0,29.0,True,True,True,57.98406229631936,49.86937890574726,53.72731817941443,32.67326732673268,53.41282846512552,268
UFC 179: Aldo vs Mendes 2,2014-10-25,11,1,7,2,4.590909090909091,101,0.604563492063492,1.2272727272727273,0.5992424242424242,0.3931277056277056,29,0.36363636363636365,8,0.45454545454545453,10,0.6818181818181818,15,14.0,0.9375,11.0,7.0,4.0,3.0,0.0,1.0,2.0,9.855555555555554,59.64285714285714,2.0039320379688297,58.0,2.6363636363636362,16.0,15.0,31.0,True,True,True,54.52761300634762,40.031261820912725,61.975770946185456,55.049504950495056,53.164067189147616,269
UFC 102: Couture vs Nogueira,2009-08-29,11,0,0,0,4.818181818181818,106,0.5717171717171716,0.7272727272727273,0.5196969696969697,0.6093073593073594,53,0.8181818181818182,18,1.0454545454545454,23,0.9545454545454546,21,21.0,0.6666666666666666,0.0,16.0,14.0,2.0,,,0.0,,,,0.0,0.0,0.0,0.0,0.0,False,True,False,47.683231832716366,70.15533869954443,44.89702738149276,,52.71709012886367,270
UFC 32: Showdown in the Meadowlands,2001-06-29,8,1,0,0,2.125,34,0.5765625,0.875,0.575,0.5461309523809524,19,0.75,12,0.4375,7,0.0,0,9.0,0.875,4.0,4.0,5.0,0.0,,,0.0,,,,0.0,0.0,0.0,0.0,0.0,False,False,False,49.985363237840374,63.76581907319876,47.12679981841227,,52.70909474627318,271
UFC 73: Stacked,2007-07-07,9,2,0,0,3.888888888888889,70,0.5268959435626103,1.2222222222222223,0.5333333333333333,0.38198005698005694,28,0.7222222222222222,13,1.2222222222222223,22,0.7777777777777778,14,7.0,1.0,7.0,1.0,4.0,2.0,,,0.0,,,,0.0,0.0,0.0,0.0,0.0,False,True,False,53.75795907456867,67.04942532884249,39.09972827653479,,52.62679836315635,272
UFC Fight Night: Cejudo vs. Song,2025-02-22,12,0,5,2,7.125,171,0.5438664923039923,0.8333333333333334,0.5131944444444444,0.4645111832611833,62,0.25,6,0.6666666666666666,16,1.5,36,28.0,0.7417582417582418,0.0,6.0,6.0,10.0,7.0,8.0,2.0,3.183333333333333,42.64285714285714,2.574324755946611,29.0,1.2083333333333333,9.0,8.0,17.0,True,True,True,46.012494438111304,58.638720185489625,51.47876766626747,81.38613861386138,52.57761505219024,273
UFC 127: Penn vs Fitch,2011-02-26,12,0,0,0,5.208333333333333,125,0.4372370684870685,1.2916666666666667,0.45625000000000004,0.35238731176231175,51,0.5,12,0.6666666666666666,16,1.0416666666666667,25,33.0,0.7976190476190477,6.0,12.0,11.0,5.0,,,0.0,,,,0.0,0.0,0.0,0.0,0.0,False,True,False,34.872095954570185,58.888728229956634,70.7888098775332,,52.534382529028626,274
UFC 33: Victory in Vegas,2001-09-28,8,3,0,0,2.375,38,0.5361111111111111,1.0625,0.53125,0.3973214285714286,18,0.375,6,0.375,6,0.0,0,10.0,0.8888888888888888,5.0,5.0,6.0,0.0,,,0.0,,,,0.0,0.0,0.0,0.0,0.0,False,False,False,54.08007590874335,47.407323786178125,54.430130515939936,,52.434632068235636,275
UFC Fight Night: Assuncao vs. Moraes 2,2019-02-02,13,0,6,2,5.461538461538462,142,0.5209143420681882,0.9615384615384616,0.4858974358974359,0.43583245364621875,53,0.5384615384615384,14,0.6538461538461539,17,1.6153846153846154,42,17.0,0.7980769230769231,7.0,0.0,1.0,4.0,3.0,4.0,2.0,0.6555555555555556,41.85714285714286,3.3740364218261,63.0,2.423076923076923,13.0,12.0,25.0,True,True,True,46.725226790082296,70.24845797884984,36.71178162723413,97.42574257425743,52.13702682762849,276
UFC Fight Night: Swanson vs. Lobov,2017-04-22,13,0,12,3,7.923076923076923,206,0.550874561641825,0.9230769230769231,0.5076923076923078,0.457251776001776,75,0.3076923076923077,8,1.0,26,1.9230769230769231,50,16.0,0.625,5.0,0.0,2.0,5.0,4.0,,1.0,2.966666666666667,61.14285714285714,2.8128096914024576,69.0,2.6538461538461537,12.0,0.0,12.0,True,True,True,55.94319293036972,73.1883723879327,23.275103626034397,88.11881188118812,52.06284195100079,277
UFC Fight Night: Almeida vs. Lewis,2023-11-04,10,0,4,1,6.6,132,0.6143673355629877,1.55,0.5850000000000001,0.42900793650793645,40,0.1,2,0.7,14,1.35,27,32.0,0.8333333333333333,6.0,2.0,11.0,11.0,9.0,10.0,2.0,1.4333333333333331,2.5,0.8421623553049148,18.0,0.9,7.0,6.0,13.0,True,True,True,51.4195821403866,50.040304083857706,62.91104084172336,1.782178217821782,52.04033004052717,278
UFC 150: Henderson vs Edgar II,2012-08-11,10,1,0,0,4.95,99,0.5605239368474664,0.85,0.535,0.3513419913419913,29,0.4,8,0.7,14,1.3,26,16.0,0.9090909090909092,4.0,6.0,5.0,8.0,,,0.0,,,,0.0,0.0,0.0,0.0,0.0,False,True,False,41.88393891218925,61.59422229890939,57.59194066727233,,52.03127719977342,279
UFC 59: Reality Check,2006-04-15,9,1,0,0,3.8333333333333335,69,0.5410934744268078,1.0555555555555556,0.5259259259259259,0.5324074074074074,37,1.0,18,1.0555555555555556,19,0.0,0,16.0,0.746031746031746,8.0,7.0,4.0,0.0,,,0.0,,,,0.0,0.0,0.0,0.0,0.0,False,True,False,52.829453646363774,59.654537896055125,43.96214562259268,,51.82532591509168,280
UFC Fight Night: Oliveira vs. Gamrot,2025-10-11,12,0,4,2,7.666666666666667,184,0.4452760386104376,0.5833333333333334,0.4201388888888889,0.42599328006936704,72,0.4583333333333333,11,0.7083333333333334,17,2.1666666666666665,52,46.0,0.7018716577540107,1.0,4.0,9.0,25.0,4.0,8.0,2.0,10.233333333333334,31.92857142857143,1.7111387693931506,31.0,1.2916666666666667,12.0,8.0,20.0,True,True,True,35.034807934398096,74.89342567336337,57.91726548435698,32.27722772277228,51.72632062354579,281
UFC Fight Night: Dos Anjos vs. Lee,2019-05-18,13,0,6,1,7.115384615384615,185,0.5874592288053826,1.1923076923076923,0.5679487179487179,0.4249946132299073,70,0.19230769230769232,5,0.46153846153846156,12,1.5384615384615385,40,40.0,0.6840659340659341,0.0,5.0,11.0,9.0,3.0,,1.0,6.405555555555555,44.0,2.0592675331281045,30.0,1.1538461538461537,13.0,0.0,13.0,True,True,True,51.751825236593696,50.29535769619131,51.67835320337976,58.415841584158414,51.69886755890715,282
UFC 77: Hostile Territory,2007-10-20,9,1,0,0,3.888888888888889,70,0.5131994548661215,0.9444444444444444,0.5101851851851852,0.4652777777777778,32,0.7777777777777778,14,0.8888888888888888,16,0.3888888888888889,7,13.0,0.9444444444444444,6.0,6.0,9.0,3.0,,,0.0,,,,0.0,0.0,0.0,0.0,0.0,False,True,False,44.82672706116297,56.38864511255298,56.95035505733342,,51.697851178740486,283
UFC 91: Couture vs Lesnar,2008-11-15,9,1,0,0,4.611111111111111,83,0.4890834111422346,0.9444444444444444,0.5018518518518519,0.4310185185185185,37,0.9444444444444444,17,1.1111111111111112,20,1.0555555555555556,19,19.0,0.6029411764705883,3.0,13.0,12.0,1.0,,,0.0,,,,0.0,0.0,0.0,0.0,0.0,False,True,False,42.78742708371866,74.57869886183192,44.5071667222721,,51.6966269111864,284
UFC Fight Night: Blaydes vs. Dos Santos,2020-01-25,12,0,6,2,6.875,165,0.45490435490435494,0.7916666666666666,0.44027777777777777,0.25720899470899466,44,0.4166666666666667,10,1.0416666666666667,25,1.2916666666666667,31,30.0,0.7638888888888888,2.0,5.0,13.0,8.0,3.0,,1.0,0.4833333333333333,30.0,3.1221814543100184,44.0,1.8333333333333333,13.0,0.0,13.0,True,True,True,33.05773851605776,68.77531349352935,54.947762505792994,93.86138613861385,51.59432183847404,285
UFC Fight Night: Emmett vs. Stephens,2018-02-24,12,0,9,4,8.0,192,0.5534527201193867,0.75,0.5222222222222223,0.49409722222222224,63,0.375,9,0.625,15,1.5833333333333333,38,32.0,0.6592592592592592,4.0,0.0,3.0,8.0,4.0,8.0,2.0,1.5666666666666669,4.071428571428571,1.1166898512163537,83.0,3.4583333333333335,12.0,8.0,20.0,True,True,True,57.164732893036934,64.34064057197322,40.847407057855115,6.732673267326733,51.54190908093095,286
UFC Fight Night: Tsarukyan vs. Hooker,2025-11-22,14,0,10,4,6.964285714285714,195,0.5352597538217839,0.9285714285714286,0.5,0.349129045557617,57,0.17857142857142858,5,0.75,21,1.2142857142857142,34,33.0,0.7272727272727273,7.0,0.0,4.0,11.0,1.0,6.0,2.0,4.266666666666667,33.714285714285715,2.0697685140422006,85.0,3.0357142857142856,15.0,10.0,25.0,True,True,True,48.17659101132568,51.49448842814502,54.54439119886587,59.009900990099005,51.45807092073124,287
UFC 113: Machida vs Shogun 2,2010-05-08,11,1,0,0,5.409090909090909,119,0.6083333333333333,1.0,0.593939393939394,0.6420454545454546,48,0.18181818181818182,4,0.4090909090909091,9,1.4090909090909092,31,12.0,0.75,8.0,3.0,3.0,4.0,,,0.0,,,,0.0,0.0,0.0,0.0,0.0,False,True,False,64.26573713161633,45.98667968977262,38.49622521105402,,51.317718250953575,288
UFC 110: Nogueira vs Velasquez,2010-02-20,9,0,0,0,5.5,99,0.5656917156917156,1.1111111111111112,0.5555555555555556,0.6134259259259259,40,0.2222222222222222,4,0.8333333333333334,15,1.4444444444444444,26,9.0,0.875,6.0,2.0,2.0,3.0,,,0.0,,,,0.0,0.0,0.0,0.0,0.0,False,True,False,57.24182024439756,59.92568629478463,36.21350045803905,,51.307578746175686,289
UFC Fight Night: Dos Anjos vs. Ferguson,2016-11-05,13,0,6,3,5.538461538461538,144,0.48344017094017094,1.0384615384615385,0.47115384615384615,0.3924714174714174,53,0.23076923076923078,6,0.5769230769230769,15,1.3461538461538463,35,32.0,0.8083333333333333,8.0,3.0,4.0,12.0,2.0,3.0,2.0,12.1,40.0,1.5364480554532909,55.0,2.1153846153846154,14.0,13.0,27.0,True,True,True,41.6513639958798,53.285409498245656,66.90295771969825,23.36633663366337,51.221102120505975,290
UFC 125: Resolution,2011-01-01,11,1,0,0,6.0,132,0.5194305063623245,1.3636363636363635,0.46212121212121215,0.38139839958021776,48,0.09090909090909091,2,0.6363636363636364,14,1.5454545454545454,34,18.0,0.9444444444444444,13.0,2.0,2.0,4.0,,,0.0,,,,0.0,0.0,0.0,0.0,0.0,False,True,False,52.13654608489951,51.43125431845763,49.47636587270852,,51.11088607935449,291
UFC 174: Johnson vs Bagautinov,2014-06-14,11,1,9,3,4.2727272727272725,94,0.4877636252636252,1.0454545454545454,0.47196969696969693,0.3814574314574314,35,0.45454545454545453,10,0.5,11,0.6818181818181818,15,12.0,0.9375,8.0,5.0,5.0,4.0,0.0,4.0,2.0,2.2666666666666666,38.142857142857146,2.5134554077007425,79.0,3.590909090909091,16.0,12.0,28.0,True,True,True,45.89910050340551,45.0987408949716,57.853088738954774,80.0,50.99025204679154,292
UFC 92: The Ultimate 2008,2008-12-27,10,2,0,0,3.9,78,0.5657936507936508,1.05,0.5375,0.5075793650793651,35,0.35,7,0.5,10,0.65,13,17.0,0.8888888888888888,5.0,1.0,4.0,5.0,,,0.0,,,,0.0,0.0,0.0,0.0,0.0,False,True,False,63.770795917302415,40.32756750802714,42.743537220782365,,50.9613383264868,293
UFC Fight Night: Weidman vs. Gastelum,2017-07-22,13,0,9,4,6.038461538461538,157,0.6286113459190383,1.0384615384615385,0.5858974358974359,0.46880341880341886,48,0.19230769230769232,5,0.4230769230769231,11,1.3846153846153846,36,23.0,0.775,0.0,5.0,6.0,8.0,5.0,8.0,2.0,8.594444444444445,41.21428571428572,1.888841042449936,57.0,2.1923076923076925,11.0,8.0,19.0,True,True,True,56.61065454140493,46.697637675742065,47.96822261070714,43.960396039603964,50.907157820689825,294
UFC 71: Liddell vs Jackson,2007-05-26,9,1,0,0,3.7777777777777777,68,0.5032407407407408,1.0555555555555556,0.5055555555555556,0.558862433862434,30,0.3333333333333333,6,0.7222222222222222,13,0.3888888888888889,7,17.0,0.9375,7.0,6.0,8.0,2.0,,,0.0,,,,0.0,0.0,0.0,0.0,0.0,False,True,False,50.92253568274478,42.0089756270907,58.27863557073453,,50.89984089588521,295
UFC 115: Liddell vs Franklin,2010-06-12,11,0,0,0,4.818181818181818,106,0.468488455988456,0.6363636363636364,0.42045454545454547,0.5421487603305785,45,0.5909090909090909,13,1.1363636363636365,25,0.9090909090909091,20,36.0,0.7238095238095238,0.0,12.0,20.0,4.0,,,0.0,,,,0.0,0.0,0.0,0.0,0.0,False,True,False,36.09818028632462,67.15578929292012,57.0534929868742,,50.88870245665488,296
UFC Fight Night: Namajunas vs. Cortez,2024-07-13,12,0,3,1,7.25,174,0.5989364937894349,1.0833333333333333,0.5541666666666666,0.48950077700077693,57,0.2916666666666667,7,0.25,6,1.5,36,20.0,0.8333333333333333,6.0,7.0,4.0,6.0,6.0,11.0,2.0,3.883333333333333,29.0,1.9354446346888663,16.0,0.6666666666666666,10.0,5.0,15.0,True,True,True,51.51973820376304,47.76299740485135,52.753197662372486,49.7029702970297,50.859752446281284,297
UFC Fight Night: Sandhagen vs. Font,2023-08-05,12,0,3,1,7.0,168,0.5926752645502645,1.125,0.5458333333333334,0.5020833333333333,64,0.20833333333333334,5,0.5,12,1.75,42,27.0,0.7083333333333333,3.0,1.0,7.0,9.0,,,0.0,4.044444444444444,41.57142857142857,2.396729456217474,18.0,0.75,0.0,0.0,0.0,True,True,True,52.40654572399967,55.56836988415284,39.67302214529703,77.02970297029704,50.60810255274204,298
UFC on FOX: Johnson vs Dodson,2013-01-26,11,1,0,0,5.363636363636363,118,0.6220308100989919,0.9545454545454546,0.5924242424242424,0.4195526695526696,37,0.3181818181818182,7,0.7727272727272727,17,1.5,33,9.0,0.9,5.0,2.0,2.0,2.0,,,0.0,,,,0.0,0.0,0.0,0.0,0.0,False,True,False,54.14997335605875,64.581778689508,34.229529140754714,,50.604518691607275,299
UFC on FOX: Evans vs Davis,2012-01-28,10,0,0,0,5.25,105,0.5034920634920635,1.05,0.47833333333333333,0.4188383838383838,35,0.2,4,0.85,17,1.25,25,18.0,0.9583333333333333,8.0,2.0,9.0,5.0,,,0.0,,,,0.0,0.0,0.0,0.0,0.0,False,True,False,41.005867797104905,55.43011302070178,58.882376672774654,,50.446935132473484,300
UFC Fight Night: Hendricks vs Thompson,2016-02-06,12,0,9,4,5.666666666666667,136,0.5186507936507937,0.9166666666666666,0.4666666666666666,0.41874999999999996,45,0.20833333333333334,5,0.5833333333333334,14,1.1666666666666667,28,22.0,0.8285714285714285,6.0,3.0,4.0,9.0,2.0,8.0,2.0,10.183333333333334,59.285714285714285,1.9975077977303104,71.0,2.9583333333333335,14.0,8.0,22.0,True,True,True,46.46933731457139,48.242357779836816,56.16137199841354,54.45544554455446,50.219508247539544,301
UFC on FOX: Diaz vs Miller,2012-05-05,12,0,0,0,5.041666666666667,121,0.6452546296296297,1.1666666666666667,0.6354166666666666,0.5879464285714285,56,0.041666666666666664,1,0.375,9,1.625,39,27.0,0.75,3.0,0.0,4.0,13.0,,,0.0,,,,0.0,0.0,0.0,0.0,0.0,False,True,False,59.79567196062042,38.50423714800844,45.435585119848525,,49.65789853389983,302
UFC Fight Night: Santos vs. Ankalaev,2022-03-12,14,0,6,3,6.642857142857143,186,0.5375676406926407,1.1071428571428572,0.5196428571428571,0.4539115646258503,62,0.07142857142857142,2,0.35714285714285715,10,1.2142857142857142,34,30.0,0.7556818181818181,8.0,1.0,5.0,9.0,5.0,6.0,2.0,1.2111111111111112,46.5,3.13460969331064,34.0,1.2142857142857142,11.0,10.0,21.0,True,True,True,49.163777315184284,33.66091465662776,55.42132275718864,95.04950495049505,49.459611664911996,303
UFC 35: Throwdown,2002-01-11,8,2,0,0,2.5,40,0.5458333333333334,1.125,0.5375,0.425,14,0.5,8,0.25,4,0.0,0,9.0,1.0,8.0,2.0,0.0,0.0,,,0.0,,,,0.0,0.0,0.0,0.0,0.0,False,False,False,54.81794394898653,47.86244590140861,43.51883938014028,,49.41941144104089,304
UFC Fight Night: Della Maddalena vs. Prates,2026-05-02,13,0,6,2,6.538461538461538,170,0.5310554804672452,0.8076923076923077,0.47692307692307695,0.47002262443438914,59,0.15384615384615385,4,0.46153846153846156,12,1.6153846153846154,42,16.0,0.873015873015873,2.0,2.0,4.0,12.0,1.0,5.0,2.0,4.805555555555555,42.14285714285714,2.1423191430433404,41.0,1.5769230769230769,15.0,11.0,26.0,True,True,True,46.52495801409947,50.54295240055365,49.91718317324119,63.56435643564357,49.39909407953274,305
UFC 86: Jackson vs Griffin,2008-07-05,9,1,0,0,4.777777777777778,86,0.63505291005291,1.0555555555555556,0.6314814814814815,0.6189814814814816,34,0.2222222222222222,4,0.4444444444444444,8,1.1111111111111112,20,11.0,0.875,5.0,2.0,2.0,3.0,,,0.0,,,,0.0,0.0,0.0,0.0,0.0,False,True,False,64.19145261145553,42.57429277033902,35.07474997188756,,49.30797813550867,306
UFC Fight Night: Grasso vs. Shevchenko 2,2023-09-16,11,1,5,2,5.090909090909091,112,0.4546487603305786,1.3636363636363635,0.4840909090909091,0.3181818181818182,32,0.5,11,0.36363636363636365,8,0.9545454545454546,21,26.0,0.7636363636363637,5.0,11.0,5.0,5.0,0.0,1.0,2.0,6.316666666666666,41.07142857142857,1.9195072021363275,38.0,1.7272727272727273,16.0,15.0,31.0,True,True,True,40.77573022349475,47.5434632686779,62.47102818860197,47.32673267326732,49.303802996811335,307
UFC Fight Night: Rozenstruik vs. Almeida,2023-05-13,11,0,5,2,9.954545454545455,219,0.5784246574567891,0.8181818181818182,0.540909090909091,0.5224960645415191,73,0.045454545454545456,1,0.7272727272727273,16,1.6818181818181819,37,15.0,0.8181818181818181,5.0,0.0,4.0,5.0,9.0,12.0,2.0,0.2722222222222222,26.78571428571429,2.953577050738505,32.0,1.4545454545454546,7.0,4.0,11.0,True,True,True,54.91197198671424,51.07537178879618,32.84370882551483,91.2871287128713,49.15110082518276,308
UFC Fight Night: Blaydes vs. Volkov,2020-06-20,12,0,9,4,8.666666666666666,208,0.5326268638768639,0.7916666666666666,0.5055555555555555,0.4123511904761905,59,0.08333333333333333,2,0.5833333333333334,14,1.8333333333333333,44,17.0,0.8166666666666667,4.0,0.0,4.0,4.0,3.0,7.0,2.0,1.6944444444444444,43.0,2.859068698432928,76.0,3.1666666666666665,13.0,9.0,22.0,True,True,True,51.392205373847254,52.88188171527403,36.258641810018666,89.10891089108911,49.110390665917464,309
UFC Fight Night: Ortega vs. The Korean Zombie,2020-10-17,11,0,4,1,4.863636363636363,107,0.4921282149223325,0.6363636363636364,0.4666666666666666,0.4990702479338843,45,0.2727272727272727,6,0.5,11,1.6818181818181819,37,16.0,0.8035714285714286,2.0,2.0,8.0,14.0,2.0,4.0,2.0,4.094444444444445,43.285714285714285,2.287008979346236,42.0,1.9090909090909092,14.0,12.0,26.0,True,True,True,37.99876684731763,58.15344187163984,52.125256790584004,73.46534653465346,49.048711570744885,310
UFC Fight Night: Cannonier vs. Strickland,2022-12-17,13,0,8,3,7.461538461538462,194,0.6770641858141857,1.3076923076923077,0.6923076923076923,0.47999500499500497,60,0.038461538461538464,1,0.3076923076923077,8,1.4615384615384615,38,30.0,0.6607142857142857,0.0,1.0,5.0,6.0,3.0,7.0,2.0,4.5888888888888895,42.71428571428572,2.336483326809683,53.0,2.0384615384615383,13.0,9.0,22.0,True,True,True,64.70450175663966,32.62379166571025,37.19995540406955,75.44554455445545,48.970012468027065,311
UFC 29: Defense of the Belts,2000-12-16,7,2,0,0,2.2142857142857144,31,0.619047619047619,1.2857142857142858,0.6285714285714287,0.48214285714285715,14,0.42857142857142855,6,0.2857142857142857,4,0.0,0,7.0,0.8333333333333333,2.0,2.0,3.0,0.0,,,0.0,,,,0.0,0.0,0.0,0.0,0.0,False,False,False,64.97321335683327,46.45534496037657,29.559992702861933,,48.916967782827406,312
UFC 45: Revolution,2003-11-21,8,1,0,0,4.9375,79,0.4840191365007541,0.6875,0.453125,0.5394345238095237,39,0.8125,13,0.75,12,0.0,0,8.0,0.4375,5.0,5.0,2.0,0.0,,,0.0,,,,0.0,0.0,0.0,0.0,0.0,False,False,False,45.14429794574416,78.38319004781397,29.11494515846643,,48.82947393451693,313
UFC 161: Evans vs Henderson,2013-06-15,11,0,4,1,5.136363636363637,113,0.4939393939393939,0.45454545454545453,0.4803030303030304,0.496590909090909,32,0.2727272727272727,6,1.0,22,1.2727272727272727,28,25.0,0.7333333333333334,0.0,5.0,14.0,7.0,6.0,3.0,2.0,,,,44.0,2.0,10.0,13.0,23.0,True,True,False,36.93006168606135,62.19984030030258,53.16220366766305,,48.70594299978853,314
UFC Fight Night: Song vs. Figueiredo,2026-05-30,13,0,7,2,7.384615384615385,192,0.4229069094323966,0.38461538461538464,0.3807692307692308,0.30925036501959574,58,0.34615384615384615,9,0.7307692307692307,19,1.4615384615384615,38,37.0,0.7166666666666666,0.0,6.0,10.0,10.0,5.0,7.0,2.0,2.2111111111111112,45.42857142857143,2.737544384031202,42.0,1.6153846153846154,11.0,9.0,20.0,True,True,True,27.84183616847974,63.69159783995429,57.799217294836794,85.94059405940594,48.696428818801806,315
UFC 171: Hendricks vs Lawler,2014-03-15,13,1,11,4,4.615384615384615,120,0.6162120043698991,1.1538461538461537,0.6083333333333334,0.45471963933502396,39,0.19230769230769232,5,0.6153846153846154,16,1.0,26,21.0,0.8055555555555556,3.0,1.0,1.0,6.0,1.0,3.0,2.0,11.061111111111112,40.0,1.5821844918495993,78.0,3.0,15.0,13.0,28.0,True,True,True,60.353347931499485,44.74154144500098,39.79767425606967,24.95049504950495,48.51355156314619,316
UFC 109: Relentless,2010-02-06,11,0,0,0,5.409090909090909,119,0.41939853076216715,0.45454545454545453,0.38333333333333336,0.4801906426906427,45,0.9545454545454546,21,1.3181818181818181,29,0.7727272727272727,17,31.0,0.6431818181818182,2.0,16.0,19.0,3.0,,,0.0,,,,0.0,0.0,0.0,0.0,0.0,False,True,False,29.87113402061856,70.12322635953441,54.79428974078467,,48.33426012670151,317
UFC Fight Night: Covington vs. Lawler,2019-08-03,12,0,6,2,6.541666666666667,157,0.5103790782960986,0.8333333333333334,0.4916666666666667,0.37298320587794276,48,0.25,6,0.5416666666666666,13,1.3333333333333333,32,29.0,0.7921052631578948,6.0,6.0,6.0,5.0,2.0,11.0,2.0,7.372222222222222,45.85714285714286,1.917012584275731,36.0,1.5,14.0,5.0,19.0,True,True,True,38.50290579154446,52.46568052127475,58.031051741504506,46.930693069306926,48.27343262285317,318
UFC 83: Serra vs St-Pierre 2,2008-04-19,11,1,0,0,4.181818181818182,92,0.5242424242424243,0.8181818181818182,0.5196969696969698,0.6161616161616161,40,0.45454545454545453,10,0.7272727272727273,16,0.7727272727272727,17,20.0,0.75,4.0,4.0,5.0,3.0,,,0.0,,,,0.0,0.0,0.0,0.0,0.0,False,True,False,50.6373388511562,53.14923538541442,40.95936453946452,,48.242161840689946,319
UFC Fight Night: Dos Santos vs. Tuivasa,2018-12-01,12,0,7,3,6.083333333333333,146,0.4122289067142008,0.625,0.38958333333333334,0.3995662901912902,51,0.4583333333333333,11,1.25,30,1.125,27,20.0,0.8823529411764706,4.0,5.0,9.0,6.0,,11.0,1.0,1.3888888888888888,21.214285714285715,2.416797146496736,31.0,1.2916666666666667,0.0,5.0,5.0,True,True,True,29.015008680062763,69.00013448089008,51.63875851672232,77.42574257425743,48.218951775977196,320
UFC Fight Night: Henderson vs Khabilov,2014-06-07,11,0,8,3,5.545454545454546,122,0.48724959680842034,0.45454545454545453,0.4439393939393939,0.40059940059940063,35,0.36363636363636365,8,0.8181818181818182,18,1.3636363636363635,30,12.0,0.9444444444444444,4.0,5.0,6.0,3.0,2.0,11.0,2.0,5.316666666666666,54.28571428571429,2.5823068595569185,63.0,2.8636363636363638,14.0,5.0,19.0,True,True,True,34.4397270045825,64.31788302961745,47.283336163353624,81.58415841584159,48.119570329035525,321
UFC 84: Ill Will,2008-05-24,11,1,0,0,3.772727272727273,83,0.41372163190345007,1.0454545454545454,0.40075757575757576,0.445483682983683,37,0.8181818181818182,18,1.0454545454545454,23,0.5454545454545454,12,20.0,0.7386363636363636,5.0,8.0,6.0,3.0,,,0.0,,,,0.0,0.0,0.0,0.0,0.0,False,True,False,39.13133173947898,61.71592332943599,48.53234726048087,,48.04338705925774,322
UFC Fight Night: De Ridder vs. Allen,2025-10-18,13,0,7,3,9.076923076923077,236,0.522175787682456,0.8846153846153846,0.5147435897435898,0.48699985911524374,86,0.07692307692307693,2,0.5,13,2.0,52,21.0,0.8823529411764706,5.0,0.0,4.0,5.0,4.0,9.0,2.0,1.911111111111111,2.571428571428571,0.8568584788972868,61.0,2.3461538461538463,12.0,7.0,19.0,True,True,True,55.43744336153918,50.690834652884895,43.60306776478012,2.178217821782178,48.037517228360045,323
UFC on FOX: Henderson vs Melendez,2013-04-20,12,1,8,3,4.333333333333333,104,0.6186274509803922,1.625,0.625,0.352708633958634,43,0.4583333333333333,11,0.5,12,0.6666666666666666,16,6.0,0.5,6.0,3.0,3.0,2.0,0.0,1.0,2.0,,,,104.0,4.333333333333333,16.0,15.0,31.0,True,True,False,59.227097190790396,45.02522146163784,35.02086123903984,,47.84568696151324,324
UFC Fight Night: Hall vs. Silva,2020-10-31,11,0,2,0,6.090909090909091,134,0.4196857490335751,0.8181818181818182,0.38636363636363635,0.3069136745607333,42,0.5909090909090909,13,0.9545454545454546,21,1.3181818181818181,29,39.0,0.636231884057971,2.0,13.0,21.0,16.0,10.0,,1.0,5.844444444444445,31.357142857142858,1.8827829460191008,7.0,0.3181818181818182,6.0,0.0,6.0,True,True,True,23.460719888385935,72.87878395263452,60.11537899090157,42.97029702970297,47.78711249226862,325
UFC Fight Night: Poirier vs. Gaethje,2018-04-14,14,0,9,4,6.821428571428571,191,0.5553678568716162,0.6428571428571429,0.5238095238095238,0.49563947956805093,61,0.21428571428571427,6,0.7142857142857143,20,1.25,35,21.0,0.6388888888888888,1.0,0.0,4.0,10.0,5.0,6.0,2.0,3.2444444444444445,50.92857142857143,2.60551683346775,60.0,2.142857142857143,11.0,10.0,21.0,True,True,True,50.46212389143773,53.051045608090305,34.05105933430604,82.37623762376238,47.7817406400776,326
UFC Fight Night: Gane vs. Volkov,2021-06-26,13,0,3,1,7.423076923076923,193,0.5606910439059268,0.9230769230769231,0.5025641025641026,0.5079247675401521,64,0.038461538461538464,1,0.46153846153846156,12,1.5384615384615385,40,14.0,0.8888888888888888,7.0,0.0,5.0,4.0,3.0,5.0,2.0,2.861111111111111,57.92857142857143,2.799936845499788,25.0,0.9615384615384616,13.0,11.0,24.0,True,True,True,50.41826824349641,38.74738539154245,45.07741545458459,87.72277227722772,47.763516895520944,327
UFC Fight Night: Maia vs. Usman,2018-05-19,13,0,6,3,4.769230769230769,124,0.638054538054538,1.2692307692307692,0.635897435897436,0.40623192596876806,40,0.07692307692307693,2,0.19230769230769232,5,1.0,26,34.0,0.8518518518518519,7.0,2.0,4.0,8.0,5.0,7.0,2.0,2.5722222222222224,26.5,2.383260011627482,44.0,1.6923076923076923,11.0,9.0,20.0,True,True,True,49.74296663814156,24.56353248167399,59.604598943122014,76.63366336633663,47.75113262692856,328
UFC Fight Night: Machida vs. Anders,2018-02-03,11,0,3,0,6.090909090909091,134,0.5953397612488521,0.9090909090909091,0.5681818181818182,0.48836580086580084,45,0.3181818181818182,7,0.7272727272727273,16,1.1363636363636365,25,24.0,0.8181818181818181,2.0,5.0,12.0,8.0,13.0,,1.0,1.1055555555555556,3.642857142857143,1.204144353177385,6.0,0.2727272727272727,3.0,0.0,3.0,True,True,True,44.44997166762841,56.07102078141906,51.46132861804916,10.099009900990099,47.74109294287038,329
UFC Fight Night: Whittaker vs. Gastelum,2021-04-17,10,0,2,1,6.85,137,0.4851586771072065,0.55,0.4675000000000001,0.37923874371242794,41,0.45,9,0.85,17,1.35,27,34.0,0.7297794117647058,3.0,3.0,9.0,12.0,1.0,8.0,2.0,2.894444444444445,13.0,1.530555724124819,23.0,1.15,15.0,8.0,23.0,True,True,True,29.33006614137255,67.73391546538032,59.72258823609117,23.16831683168317,47.74069763530561,330
UFC Fight Night: Overeem vs Arlovski,2016-05-08,13,0,8,1,5.076923076923077,132,0.5811331212647002,1.0769230769230769,0.5782051282051281,0.5443223443223443,55,0.2692307692307692,7,0.5769230769230769,15,0.7307692307692307,19,27.0,0.680921052631579,3.0,5.0,6.0,2.0,3.0,5.0,2.0,7.2555555555555555,29.714285714285715,1.7226423778815931,52.0,2.0,13.0,11.0,24.0,True,True,True,55.05731684749768,41.844883292170195,44.86308543382919,33.26732673267327,47.60643952882405,331
UFC Fight Night: Kattar vs. Allen,2022-10-29,11,0,3,1,7.818181818181818,172,0.4334730380184926,1.1818181818181819,0.45606060606060606,0.40756164125729344,52,0.22727272727272727,5,0.5454545454545454,12,0.9545454545454546,21,20.0,0.8181818181818181,9.0,0.0,5.0,8.0,5.0,6.0,2.0,0.4055555555555555,45.64285714285714,3.536691479879151,24.0,1.0909090909090908,11.0,10.0,21.0,True,True,True,40.94911014433154,43.588646099436794,51.1223444140533,99.00990099009901,47.56400395631275,332
UFC 137: Penn vs Diaz,2011-10-29,11,0,0,0,5.363636363636363,118,0.4300213675213675,0.8181818181818182,0.3803030303030303,0.435624098124098,50,0.5,11,0.8181818181818182,18,1.0,22,28.0,0.6458333333333333,2.0,11.0,12.0,5.0,,,0.0,,,,0.0,0.0,0.0,0.0,0.0,False,True,False,33.82753519351458,61.73882690442036,53.967594295676626,,47.53263062338306,333
UFC Fight Night: Volkov vs. Aspinall,2022-03-19,12,0,6,2,5.958333333333333,143,0.6354444166944168,1.4583333333333333,0.579861111111111,0.5191919191919192,56,0.0,0,0.4166666666666667,10,1.0833333333333333,26,15.0,0.8636363636363636,5.0,0.0,5.0,5.0,6.0,11.0,2.0,2.111111111111111,52.14285714285714,2.90459158569751,42.0,1.75,10.0,5.0,15.0,True,True,True,60.99693530296031,27.90465381941921,38.345403947703055,90.4950495049505,47.40331123559737,334
UFC Fight Night: Covington vs. Woodley,2020-09-19,14,0,7,3,6.178571428571429,173,0.4943911247482676,0.6428571428571429,0.45654761904761904,0.4391304347826086,61,0.32142857142857145,9,0.5357142857142857,15,1.6071428571428572,45,26.0,0.7628205128205128,0.0,8.0,6.0,6.0,2.0,5.0,2.0,8.63888888888889,36.5,1.6021903783089533,40.0,1.4285714285714286,14.0,11.0,25.0,True,True,True,38.417236739866446,60.372852580980314,51.99900013201866,25.940594059405942,47.35683758376755,335
UFC Fight Night: Vera vs. Sandhagen,2023-03-25,10,0,6,3,6.05,121,0.4791200466200466,0.75,0.4533333333333333,0.3444047619047619,36,0.35,7,0.65,13,1.25,25,31.0,0.7136363636363636,5.0,1.0,5.0,9.0,3.0,5.0,2.0,5.411111111111111,42.785714285714285,2.11684173608854,55.0,2.75,13.0,11.0,24.0,True,True,True,35.903905381153145,57.53925762113783,51.49746244082254,61.98019801980198,47.29462519098257,336
UFC Fight Night: Cannonier vs. Rodrigues,2025-02-15,12,0,6,1,6.708333333333333,161,0.5624428811928812,1.0,0.5166666666666667,0.4749007936507937,52,0.041666666666666664,1,0.6666666666666666,16,1.375,33,27.0,0.6666666666666667,3.0,1.0,7.0,9.0,7.0,,1.0,0.5277777777777778,43.57142857142857,3.405128059574796,26.0,1.0833333333333333,9.0,0.0,9.0,True,True,True,48.76378474432809,43.287603683419746,39.90562918302306,98.01980198019803,47.200093672502994,337
UFC Fight Night: Sterling vs. Zalal,2026-04-25,13,0,6,2,8.884615384615385,231,0.4926988044635104,1.2692307692307692,0.4839743589743589,0.35192936148818504,61,0.23076923076923078,6,0.19230769230769232,5,1.1538461538461537,30,34.0,0.75,6.0,5.0,2.0,3.0,5.0,7.0,2.0,2.6333333333333333,49.92857142857143,2.907091162121364,44.0,1.6923076923076923,11.0,9.0,20.0,True,True,True,47.755108013685,36.1132885594437,48.34707821428155,90.6930693069307,47.16914227496593,338
UFC 144: Edgar vs Henderson,2012-02-25,12,1,0,0,4.75,114,0.509130106005106,0.75,0.4763888888888889,0.3650793650793651,36,0.4166666666666667,10,0.9166666666666666,22,1.1666666666666667,28,14.0,0.95,4.0,4.0,3.0,6.0,,,0.0,,,,0.0,0.0,0.0,0.0,0.0,False,True,False,35.91837283064379,64.23433144501394,47.66989261375349,,47.08094713435479,339
UFC on FOX: Dos Santos vs Miocic,2014-12-13,12,0,8,3,5.958333333333333,143,0.45981186515725986,0.5416666666666666,0.4291666666666667,0.40562920875420877,66,0.2916666666666667,7,0.875,21,1.5,36,19.0,0.8452380952380952,3.0,4.0,7.0,7.0,,4.0,1.0,7.866666666666667,56.285714285714285,2.0488102680161435,50.0,2.0833333333333335,0.0,12.0,12.0,True,True,True,33.75109156332749,65.32997149356457,47.68485500111118,58.01980198019802,47.0393760980654,340
UFC Fight Night: Overeem vs. Harris,2020-05-16,11,0,4,1,8.818181818181818,194,0.5335967656823271,1.1818181818181819,0.4954545454545455,0.4500901875901876,63,0.09090909090909091,2,0.5454545454545454,12,1.7272727272727273,38,30.0,0.5441176470588236,2.0,1.0,5.0,4.0,8.0,9.0,2.0,1.7222222222222223,29.0,2.6705746281987803,26.0,1.1818181818181819,8.0,7.0,15.0,True,True,True,51.0466364472829,51.74066414142751,31.32130475938296,84.35643564356435,46.968033824263145,341
UFC Fight Night: Anderson vs. Blachowicz,2020-02-15,13,0,9,2,8.0,208,0.4897545268496686,0.7692307692307693,0.4769230769230769,0.42661227661227663,62,0.15384615384615385,4,0.6923076923076923,18,1.7692307692307692,46,27.0,0.6648351648351649,6.0,0.0,3.0,6.0,5.0,6.0,2.0,,,,47.0,1.8076923076923077,11.0,10.0,21.0,True,True,False,44.590226135984125,58.845646023953265,39.89465498063823,,46.85884047849836,342
UFC Fight Night: Thompson vs. Pettis,2019-03-23,12,0,9,3,5.625,135,0.5468915343915343,1.0416666666666667,0.5229166666666667,0.2755787037037037,32,0.2916666666666667,7,0.4583333333333333,11,0.9583333333333334,23,28.0,0.6416666666666666,0.0,6.0,10.0,12.0,3.0,,1.0,4.594444444444445,38.85714285714285,2.1137172103252264,75.0,3.125,13.0,0.0,13.0,True,True,True,43.71253224662891,44.16608491857166,50.65768232082509,61.584158415841586,46.803046745334086,343
UFC Fight Night: Song vs. Gutierrez,2023-12-09,11,0,4,2,6.818181818181818,150,0.6104667461724878,1.1818181818181819,0.6257575757575757,0.4888528138528139,50,0.09090909090909091,2,0.5454545454545454,12,1.5,33,23.0,0.8090909090909091,2.0,0.0,2.0,7.0,7.0,15.0,2.0,1.0444444444444445,19.214285714285715,2.419292067388689,23.0,1.0454545454545454,9.0,1.0,10.0,True,True,True,53.47111164195413,48.393186536524155,31.394232532025253,77.62376237623762,46.78619916933215,344
UFC Fight Night: Gustafsson vs. Teixeira,2017-05-28,12,0,5,2,5.208333333333333,125,0.6031517094017094,0.75,0.5805555555555556,0.47164351851851855,42,0.125,3,0.375,9,0.7916666666666666,19,25.0,0.7211538461538461,2.0,3.0,9.0,8.0,1.0,2.0,2.0,1.4055555555555557,20.57142857142857,2.3771732398037875,53.0,2.2083333333333335,15.0,14.0,29.0,True,True,True,48.034891240379665,29.854546405301278,54.28219878909397,76.43564356435644,46.784034912423195,345
UFC Fight Night: Yan vs. Dvalishvili,2023-03-11,13,0,5,2,7.038461538461538,183,0.476298217870616,1.1153846153846154,0.4544871794871795,0.4353785103785104,59,0.15384615384615385,4,0.34615384615384615,9,1.3076923076923077,34,21.0,0.7636363636363637,8.0,4.0,0.0,5.0,2.0,3.0,2.0,5.2444444444444445,38.64285714285714,2.318224595064411,38.0,1.4615384615384615,14.0,13.0,27.0,True,True,True,46.03056430787967,40.85937534719614,47.98828915148535,74.65346534653466,46.75622957272324,346
UFC on FOX: Johnson vs. Bader,2016-01-30,13,0,9,3,5.8076923076923075,151,0.5358365898807075,0.9230769230769231,0.5294871794871795,0.4449969901892979,47,0.07692307692307693,2,0.5,13,0.9615384615384616,25,33.0,0.7261029411764706,6.0,1.0,4.0,7.0,2.0,4.0,2.0,8.205555555555556,60.57142857142857,2.1969039806726456,62.0,2.3846153846153846,14.0,12.0,26.0,True,True,True,48.376218739684184,34.5899388490188,51.207417217926505,66.93069306930694,46.70673202697167,347
UFC Fight Night: Blanchfield vs. Fiorot,2024-03-30,13,0,5,2,6.346153846153846,165,0.4785189169804554,1.1153846153846154,0.4602564102564103,0.4116550116550117,59,0.19230769230769232,5,0.34615384615384615,9,1.4615384615384615,38,12.0,1.0,12.0,0.0,1.0,1.0,2.0,3.0,2.0,0.6388888888888888,48.21428571428572,3.45647182969122,49.0,1.8846153846153846,14.0,13.0,27.0,True,True,True,45.29985611350745,45.13794754523834,41.18448178920663,98.61386138613861,46.69046693778149,348
UFC Fight Night: Chiesa vs. Lee,2017-06-25,13,0,5,2,7.423076923076923,193,0.48149046380871763,0.6923076923076923,0.41282051282051285,0.44130388841927304,64,0.6153846153846154,16,0.9615384615384616,25,1.6923076923076923,44,19.0,0.788888888888889,7.0,0.0,0.0,6.0,6.0,11.0,2.0,3.088888888888889,9.0,1.2716185804626408,32.0,1.2307692307692308,10.0,5.0,15.0,True,True,True,39.44052207583135,79.84578818019664,34.3534885785887,12.673267326732674,46.67736581529495,349
UFC Fight Night: Almeida vs Garbrandt,2016-05-29,12,0,8,3,6.5,156,0.5102292519571932,1.0,0.4701388888888889,0.45176767676767676,49,0.2916666666666667,7,0.5416666666666666,13,1.3333333333333333,32,7.0,1.0,7.0,0.0,0.0,4.0,7.0,,1.0,1.8222222222222224,19.0,2.2368650369849066,66.0,2.75,9.0,0.0,9.0,True,True,True,50.83606227186166,54.56755984867337,30.259925813920606,69.7029702970297,46.53944112994067,350
UFC 61: Bitter Rivals,2006-07-08,9,1,0,0,4.555555555555555,82,0.49027777777777776,0.5555555555555556,0.47777777777777775,0.5131313131313131,41,1.0555555555555556,19,1.3888888888888888,25,0.2222222222222222,4,18.0,0.725,3.0,9.0,6.0,0.0,,,0.0,,,,0.0,0.0,0.0,0.0,0.0,False,True,False,40.55836075671418,63.47270285573998,40.11799598411085,,46.44938822300413,351
UFC Fight Night: Joanna vs. Waterson,2019-10-12,14,0,4,2,5.857142857142857,164,0.5794921814879798,1.0,0.5172619047619047,0.38521825396825393,47,0.35714285714285715,10,0.39285714285714285,11,1.1071428571428572,31,19.0,0.7321428571428572,3.0,9.0,3.0,4.0,5.0,7.0,2.0,4.066666666666666,44.64285714285714,2.3058113467748624,43.0,1.5357142857142858,11.0,9.0,20.0,True,True,True,45.956442194506245,46.70078154764258,41.545724183087955,74.05940594059406,46.22445981666923,352
UFC 114: Rampage vs Evans,2010-05-29,11,0,0,0,4.454545454545454,98,0.578628946810765,0.6363636363636364,0.5598484848484849,0.41489898989898993,34,0.2727272727272727,6,0.9545454545454546,21,0.7727272727272727,17,17.0,0.8666666666666667,3.0,5.0,10.0,7.0,,,0.0,,,,0.0,0.0,0.0,0.0,0.0,False,True,False,35.01749724687869,51.062049502589275,57.010790380781025,,46.184998303824315,353
UFC Fight Night: Blaydes vs. Daukaus,2022-03-26,12,0,13,6,8.0,192,0.6329494810744811,1.3333333333333333,0.6,0.37286706349206344,55,0.08333333333333333,2,0.4583333333333333,11,1.2916666666666667,31,19.0,0.7846153846153847,1.0,0.0,5.0,4.0,4.0,9.0,2.0,1.2111111111111112,25.714285714285715,1.727580445004854,107.0,4.458333333333333,12.0,7.0,19.0,True,True,True,62.97663159670933,40.236082973909205,30.65082208755062,33.86138613861387,46.13798931535691,354
UFC Fight Night: Cowboy vs. Gaethje,2019-09-14,12,0,9,4,6.125,147,0.4758053884432561,0.5,0.42777777777777776,0.4833505866114562,70,0.08333333333333333,2,0.8333333333333334,20,1.625,39,37.0,0.659375,2.0,1.0,11.0,24.0,4.0,5.0,2.0,1.4666666666666666,3.142857142857143,1.0964279651479294,44.0,1.8333333333333333,12.0,11.0,23.0,True,True,True,38.375740612410375,56.26541882674915,54.47536982497528,6.138613861386139,46.066192592213326,355
UFC Fight Night: Overeem vs. Rozenstruik,2019-12-07,12,0,9,4,7.041666666666667,169,0.5789416601916602,0.9166666666666666,0.5305555555555556,0.3859508547008547,61,0.125,3,0.5,12,1.4583333333333333,35,19.0,0.8125,5.0,1.0,4.0,3.0,6.0,14.0,2.0,4.088888888888889,32.285714285714285,2.314288477889706,61.0,2.5416666666666665,10.0,2.0,12.0,True,True,True,50.372570867542976,47.77118278943658,33.91475717169649,74.25742574257426,45.979122483013995,356
UFC Fight Night: Lewis vs. Oleinik,2020-08-08,12,0,5,1,6.333333333333333,152,0.49870319738740787,0.9166666666666666,0.4847222222222222,0.33420364357864357,51,0.2916666666666667,7,0.5833333333333334,14,1.375,33,31.0,0.7017543859649122,4.0,1.0,7.0,11.0,4.0,10.0,2.0,2.5444444444444443,19.857142857142858,1.903881403829838,33.0,1.375,12.0,6.0,18.0,True,True,True,35.91454421900594,56.90617880373657,50.14139285528274,45.14851485148515,45.8922059876956,357
UFC 116: Lesnar vs Carwin,2010-07-03,11,1,0,0,4.681818181818182,103,0.5439295552931915,1.2727272727272727,0.5477272727272727,0.49155844155844153,45,0.13636363636363635,3,0.36363636363636365,8,1.2272727272727273,27,8.0,0.875,7.0,3.0,2.0,1.0,,,0.0,,,,0.0,0.0,0.0,0.0,0.0,False,True,False,56.7949766067321,38.61858180215058,37.353738977127115,,45.87237661723013,358
UFC Fight Night: Pavlovich vs. Blaydes,2023-04-22,11,0,2,1,7.590909090909091,167,0.6256643066099863,1.0909090909090908,0.6045454545454546,0.41322011322011337,46,0.0,0,0.4090909090909091,9,1.0,22,22.0,0.8166666666666667,8.0,0.0,6.0,6.0,3.0,4.0,2.0,5.905555555555555,54.42857142857143,2.228736168685393,25.0,1.1363636363636365,13.0,12.0,25.0,True,True,True,50.954670809538136,25.877960466854137,51.8894698257806,68.9108910891089,45.863743942718415,359
UFC Fight Night: Yusuff vs. Barboza,2023-10-14,11,0,7,3,7.454545454545454,164,0.6093652980016617,1.3636363636363635,0.6090909090909092,0.40882989559460153,46,0.045454545454545456,1,0.18181818181818182,4,1.5,33,35.0,0.7321428571428571,3.0,0.0,3.0,12.0,11.0,13.0,2.0,0.2722222222222222,42.57142857142857,3.585594423597093,26.0,1.1818181818181819,5.0,3.0,8.0,True,True,True,52.348453728481616,31.378992212950397,39.79003724678246,99.4059405940594,45.69143774836796,360
UFC on FOX: Shevchenko vs. Pena,2017-01-28,12,0,8,4,6.208333333333333,149,0.4872822427170253,1.0,0.4583333333333333,0.41077754482359746,62,0.2916666666666667,7,0.75,18,1.375,33,7.0,0.8333333333333333,5.0,0.0,1.0,1.0,1.0,2.0,2.0,4.177777777777778,26.428571428571427,1.8610631590194628,80.0,3.3333333333333335,15.0,14.0,29.0,True,True,True,47.62341841890177,60.77091310325349,31.1593541064492,41.98019801980198,45.68891177629894,361
UFC 87: Seek And Destroy,2008-08-09,10,1,0,0,3.4,68,0.5093434343434342,1.45,0.47833333333333333,0.39666666666666667,34,0.25,5,0.4,8,0.8,16,19.0,0.9545454545454546,11.0,4.0,4.0,2.0,,,0.0,,,,0.0,0.0,0.0,0.0,0.0,False,True,False,44.48031474310117,36.676182316795924,54.677670968984415,,45.646813439089236,362
UFC 47: It's On!,2004-04-02,8,0,0,0,3.375,54,0.40312499999999996,0.625,0.41458333333333336,0.4314236111111111,23,0.5625,9,0.75,12,0.0,0,22.0,0.775,0.0,9.0,11.0,0.0,,,0.0,,,,0.0,0.0,0.0,0.0,0.0,False,False,False,21.490417147633643,72.67102387570714,55.03655552261951,,45.5525152471222,363
UFC 279: Diaz vs. Ferguson,2022-09-10,13,0,1,0,7.076923076923077,184,0.5004465086195856,0.7692307692307693,0.4333333333333333,0.4343822843822843,68,0.11538461538461539,3,0.6923076923076923,18,2.1923076923076925,57,46.0,0.6634615384615384,0.0,3.0,12.0,26.0,,,0.0,2.444444444444444,17.642857142857142,1.6673669251145178,3.0,0.11538461538461539,0.0,0.0,0.0,True,True,True,35.37301531111739,60.28791403201732,49.4244627137615,29.108910891089106,45.503968991134194,364
UFC Fight Night: Woodley vs. Burns,2020-05-30,11,0,7,3,4.5,99,0.6435231435231435,0.8181818181818182,0.6401515151515151,0.33033254624163716,27,0.36363636363636365,8,0.2727272727272727,6,0.7727272727272727,17,27.0,0.7678571428571428,5.0,6.0,3.0,8.0,1.0,6.0,2.0,5.71111111111111,38.21428571428572,2.042050129294938,55.0,2.5,15.0,10.0,25.0,True,True,True,40.79629316658216,36.289924954306805,57.458701156661554,57.42574257425742,45.499895980920904,365
UFC Fight Night: Ankalaev vs. Walker 2,2024-01-13,11,0,3,1,8.227272727272727,181,0.573773916401411,0.7727272727272727,0.5560606060606061,0.4245457682414204,63,0.2727272727272727,6,0.6818181818181818,15,1.6363636363636365,36,24.0,0.7681818181818182,0.0,1.0,4.0,7.0,3.0,7.0,2.0,3.733333333333333,8.428571428571429,1.1112221424221085,25.0,1.1363636363636365,13.0,9.0,22.0,True,True,True,45.11159927703361,62.325908807774454,38.28853064649635,6.534653465346535,45.43940877997329,366
UFC Fight Night: Reyes vs. Weidman,2019-10-18,13,0,5,2,5.615384615384615,146,0.43421738517892366,0.6923076923076923,0.3910256410256411,0.37957875457875456,51,0.19230769230769232,5,0.6153846153846154,16,1.8076923076923077,47,19.0,0.8571428571428572,5.0,5.0,5.0,8.0,4.0,,1.0,4.961111111111111,38.35714285714285,2.214217675071805,34.0,1.3076923076923077,12.0,0.0,12.0,True,True,True,29.171832129940125,58.72079651336495,52.21792701213362,67.72277227722773,45.40044869781876,367
UFC 132: Cruz vs Faber,2011-07-02,11,1,0,0,5.863636363636363,129,0.6224898986931072,1.0909090909090908,0.5886363636363637,0.4478597160415342,51,0.45454545454545453,10,1.0,22,1.5,33,1.0,0.5,1.0,0.0,0.0,0.0,,,0.0,,,,0.0,0.0,0.0,0.0,0.0,False,True,False,60.809956240268434,73.28469613645846,1.5110457146222618,,45.366810783798606,368
UFC Fight Night: Dolidze vs. Hernandez,2025-08-09,12,0,5,2,8.5,204,0.49464521626979,0.9166666666666666,0.5013888888888888,0.4927172364672365,54,0.041666666666666664,1,0.375,9,1.5833333333333333,38,22.0,0.775,10.0,0.0,3.0,6.0,9.0,10.0,2.0,0.9944444444444444,38.71428571428572,3.0787654650196115,27.0,1.125,7.0,6.0,13.0,True,True,True,47.50883802873832,37.867744927357805,40.69375685451183,93.06930693069307,45.33206384622298,369
UFC Fight Night: Sandhagen vs. Dillashaw,2021-07-24,11,0,4,1,5.2727272727272725,116,0.5821334462638809,0.8636363636363636,0.5424242424242425,0.45898268398268394,41,0.3181818181818182,7,0.3181818181818182,7,0.8636363636363636,19,24.0,0.8125,2.0,7.0,7.0,11.0,2.0,,1.0,,,,21.0,0.9545454545454546,14.0,0.0,14.0,True,True,False,41.24891130658411,38.544951404295006,55.95557038792957,,45.18155104219607,370
UFC Fight Night: Edgar vs Faber,2015-05-16,12,0,3,0,4.291666666666667,103,0.4767977392977392,0.7916666666666666,0.46458333333333335,0.26785714285714285,30,0.4166666666666667,10,0.9583333333333334,23,1.0416666666666667,25,28.0,0.7386363636363636,5.0,10.0,12.0,12.0,2.0,,1.0,16.316666666666666,56.14285714285714,1.5631209845068017,24.0,1.0,14.0,0.0,14.0,True,True,True,21.80300343379184,62.38296618426426,65.21028892358802,23.762376237623762,45.068148408540395,371
UFC Fight Night: Moreno vs. Royval 2,2024-02-24,12,0,4,2,4.708333333333333,113,0.48039148351648353,0.5416666666666666,0.45555555555555555,0.42738095238095236,37,0.4583333333333333,11,0.5833333333333334,14,1.5833333333333333,38,23.0,0.6586538461538461,0.0,7.0,2.0,11.0,1.0,3.0,2.0,1.722222222222222,7.785714285714285,1.4388050264707983,53.0,2.2083333333333335,15.0,13.0,28.0,True,True,True,32.787726734194536,66.6713922899008,47.660353538630545,18.415841584158414,45.001836906950096,372
UFC Fight Night: Blachowicz vs. Rakic,2022-05-14,11,0,8,3,7.7727272727272725,171,0.49055990019612317,0.5909090909090909,0.44545454545454555,0.3496556473829201,40,0.18181818181818182,4,0.5454545454545454,12,1.2272727272727273,27,24.0,0.7521008403361344,2.0,3.0,6.0,7.0,1.0,3.0,2.0,,,,68.0,3.090909090909091,15.0,13.0,28.0,True,True,False,39.235064801758234,46.80520874764735,50.421805954778996,,44.759863046367194,373
UFC Fight Night: Brunson vs. Till,2021-09-04,9,0,4,2,5.888888888888889,106,0.49305555555555547,0.9444444444444444,0.48796296296296293,0.5966880341880342,33,0.05555555555555555,1,0.5555555555555556,10,1.0,18,28.0,0.6944444444444444,4.0,1.0,10.0,6.0,5.0,7.0,2.0,4.3,31.714285714285715,2.262635313968035,25.0,1.3888888888888888,11.0,9.0,20.0,True,True,True,45.10735626376999,36.31323828698552,46.83335465710125,71.68316831683168,44.755416890226336,374
UFC Fight Night: Gane vs. Tuivasa,2022-09-03,12,0,5,2,5.583333333333333,134,0.3896900553150553,0.625,0.3875,0.36845689033189033,40,0.25,6,0.6666666666666666,16,1.2916666666666667,31,19.0,0.8011363636363636,5.0,2.0,5.0,6.0,1.0,3.0,2.0,4.772222222222222,50.0,2.280962806277872,61.0,2.5416666666666665,15.0,13.0,28.0,True,True,True,30.49996906839479,54.65475035993564,50.40291318862749,72.67326732673267,44.618212540266704,375
UFC 104: Machida vs Shogun,2009-10-24,11,1,0,0,4.909090909090909,108,0.5469221435130526,1.4090909090909092,0.5272727272727272,0.5728896103896104,44,0.09090909090909091,2,0.36363636363636365,8,0.8181818181818182,18,10.0,0.8333333333333333,9.0,1.0,1.0,4.0,,,0.0,,,,0.0,0.0,0.0,0.0,0.0,False,True,False,62.36085913137752,28.30263710891059,34.47916545702043,,44.593423754615564,376
UFC 60: Hughes vs Gracie,2006-05-27,9,0,0,0,3.111111111111111,56,0.5315764482431149,0.8888888888888888,0.49259259259259264,0.4829966329966331,32,0.6111111111111112,11,0.5555555555555556,10,0.05555555555555555,1,22.0,0.9230769230769231,3.0,8.0,6.0,0.0,,,0.0,,,,0.0,0.0,0.0,0.0,0.0,False,True,False,37.90849022807786,45.091640501942074,52.61359007584992,,44.44250867312804,377
UFC Fight Night: Rozenstruik vs. Gane,2021-02-27,9,0,6,3,6.555555555555555,118,0.5484265734265733,1.3333333333333333,0.5249999999999999,0.5408068783068782,42,0.05555555555555555,1,0.2222222222222222,4,1.1666666666666667,21,10.0,0.9166666666666667,5.0,0.0,1.0,2.0,4.0,7.0,2.0,1.2166666666666668,22.857142857142858,2.6079259400577426,49.0,2.7222222222222223,12.0,9.0,21.0,True,True,True,59.356323294974636,28.0242106264555,31.49437621990966,82.77227722772277,44.335508701962766,378
UFC Fight Night: Figueiredo vs. Benavidez 2,2020-07-18,12,1,6,3,4.791666666666667,115,0.5372598162071847,0.7916666666666666,0.48680555555555555,0.34980158730158734,40,0.125,3,0.375,9,0.7916666666666666,19,27.0,0.8322368421052632,3.0,2.0,3.0,5.0,1.0,2.0,2.0,0.9388888888888888,34.57142857142857,3.036861726823701,69.0,2.875,15.0,14.0,29.0,True,True,True,43.65786553971828,29.854546405301278,49.223733155866334,92.47524752475248,44.31766514021016,379
UFC Fight Night: Holloway vs Oliveira,2015-08-23,12,0,4,1,6.125,147,0.587960747829169,1.2083333333333333,0.5909722222222222,0.4332506613756613,43,0.041666666666666664,1,0.20833333333333334,5,1.4583333333333333,35,25.0,0.7083333333333333,10.0,0.0,0.0,12.0,5.0,7.0,2.0,2.283333333333333,25.35714285714285,2.1493462048179803,29.0,1.2083333333333333,11.0,9.0,20.0,True,True,True,49.86005057303857,30.339414454558966,45.117074471525704,63.76237623762376,44.25211499619407,380
UFC 48: Payback,2004-06-19,8,1,0,0,3.75,60,0.5015873015873016,0.6875,0.48125000000000007,0.46294642857142854,30,0.8125,13,0.8125,13,0.0,0,14.0,0.5571428571428572,1.0,1.0,7.0,0.0,,,0.0,,,,0.0,0.0,0.0,0.0,0.0,False,False,False,38.11335684263811,80.19478425071252,21.98855318578489,,44.09537342680931,381
UFC Fight Night: Dos Anjos vs. Alvarez,2016-07-07,12,1,4,2,5.166666666666667,124,0.5435579953672058,0.9166666666666666,0.525,0.49667658730158726,45,0.08333333333333333,2,0.3333333333333333,8,1.0,24,22.0,0.7017543859649122,7.0,2.0,3.0,5.0,0.0,2.0,2.0,9.866666666666667,38.785714285714285,1.7054866250536476,40.0,1.6666666666666667,16.0,14.0,30.0,True,True,True,51.694778919816564,30.150136491062156,47.420354256104424,31.88118811881188,44.035611373464086,382
UFC - Ultimate Ultimate '95,1995-12-16,9,0,0,0,4.333333333333333,78,0.7175485008818342,1.1111111111111112,0.7101851851851851,0.9272486772486772,55,0.0,0,0.7222222222222222,13,0.0,0,17.0,0.8174603174603174,4.0,0.0,3.0,0.0,,,0.0,,,,0.0,0.0,0.0,0.0,0.0,False,False,False,59.81161021109474,32.27931488801054,32.78094902247092,,44.03027106650717,383
UFC Fight Night: Jacare vs. Hermansson,2019-04-27,13,0,5,0,8.307692307692308,216,0.47235296649889413,0.6538461538461539,0.4051282051282052,0.49969960594960594,84,0.3076923076923077,8,0.8076923076923077,21,1.8076923076923077,47,20.0,0.75,4.0,0.0,2.0,8.0,,10.0,1.0,0.9,9.714285714285714,1.404455405718592,27.0,1.0384615384615385,0.0,6.0,6.0,True,True,True,41.828189596801224,68.78078877242831,30.69889973331919,17.02970297029703,43.98762810033818,384
UFC 184: Rousey vs Zingano,2015-02-28,11,1,6,2,5.545454545454546,122,0.44224416887460366,0.7727272727272727,0.40606060606060607,0.40917207792207794,42,0.22727272727272727,5,0.5,11,0.9545454545454546,21,6.0,1.0,6.0,4.0,2.0,5.0,0.0,1.0,2.0,7.683333333333334,29.357142857142858,1.6913851742170074,44.0,2.0,16.0,15.0,31.0,True,True,True,40.3650707953856,41.94174227861993,52.53355271309068,31.287128712871286,43.95588613737999,385
UFC 79: Nemesis,2007-12-29,10,1,0,0,4.15,83,0.4128431372549019,0.4,0.3983333333333333,0.4011904761904762,36,1.0,20,1.0,20,0.3,6,26.0,0.8562091503267973,2.0,12.0,8.0,2.0,,,0.0,,,,0.0,0.0,0.0,0.0,0.0,False,True,False,25.12195785897108,59.774363543216104,55.71731773333201,,43.902704578307436,386
UFC Fight Night: Blachowicz vs. Jacare,2019-11-16,12,0,3,0,7.791666666666667,187,0.4520026448623417,0.7916666666666666,0.4375,0.41304690679690675,72,0.375,9,0.7916666666666666,19,2.25,54,25.0,0.6378205128205128,1.0,0.0,4.0,11.0,6.0,,1.0,,,,15.0,0.625,10.0,0.0,10.0,True,True,False,34.280443058645695,74.08009277806342,31.388695390890064,,43.84085161604332,387
UFC 98: Evans vs Machida,2009-05-23,11,1,0,0,4.090909090909091,90,0.4376152157252635,0.8636363636363636,0.41893939393939394,0.34469696969696967,31,0.8181818181818182,18,0.8636363636363636,19,0.6818181818181818,15,15.0,1.0,9.0,1.0,4.0,4.0,,,0.0,,,,0.0,0.0,0.0,0.0,0.0,False,True,False,30.41871448304729,60.9900432880157,47.23147198225025,,43.773092852524115,388
UFC 119: Mir vs Cro Cop,2010-09-25,11,0,0,0,5.590909090909091,123,0.5074440080121898,1.2272727272727273,0.5227272727272727,0.4459563164108619,45,0.45454545454545453,10,0.5,11,1.2727272727272727,28,23.0,0.6294642857142857,2.0,4.0,2.0,2.0,,,0.0,,,,0.0,0.0,0.0,0.0,0.0,False,True,False,47.07374716395335,57.545699876584045,27.688000087305955,,43.707709327283304,389
UFC 80: Rapid Fire,2008-01-19,9,1,0,0,3.611111111111111,65,0.4740740740740741,0.8888888888888888,0.4592592592592592,0.542063492063492,32,0.2777777777777778,5,0.5,9,0.8333333333333334,15,17.0,0.7666666666666666,5.0,4.0,5.0,4.0,,,0.0,,,,0.0,0.0,0.0,0.0,0.0,False,True,False,44.50530844077527,42.49303310079243,43.078137111140926,,43.5250766156321,390
UFC Fight Night: Kara-France vs. Albazi,2023-06-03,13,0,4,1,8.192307692307692,213,0.4493094684152078,0.7692307692307693,0.47051282051282056,0.3910747465095291,59,0.2692307692307692,7,0.46153846153846156,12,1.6538461538461537,43,14.0,0.85,4.0,1.0,0.0,5.0,3.0,7.0,2.0,1.1555555555555554,46.78571428571429,3.142626115883532,28.0,1.0769230769230769,13.0,9.0,22.0,True,True,True,36.171176246383276,56.05316747462572,34.061684048317,95.24752475247524,43.462643819328605,391
UFC Fight Night: Luque vs. Dos Anjos,2023-08-12,13,0,2,0,6.153846153846154,160,0.41171503934661824,0.46153846153846156,0.39487179487179486,0.4307551422936039,51,0.15384615384615385,4,0.6923076923076923,18,1.3076923076923077,34,52.0,0.6866028708133971,1.0,4.0,12.0,16.0,10.0,,1.0,0.3722222222222222,39.57142857142857,3.4230945386479634,9.0,0.34615384615384615,6.0,0.0,6.0,True,True,True,24.663491762000294,51.443477235645865,52.597727649647126,98.21782178217822,43.416475397714635,392
UFC Fight Night: Hernandez vs. Pereira,2024-10-19,11,0,6,3,7.2272727272727275,159,0.5016805758115919,1.1818181818181819,0.49242424242424243,0.4165223665223665,43,0.045454545454545456,1,0.2727272727272727,6,1.6818181818181819,37,19.0,0.7840909090909092,13.0,0.0,0.0,9.0,13.0,14.0,2.0,0.8166666666666667,51.21428571428572,3.394463984349983,26.0,1.1818181818181819,3.0,2.0,5.0,True,True,True,44.670838705505766,37.50488430526522,37.48274517382975,97.82178217821782,43.38046921957843,393
UFC 56: Full Force,2005-11-19,8,1,0,0,2.6875,43,0.44270833333333337,1.0,0.446875,0.3979166666666667,24,0.75,12,0.4375,7,0.0,0,7.0,1.0,7.0,1.0,1.0,0.0,,,0.0,,,,0.0,0.0,0.0,0.0,0.0,False,False,False,33.94043760528588,63.76581907319876,38.73849339762406,,43.30439771547501,394
UFC Fight Night: Hill vs. Rountree Jr.,2025-06-21,12,0,5,1,5.166666666666667,124,0.5972011784511785,0.75,0.5618055555555556,0.4167289886039886,45,0.16666666666666666,4,0.5833333333333334,14,1.3333333333333333,32,26.0,0.6333333333333333,0.0,3.0,5.0,9.0,4.0,7.0,2.0,2.105555555555556,22.857142857142858,1.496081047228528,41.0,1.7083333333333333,12.0,9.0,21.0,True,True,True,42.20246081144763,50.095768004284444,42.493132238883575,21.980198019801982,43.251875898305336,395
UFC Fight Night: Overeem vs. Sakai,2020-09-05,7,0,4,2,5.5,77,0.5681972789115647,0.5,0.5440476190476191,0.4364718614718615,31,0.14285714285714285,2,0.7857142857142857,11,1.2857142857142858,18,22.0,0.8055555555555556,5.0,1.0,6.0,2.0,5.0,8.0,2.0,6.961111111111111,40.71428571428572,2.1192327167253997,32.0,2.2857142857142856,11.0,8.0,19.0,True,True,True,36.8051823915226,52.480338805578214,40.76923197310528,62.57425742574257,43.201640121222304,396
UFC Fight Night: Lopes vs. Silva,2025-09-13,14,0,5,2,7.071428571428571,198,0.452366386451259,0.6071428571428571,0.4261904761904763,0.441131388452817,63,0.14285714285714285,4,0.5,14,1.7857142857142858,50,12.0,0.8571428571428572,5.0,1.0,1.0,7.0,2.0,10.0,2.0,8.011111111111111,51.85714285714286,1.944220853709409,53.0,1.8928571428571428,14.0,6.0,20.0,True,True,True,39.92046698549149,53.32784591653776,37.72170553663494,50.693069306930695,43.151313399668055,397
UFC Fight Night: Fiziev vs. Gamrot,2023-09-23,11,0,6,3,7.409090909090909,163,0.5923742923742924,0.5909090909090909,0.5507575757575758,0.49498556998557,42,0.0,0,0.5,11,1.5454545454545454,34,15.0,0.7321428571428572,1.0,0.0,2.0,10.0,6.0,7.0,2.0,1.855555555555556,42.57142857142857,2.916908869806753,41.0,1.8636363636363635,10.0,9.0,19.0,True,True,True,49.78719945288731,39.7360543507767,29.152324487978863,91.0891089108911,43.14904616078731,398
UFC Fight Night: MacDonald vs Thompson,2016-06-18,13,0,4,1,5.076923076923077,132,0.5218711843711843,0.8461538461538461,0.5314102564102564,0.4653998778998778,46,0.23076923076923078,6,0.34615384615384615,9,1.1538461538461537,30,20.0,0.8125,6.0,1.0,3.0,8.0,1.0,2.0,2.0,16.238888888888887,58.785714285714285,1.5177723925776887,37.0,1.4230769230769231,15.0,14.0,29.0,True,True,True,40.98641552112483,41.119876174726976,51.04848858599304,22.772277227722775,43.12769568931573,399
UFC Fight Night: Emmett vs. Vallejos,2026-03-14,14,0,5,2,8.607142857142858,241,0.5810910093804831,1.0357142857142858,0.5541666666666667,0.46140654979940693,69,0.07142857142857142,2,0.42857142857142855,12,1.3928571428571428,39,19.0,0.8125,3.0,1.0,4.0,6.0,11.0,14.0,2.0,1.238888888888889,26.285714285714285,1.7263099020563208,28.0,1.0,5.0,2.0,7.0,True,True,True,53.34201516335622,40.33934647496488,33.200819296108754,33.663366336633665,43.06505678974802,400
UFC 64: Unstoppable,2006-10-14,8,2,0,0,1.8125,29,0.5104166666666666,1.1875,0.50625,0.4375,19,0.25,4,0.375,6,0.125,2,7.0,1.0,7.0,3.0,4.0,1.0,,,0.0,,,,0.0,0.0,0.0,0.0,0.0,False,True,False,52.911954749182904,26.816221165401277,43.395742214756126,,43.03953668994771,401
UFC 30: Battle on the Boardwalk,2001-02-23,8,2,0,0,2.0625,33,0.35714285714285715,1.0,0.35312499999999997,0.39166666666666666,20,0.3125,5,0.4375,7,0.0,0,10.0,0.8571428571428572,5.0,3.0,4.0,0.0,,,0.0,,,,0.0,0.0,0.0,0.0,0.0,False,False,False,39.20023308643031,47.4453442957507,44.3672075922468,,43.00167535387773,402
UFC Fight Night: Machado Garry vs. Prates,2025-04-26,14,0,6,1,7.5,210,0.5645113919080085,0.7857142857142857,0.5363095238095238,0.5329561311704168,72,0.03571428571428571,1,0.5714285714285714,16,1.75,49,13.0,0.9444444444444444,4.0,0.0,1.0,5.0,7.0,13.0,2.0,7.677777777777778,61.35714285714286,2.1232243994708324,21.0,0.75,9.0,3.0,12.0,True,True,True,48.37190783035383,45.128042210564935,30.496113098558396,62.97029702970297,42.92812246583543,403
UFC 243: Whittaker vs. Adesanya,2019-10-05,11,1,5,2,3.8636363636363638,85,0.3325678109769019,0.9090909090909091,0.3409090909090909,0.27030040666404304,29,0.13636363636363635,3,0.4090909090909091,9,0.9090909090909091,20,19.0,0.9230769230769231,15.0,2.0,5.0,12.0,0.0,1.0,2.0,9.8,53.07142857142857,1.8070023797982189,44.0,2.0,16.0,15.0,31.0,True,True,True,28.558713628203687,34.033930790465554,70.07838513079612,38.613861386138616,42.88617675744363,404
UFC Fight Night: Tuivasa vs. Tybura,2024-03-16,13,0,6,3,7.115384615384615,185,0.556345914544295,0.7692307692307693,0.5314102564102564,0.5146117771117772,64,0.038461538461538464,1,0.4230769230769231,11,1.3846153846153846,36,32.0,0.5912698412698413,0.0,0.0,4.0,8.0,9.0,10.0,2.0,1.1333333333333335,42.285714285714285,3.127816473627602,34.0,1.3076923076923077,7.0,6.0,13.0,True,True,True,49.63494527990895,35.1496653710932,31.632008257633892,94.65346534653465,42.863670199353784,405
UFC Fight Night: Imavov vs. Borralho,2025-09-06,13,0,5,2,6.3076923076923075,164,0.5628877532723686,1.4615384615384615,0.5391025641025641,0.3521520146520146,45,0.0,0,0.46153846153846156,12,1.0,26,18.0,0.9,11.0,0.0,5.0,4.0,2.0,7.0,2.0,6.755555555555556,38.92857142857143,1.8161987876999248,36.0,1.3846153846153846,14.0,9.0,23.0,True,True,True,47.54576216043176,27.898162487056158,49.61907367046577,39.00990099009901,42.82906263658142,406
UFC on FOX: Johnson vs Moraga,2013-07-27,12,1,8,3,5.166666666666667,124,0.48053739936963624,0.6666666666666666,0.4451388888888889,0.36604888167388167,41,0.16666666666666666,4,0.4583333333333333,11,1.125,27,9.0,0.9166666666666667,5.0,3.0,3.0,3.0,0.0,4.0,2.0,,,,85.0,3.5416666666666665,16.0,12.0,28.0,True,True,False,41.66478843414752,41.17462744302335,45.33522516852752,,42.69488398418221,407
UFC Fight Night: Iaquinta vs. Cowboy,2019-05-04,12,0,6,2,5.875,141,0.4759424603174603,0.625,0.4458333333333333,0.3201178451178451,48,0.08333333333333333,2,0.625,15,1.375,33,42.0,0.7416666666666667,3.0,2.0,8.0,17.0,4.0,8.0,2.0,10.761111111111113,38.0,1.8468604551530297,38.0,1.5833333333333333,12.0,8.0,20.0,True,True,True,28.37968441473173,47.28066942013147,57.968726953882594,40.79207920792079,42.60226316748638,408
UFC 139: Shogun vs Henderson,2011-11-19,12,0,0,0,5.291666666666667,127,0.5815959503459504,0.9166666666666666,0.5666666666666667,0.3940641534391534,37,0.2916666666666667,7,0.5,12,1.0416666666666667,25,14.0,0.6428571428571428,4.0,5.0,6.0,5.0,,,0.0,,,,0.0,0.0,0.0,0.0,0.0,False,True,False,42.38456792580504,47.070474736435436,39.03453198943946,,42.55979521185549,409
UFC 99: The Comeback,2009-06-13,12,0,0,0,4.25,102,0.5487179487179487,1.0833333333333333,0.5333333333333333,0.594593253968254,48,0.3333333333333333,8,0.5,12,0.6666666666666666,16,19.0,0.5512820512820513,0.0,6.0,8.0,2.0,,,0.0,,,,0.0,0.0,0.0,0.0,0.0,False,True,False,50.77858602343139,40.37635894927384,33.23596353582766,,42.50138232362033,410
UFC Fight Night: Poirier vs. Hooker,2020-06-27,10,0,2,1,5.0,100,0.4983982683982684,0.55,0.48666666666666664,0.4325910364145658,40,0.1,2,0.4,8,1.2,24,37.0,0.7435064935064934,3.0,2.0,8.0,14.0,3.0,5.0,2.0,5.988888888888889,48.07142857142857,2.3314271813080034,24.0,1.2,13.0,11.0,24.0,True,True,True,28.705473834973585,37.774356992254134,59.279599427364666,75.24752475247524,42.47203484788613,411
UFC Fight Night: Holm vs. Vieira,2022-05-21,11,0,3,1,5.318181818181818,117,0.5467532467532468,1.0,0.5409090909090909,0.3872294372294372,26,0.22727272727272727,5,0.5,11,0.8636363636363636,19,20.0,0.6666666666666667,3.0,5.0,7.0,4.0,2.0,5.0,2.0,5.416666666666667,36.5,2.282045555851936,27.0,1.2272727272727273,14.0,11.0,25.0,True,True,True,38.38996676424849,40.17370833236816,44.64250459354201,72.87128712871286,42.43572952328968,412
UFC Fight Night: Yan vs. Figueiredo,2024-11-23,13,0,6,3,4.3076923076923075,112,0.3607826468403391,0.8076923076923077,0.3243589743589744,0.2784000187846342,35,0.46153846153846156,12,0.2692307692307692,7,0.7692307692307693,20,30.0,0.7524038461538461,4.0,10.0,5.0,7.0,3.0,5.0,2.0,2.4166666666666665,41.285714285714285,2.66429850963044,58.0,2.230769230769231,13.0,11.0,24.0,True,True,True,25.673195165758965,39.805618368940124,60.016925335287915,83.96039603960396,42.42378006110519,413
UFC Fight Night: Hunt vs Mir,2016-03-19,12,0,4,2,5.666666666666667,136,0.5310447042064689,0.5833333333333334,0.4937500000000001,0.4505208333333333,47,0.25,6,0.5,12,0.9583333333333334,23,37.0,0.6076923076923078,1.0,6.0,9.0,9.0,9.0,10.0,2.0,4.444444444444445,33.214285714285715,1.9939869689623209,23.0,0.9583333333333334,7.0,6.0,13.0,True,True,True,34.048421278542115,43.60131582393546,50.3075968269459,53.663366336633665,42.29514483231616,414
UFC 103: Franklin vs Belfort,2009-09-19,13,0,0,0,4.230769230769231,110,0.5054029304029305,0.7307692307692307,0.47948717948717956,0.4516899766899767,49,0.38461538461538464,10,0.6923076923076923,18,0.9230769230769231,24,24.0,0.7428571428571429,1.0,6.0,12.0,1.0,,,0.0,,,,0.0,0.0,0.0,0.0,0.0,False,True,False,33.291538961642054,53.291396236956764,44.74847848347395,,42.17264019888232,415
UFC Fight Night: Emmett vs. Topuria,2023-06-24,13,0,7,2,6.1923076923076925,161,0.5664130888268819,1.1923076923076923,0.5653846153846154,0.46028693528693526,59,0.038461538461538464,1,0.23076923076923078,6,0.9615384615384616,25,17.0,0.875,5.0,1.0,2.0,5.0,5.0,9.0,2.0,1.85,40.285714285714285,2.826136454749076,39.0,1.5,11.0,7.0,18.0,True,True,True,52.671696857411746,20.338991757147955,38.62571343012633,88.51485148514851,42.166883285547016,416
UFC Fight Night: Andrade vs. Blanchfield,2023-02-18,11,0,4,2,6.863636363636363,151,0.30714558169103623,0.6818181818181818,0.28939393939393937,0.2804112554112554,48,0.22727272727272727,5,0.5454545454545454,12,1.7272727272727273,38,26.0,0.8409090909090908,7.0,4.0,3.0,9.0,3.0,10.0,2.0,1.85,7.857142857142858,1.4095919719643275,25.0,1.1363636363636365,13.0,6.0,19.0,True,True,True,22.96066520599646,57.8979341711011,58.78122239754111,17.425742574257423,42.164403473149065,417
UFC Fight Night: Lee vs. Iaquinta,2018-12-15,12,0,5,2,7.875,189,0.5271418199163208,0.625,0.4805555555555556,0.5007122507122507,68,0.08333333333333333,2,0.4166666666666667,10,1.7916666666666667,43,24.0,0.7482517482517483,1.0,2.0,4.0,2.0,4.0,8.0,2.0,9.85,50.785714285714285,1.7618598347002246,39.0,1.625,12.0,8.0,20.0,True,True,True,46.96483019693684,46.84419720148103,32.73849536997134,36.039603960396036,42.120510188156196,418
UFC Fight Night: Machida vs Dollaway,2014-12-20,12,0,4,1,4.5,108,0.510445226070226,0.7916666666666666,0.48680555555555555,0.39141992266992265,33,0.4166666666666667,10,0.5416666666666666,13,1.0833333333333333,26,32.0,0.6825396825396826,2.0,5.0,8.0,11.0,4.0,,1.0,5.588888888888889,27.285714285714285,1.1697076951078758,32.0,1.3333333333333333,12.0,0.0,12.0,True,True,True,31.718928980526915,53.908857903871,51.70396033591063,8.712871287128712,42.11161773330814,419
UFC Fight Night: Rodriguez vs. Penn,2017-01-15,12,0,3,1,5.208333333333333,125,0.30506553631553635,0.4166666666666667,0.27569444444444446,0.30582264957264954,41,0.5,12,0.7083333333333334,17,1.25,30,28.0,0.7857142857142857,5.0,11.0,14.0,8.0,10.0,,1.0,0.7333333333333333,25.0,1.8846689378911177,15.0,0.625,6.0,0.0,6.0,True,True,True,12.983031877213895,64.14857098441841,62.39386368992786,43.16831683168317,42.10693044555268,420
UFC Fight Night: Hunt vs. Oleinik,2018-09-15,12,0,5,2,6.416666666666667,154,0.44728223615523394,1.0,0.4375,0.31815250721500726,54,0.2916666666666667,7,0.7916666666666666,19,1.2083333333333333,29,23.0,0.6428571428571428,1.0,1.0,6.0,10.0,8.0,11.0,2.0,4.194444444444445,30.142857142857142,2.258122302368489,31.0,1.2916666666666667,8.0,5.0,13.0,True,True,True,33.642215046959855,57.90910518333106,35.25202382658569,70.89108910891089,42.05432391803796,421
UFC 163: Aldo vs Jung,2013-08-03,12,1,8,3,2.9166666666666665,70,0.39087301587301587,0.7916666666666666,0.37777777777777777,0.315268759018759,23,0.375,9,0.5,12,0.6666666666666666,16,7.0,1.0,7.0,4.0,3.0,6.0,0.0,5.0,2.0,,,,88.0,3.6666666666666665,16.0,11.0,27.0,True,True,False,33.26748091936071,41.8600384744964,53.84388192261002,,42.02649111910673,422
UFC Fight Night: Cannonier vs. Imavov,2024-06-08,14,0,3,1,6.035714285714286,169,0.5505527210884354,0.5714285714285714,0.4845238095238095,0.528656462585034,52,0.10714285714285714,3,0.39285714285714285,11,1.1071428571428572,31,24.0,0.6696428571428572,3.0,1.0,7.0,6.0,4.0,7.0,2.0,0.5944444444444444,38.642857142857146,3.256136018712276,22.0,0.7857142857142857,12.0,9.0,21.0,True,True,True,40.172328162441396,35.94410498977907,40.31171213437226,96.63366336633663,41.98015432104984,423
UFC Fight Night: Vera vs. Cruz,2022-08-13,13,0,3,1,6.461538461538462,168,0.4504522833217165,0.6538461538461539,0.4371794871794871,0.4123696816004508,49,0.23076923076923078,6,0.2692307692307692,7,1.1538461538461537,30,28.0,0.7309941520467836,5.0,6.0,4.0,10.0,5.0,8.0,2.0,4.977777777777778,42.5,2.105306605826224,23.0,0.8846153846153846,11.0,8.0,19.0,True,True,True,30.673525764471346,38.638541084696236,56.62825877077127,60.99009900990099,41.967028158689025,424
UFC on FOX: Henderson vs Thomson,2014-01-25,11,0,7,2,5.0,110,0.534603772638532,0.7272727272727273,0.5348484848484849,0.373466810966811,34,0.3181818181818182,7,0.4090909090909091,9,0.9545454545454546,21,11.0,0.9375,3.0,5.0,5.0,3.0,1.0,4.0,2.0,14.666666666666668,59.14285714285714,1.5749936101673956,65.0,2.9545454545454546,15.0,12.0,27.0,True,True,True,38.170511798406004,43.167618639962676,48.19464057982951,23.96039603960396,41.71652135528212,425
UFC Fight Night: Munhoz vs. Edgar,2020-08-22,8,0,1,0,3.8125,61,0.38104166666666667,0.4375,0.35416666666666663,0.3538602941176471,19,0.5625,9,0.75,12,1.0625,17,39.0,0.6733333333333333,0.0,9.0,12.0,14.0,5.0,,1.0,3.1222222222222222,34.642857142857146,2.480175189132086,11.0,0.6875,11.0,0.0,11.0,True,True,True,11.992086442293475,63.251686827086225,56.96001689230554,78.81188118811882,41.638355410786545,426
UFC Fight Night: Rodriguez vs. Waterson,2021-05-08,9,0,4,2,8.0,144,0.6788780663780664,0.5,0.6074074074074074,0.46348005385729174,52,0.05555555555555555,1,0.8888888888888888,16,1.9444444444444444,35,16.0,0.675,2.0,0.0,3.0,3.0,,,0.0,1.1888888888888889,25.571428571428573,2.6295062169094785,19.0,1.0555555555555556,0.0,0.0,0.0,True,True,True,45.21567994453324,58.66879682420571,15.536238000547852,83.36633663366337,41.58265941571225,427
UFC Fight Night: Kattar vs. Emmett,2022-06-18,13,0,2,1,6.3076923076923075,164,0.6551105649811864,1.3076923076923077,0.6134615384615385,0.35178571428571426,45,0.038461538461538464,1,0.2692307692307692,7,1.1923076923076923,31,20.0,0.75,5.0,0.0,5.0,6.0,4.0,7.0,2.0,1.9444444444444444,46.07142857142857,2.875333924950818,21.0,0.8076923076923077,12.0,9.0,21.0,True,True,True,46.30279619294324,25.56880045230319,40.63309936054937,89.50495049504951,41.57849592317038,428
UFC Fight Night: Bonfim vs. Brown,2025-11-08,12,0,5,2,7.791666666666667,187,0.6041374135124135,1.3333333333333333,0.5645833333333333,0.4858495670995671,60,0.041666666666666664,1,0.08333333333333333,2,1.4166666666666667,34,26.0,0.7666666666666666,4.0,0.0,0.0,5.0,14.0,,1.0,0.6388888888888888,45.42857142857143,3.4544062300692007,17.0,0.7083333333333334,2.0,0.0,2.0,True,True,True,54.960752931641885,25.659940295962986,27.461116046368364,98.41584158415841,41.55841313976593,429
UFC 142: Aldo vs Mendes,2012-01-14,10,1,0,0,5.15,103,0.5354595404595404,1.0,0.55,0.3678571428571428,40,0.25,5,0.55,11,1.25,25,4.0,1.0,4.0,2.0,0.0,1.0,,,0.0,,,,0.0,0.0,0.0,0.0,0.0,False,True,False,44.58911279004354,51.2824566088214,28.800025440770266,,41.364491474161944,430
UFC Fight Night: Smith vs. Rakic,2020-08-29,10,0,5,2,7.45,149,0.47766858141858143,0.4,0.4441666666666667,0.3987966200466201,42,0.35,7,0.8,16,1.3,26,18.0,0.7076923076923077,0.0,1.0,5.0,6.0,5.0,8.0,2.0,3.011111111111111,47.85714285714286,2.768782717833762,26.0,1.3,11.0,8.0,19.0,True,True,True,30.924526118986993,62.13866166092069,30.11795627325637,86.93069306930693,41.286397398267226,431
UFC Fight Night: Minotauro vs Nelson,2014-04-11,8,0,4,2,5.125,82,0.6517496392496392,0.8125,0.6104166666666667,0.46011904761904765,26,0.1875,3,0.6875,11,1.3125,21,20.0,0.5505050505050505,0.0,2.0,6.0,9.0,11.0,9.0,2.0,5.9,22.57142857142857,1.4850260133192037,23.0,1.4375,5.0,7.0,12.0,True,True,True,43.14653356608739,52.32534012381646,32.89986968573533,21.18811881188119,41.269315303703735,432
UFC Fight Night: Font vs. Garbrandt,2021-05-22,12,0,7,3,5.208333333333333,125,0.4699505559799677,0.9166666666666666,0.4368055555555556,0.33705357142857145,38,0.25,6,0.375,9,0.875,21,21.0,0.7136363636363636,4.0,3.0,2.0,8.0,3.0,4.0,2.0,5.533333333333333,39.21428571428572,2.339785950607717,70.0,2.9166666666666665,13.0,12.0,25.0,True,True,True,36.96968912344102,37.14153941151161,44.22336808952855,75.64356435643565,41.122449146934656,433
UFC Fight Night: Santos vs. Hill,2022-08-06,10,0,5,2,6.3,126,0.46627713470104776,0.45,0.3883333333333333,0.48738095238095236,54,0.05,1,0.55,11,1.15,23,29.0,0.7043478260869566,2.0,1.0,7.0,8.0,6.0,10.0,2.0,1.0555555555555556,57.785714285714285,3.386520759589129,31.0,1.55,10.0,6.0,16.0,True,True,True,35.04940279435379,38.11432864723337,42.24447709267387,97.62376237623762,41.1028745261639,434
UFC Fight Night: Jung vs. Ige,2021-06-19,12,0,5,1,6.125,147,0.5359623015873015,0.7083333333333334,0.525,0.46473214285714287,55,0.041666666666666664,1,0.5416666666666666,13,1.5,36,18.0,0.7222222222222222,1.0,1.0,8.0,10.0,4.0,8.0,2.0,1.9055555555555557,18.0,1.980882317007792,25.0,1.0416666666666667,12.0,8.0,20.0,True,True,True,39.640282046695766,42.15935421250992,40.131672093396794,52.87128712871287,41.079017356260465,435
UFC 63: Hughes vs Penn,2006-09-23,9,1,0,0,2.7777777777777777,50,0.3818783068783069,1.1666666666666667,0.37037037037037035,0.3287037037037037,28,0.8333333333333334,15,0.5,9,0.05555555555555555,1,23.0,0.8035714285714286,4.0,11.0,6.0,0.0,,,0.0,,,,0.0,0.0,0.0,0.0,0.0,False,True,False,30.009826213334282,46.19013023738188,51.156807163168395,,40.94579494066285,436
UFC 39: The Warriors Return,2002-09-27,8,1,0,0,3.3125,53,0.6359375,0.9375,0.59375,0.4419642857142857,26,0.8125,13,0.6875,11,0.0,0,0.0,0.0,0.0,0.0,0.0,0.0,,,0.0,,,,0.0,0.0,0.0,0.0,0.0,False,False,False,49.66094272012089,75.78108201092331,0.0,,40.85226062187283,437
UFC Fight Night: Barboza vs. Gaethje,2019-03-30,13,0,6,2,6.115384615384615,159,0.5261904761904762,0.7307692307692307,0.482051282051282,0.38385780885780885,40,0.07692307692307693,2,0.4230769230769231,11,1.2307692307692308,32,24.0,0.6,2.0,0.0,4.0,13.0,6.0,8.0,2.0,1.4388888888888889,49.92857142857143,3.1036134578519303,46.0,1.7692307692307692,10.0,8.0,18.0,True,True,True,39.345199547793776,37.04683050091691,36.77274692588658,93.46534653465348,40.70487884884538,438
UFC Fight Night: Lewis vs. Hunt,2017-06-10,11,0,7,3,5.5,121,0.4821576151121606,0.8181818181818182,0.4393939393939394,0.43400892037255673,41,0.13636363636363635,3,0.5,11,1.0,22,25.0,0.7007575757575758,6.0,1.0,7.0,8.0,6.0,7.0,2.0,1.738888888888889,5.428571428571429,1.2837437408501895,45.0,2.0454545454545454,10.0,9.0,19.0,True,True,True,39.30592178648626,39.216871444779436,48.239865604415066,13.465346534653467,40.67181358384656,439
UFC Fight Night: Cowboy vs. Edwards,2018-06-23,13,0,6,3,5.153846153846154,134,0.5490181115181115,0.8076923076923077,0.533974358974359,0.36648351648351646,48,0.07692307692307693,2,0.38461538461538464,10,1.1538461538461537,30,36.0,0.7592592592592593,6.0,1.0,5.0,14.0,11.0,13.0,2.0,7.394444444444445,38.14285714285714,1.960234930634884,33.0,1.2692307692307692,5.0,3.0,8.0,True,True,True,35.31786875119645,33.92543140448553,51.49522714139674,51.881188118811885,40.65113289995958,440
UFC Fight Night: Santos vs. Walker,2021-10-02,12,0,4,1,7.291666666666667,175,0.523387778157515,0.5416666666666666,0.44236111111111115,0.477661112036112,59,0.08333333333333333,2,0.375,9,1.4166666666666667,34,27.0,0.6428571428571428,1.0,1.0,4.0,9.0,5.0,10.0,2.0,1.1888888888888889,32.357142857142854,2.843929482073869,20.0,0.8333333333333334,11.0,6.0,17.0,True,True,True,38.30359156326708,40.19319048590264,35.992096674313835,88.91089108910892,40.61290780353209,441
UFC Fight Night: Gaethje vs. Vick,2018-08-25,13,0,6,3,7.615384615384615,198,0.561801446416831,1.0769230769230769,0.5326923076923077,0.5355769230769231,63,0.038461538461538464,1,0.4230769230769231,11,1.2307692307692308,32,13.0,0.6166666666666667,4.0,0.0,2.0,5.0,7.0,10.0,2.0,7.011111111111111,61.0,2.199457459308212,34.0,1.3076923076923077,9.0,6.0,15.0,True,True,True,56.731944709382596,31.75504019428981,21.61066093684175,67.12871287128714,40.47117185694237,442
UFC on FOX: Werdum vs Browne,2014-04-19,13,0,11,5,4.269230769230769,111,0.41231995756882633,1.2307692307692308,0.4102564102564103,0.3884115884115884,45,0.11538461538461539,3,0.19230769230769232,5,1.1538461538461537,30,16.0,0.7946428571428572,6.0,0.0,2.0,6.0,2.0,3.0,2.0,1.8833333333333333,33.92857142857143,2.6683028838484804,89.0,3.423076923076923,14.0,13.0,27.0,True,True,True,41.1943165249317,30.62367431612026,40.42553176765523,84.15841584158416,40.469225511378525,443
UFC Fight Night: Burns vs. Morales,2025-05-17,11,0,4,2,7.2727272727272725,160,0.5782166522735577,1.1363636363636365,0.5681818181818182,0.41287878787878785,44,0.045454545454545456,1,0.22727272727272727,5,0.8636363636363636,19,28.0,0.8260869565217391,5.0,1.0,3.0,6.0,8.0,12.0,2.0,3.205555555555556,49.42857142857143,2.5650045942908286,16.0,0.7272727272727273,8.0,4.0,12.0,True,True,True,46.46165176681063,20.339969055976315,42.440716107949946,80.990099009901,40.45137275359836,444
UFC Fight Night: Ulberg vs. Reyes,2025-09-27,12,0,3,1,6.5,156,0.49799899174899176,1.2916666666666667,0.44097222222222215,0.3157752472969864,46,0.08333333333333333,2,0.2916666666666667,7,0.875,21,22.0,0.7905982905982906,11.0,2.0,3.0,6.0,3.0,7.0,2.0,5.905555555555556,51.785714285714285,2.24686854904123,24.0,1.0,13.0,9.0,22.0,True,True,True,37.72023233426817,26.21430812561692,50.893889604317806,70.6930693069307,40.44449031175338,445
UFC Fight Night: De Randamie vs. Ladd,2019-07-13,12,0,5,2,5.083333333333333,122,0.6356646825396826,1.0833333333333333,0.6083333333333333,0.2974206349206349,32,0.25,6,0.375,9,0.625,15,9.0,0.9166666666666667,7.0,1.0,1.0,3.0,1.0,4.0,2.0,1.1944444444444444,20.785714285714285,2.4655562061727423,38.0,1.5833333333333333,15.0,12.0,27.0,True,True,True,41.81723831620317,31.29524049590576,39.696961619667725,78.41584158415841,40.380586015565946,446
UFC Fight Night: Mir vs Duffee,2015-07-15,12,0,6,2,5.25,126,0.6228911135161135,1.0,0.5958333333333333,0.4534722222222222,43,0.20833333333333334,5,0.25,6,0.7083333333333334,17,28.0,0.6875,3.0,5.0,4.0,4.0,10.0,,1.0,4.0777777777777775,26.642857142857142,2.1876364270162,32.0,1.3333333333333333,6.0,0.0,6.0,True,True,True,47.609414458641254,27.312283405939798,37.270883855138834,66.33663366336634,40.36993347465142,447
UFC Fight Night: Bautista vs. Oliveira,2026-02-07,13,0,5,2,7.461538461538462,194,0.6089275763201102,1.1153846153846154,0.5538461538461539,0.3569197896120973,56,0.038461538461538464,1,0.19230769230769232,5,1.2307692307692308,32,17.0,0.8846153846153846,4.0,0.0,0.0,6.0,9.0,11.0,2.0,0.3833333333333333,34.0,3.1244063487435856,40.0,1.5384615384615385,7.0,5.0,12.0,True,True,True,50.37649441433032,23.915778007201535,31.668297023289966,94.05940594059405,40.333001671549205,448
UFC Fight Night: Mendes vs Lamas,2015-04-04,10,0,7,2,5.35,107,0.4968917193917194,0.6,0.4508333333333333,0.3939375901875902,33,0.3,6,0.65,13,1.2,24,16.0,0.8174603174603174,2.0,3.0,2.0,3.0,1.0,4.0,2.0,2.2777777777777777,19.142857142857142,1.94043982481042,44.0,2.2,15.0,12.0,27.0,True,True,True,32.92366206110503,54.85100660019003,36.41730973388075,50.2970297029703,40.32226087980226,449
UFC Fight Night: Blachowicz vs. Santos,2019-02-23,13,0,5,2,5.884615384615385,153,0.46067829229593926,1.3076923076923077,0.4641025641025641,0.36855921855921864,55,0.11538461538461539,3,0.3076923076923077,8,1.3076923076923077,34,27.0,0.6529411764705882,7.0,0.0,1.0,8.0,4.0,6.0,2.0,,,,41.0,1.5769230769230769,12.0,10.0,22.0,True,True,False,40.792826766504305,37.9644083895276,41.03436143780102,,40.1247802477094,450
UFC Fight Night: Hermansson vs. Vettori,2020-12-05,8,0,3,1,7.6875,123,0.5729581131695102,0.5,0.47812499999999997,0.4947000915750916,41,0.0625,1,0.5,8,1.5625,25,19.0,0.7207792207792207,4.0,0.0,2.0,2.0,4.0,13.0,2.0,0.788888888888889,35.5,3.0600926598605875,16.0,1.0,12.0,3.0,15.0,True,True,True,42.057708058743216,45.241162937091026,23.742399638082524,92.67326732673268,39.88975721553144,451
UFC 96: Jackson vs Jardine,2009-03-07,10,0,0,0,3.8,76,0.6111309523809523,1.0,0.5633333333333332,0.5466666666666666,33,0.2,4,0.4,8,0.75,15,14.0,0.7333333333333334,2.0,3.0,5.0,4.0,,,0.0,,,,0.0,0.0,0.0,0.0,0.0,False,True,False,50.47109886027412,32.666470196792055,31.661338700008432,,39.84574600348442,452
UFC Fight Night: Burns vs. Brady,2024-09-07,12,0,4,2,5.791666666666667,139,0.49594656886323546,1.0,0.4666666666666666,0.431781045751634,44,0.20833333333333334,5,0.25,6,1.125,27,29.0,0.7694805194805194,1.0,1.0,2.0,7.0,6.0,8.0,2.0,4.46111111111111,40.21428571428572,2.1651062256913978,36.0,1.5,10.0,8.0,18.0,True,True,True,41.83473541203387,35.96386284959845,36.33512524070239,64.35643564356435,39.84321923160209,453
UFC Fight Night: Lewis vs. Browne,2017-02-19,11,0,4,1,5.7272727272727275,126,0.5578184441820805,0.8636363636363636,0.5257575757575759,0.426497113997114,44,0.2727272727272727,6,0.4090909090909091,9,1.0454545454545454,23,25.0,0.7214285714285715,5.0,0.0,3.0,7.0,8.0,9.0,2.0,2.5055555555555555,5.785714285714286,1.1683676916834824,37.0,1.6818181818181819,8.0,7.0,15.0,True,True,True,43.31392252002359,43.23452761996623,37.38017168955815,8.316831683168317,39.76409400402685,454
UFC Fight Night: Arlovski vs. Barnett,2016-09-03,11,0,6,2,5.2272727272727275,115,0.4288239538239538,0.5,0.4113636363636363,0.3731851481851481,41,0.36363636363636365,8,0.8181818181818182,18,0.7272727272727273,16,29.0,0.6833333333333333,0.0,6.0,8.0,3.0,6.0,9.0,2.0,3.011111111111111,28.714285714285715,2.115034459664498,50.0,2.272727272727273,10.0,7.0,17.0,True,True,True,27.76185029702437,51.04584153975418,42.37181125774553,61.78217821782178,39.66685279196304,455
UFC Fight Night: Thompson vs. Till,2018-05-27,11,0,6,2,5.136363636363637,113,0.5679981634527089,0.7727272727272727,0.5287878787878788,0.3306138306138306,30,0.09090909090909091,2,0.3181818181818182,7,0.9545454545454546,21,17.0,0.9090909090909092,4.0,2.0,5.0,7.0,1.0,8.0,2.0,2.605555555555556,26.07142857142857,2.138608035830957,34.0,1.5454545454545454,15.0,8.0,23.0,True,True,True,34.51100782994057,29.67994875311849,50.72768000241822,63.366336633663366,39.61101115266448,456
The Ultimate Fighter: Heavy Hitters Finale,2018-11-30,13,0,6,3,4.076923076923077,106,0.3221474358974359,0.6923076923076923,0.3076923076923077,0.21348667672197083,31,0.23076923076923078,6,0.3076923076923077,8,0.8076923076923077,21,33.0,0.8400000000000001,8.0,4.0,7.0,8.0,3.0,5.0,2.0,5.05,32.57142857142857,1.8997460867939244,50.0,1.9230769230769231,13.0,11.0,24.0,True,True,True,20.163180198354276,33.36444224624095,69.26094607723748,44.75247524752476,39.42229022644943,457
UFC Fight Night: Condit vs Kampmann 2,2013-08-28,12,0,4,2,4.25,102,0.6044560185185185,0.9166666666666666,0.5930555555555556,0.4569218975468976,34,0.08333333333333333,2,0.2916666666666667,7,0.8333333333333334,20,24.0,0.65625,0.0,2.0,7.0,9.0,2.0,6.0,2.0,,,,40.0,1.6666666666666667,14.0,10.0,24.0,True,True,False,44.37423386954399,25.577815904966286,43.752286183227646,,39.231403556871015,458
UFC Fight Night: Gane vs. Spivac,2023-09-02,11,0,4,1,3.909090909090909,86,0.4299533799533799,1.0,0.41363636363636364,0.25582611832611835,28,0.5,11,0.5454545454545454,12,0.6363636363636364,14,20.0,0.75,3.0,3.0,7.0,4.0,2.0,7.0,2.0,5.238888888888889,47.42857142857143,2.3006216793837444,43.0,1.9545454545454546,14.0,9.0,23.0,True,True,True,26.698358632298977,47.006949990020836,43.643418861631844,73.86138613861387,39.21717591584505,459
UFC 141: Lesnar vs Overeem,2011-12-30,10,0,0,0,5.4,108,0.6347619047619049,1.05,0.6300000000000001,0.4204242979242979,36,0.3,6,0.6,12,0.95,19,6.0,0.3333333333333333,0.0,4.0,4.0,1.0,,,0.0,,,,0.0,0.0,0.0,0.0,0.0,False,True,False,50.1675921134684,48.6197934167599,16.735265397783994,,39.20269980938161,460
UFC Fight Night: Florian vs Lauzon,2008-04-02,12,0,0,0,3.4166666666666665,82,0.6163194444444445,1.1666666666666667,0.6159722222222223,0.6555555555555554,40,0.041666666666666664,1,0.20833333333333334,5,0.7916666666666666,19,11.0,0.875,6.0,1.0,2.0,5.0,,,0.0,,,,0.0,0.0,0.0,0.0,0.0,False,True,False,54.45421857792992,16.902356463045532,37.16867175691498,,39.11355586737668,461
UFC Fight Night: Dos Santos vs. Ivanov,2018-07-14,13,0,7,2,5.923076923076923,154,0.42999777999778,0.8461538461538461,0.37307692307692314,0.33951465201465203,49,0.4230769230769231,11,0.6153846153846154,16,0.8461538461538461,22,16.0,0.375,0.0,5.0,8.0,5.0,,,0.0,2.1444444444444444,50.785714285714285,2.817444501257913,42.0,1.6153846153846154,0.0,0.0,0.0,True,True,True,32.62509420560375,51.7176682649742,28.7557501809492,88.31683168316832,39.02202138692823,462
UFC Fight Night: Bigfoot vs Mir,2015-02-22,11,0,7,2,4.454545454545454,98,0.5612079290933045,0.9090909090909091,0.5424242424242424,0.4024170274170275,33,0.2727272727272727,6,0.4090909090909091,9,0.5909090909090909,13,29.0,0.5043478260869565,0.0,6.0,7.0,4.0,8.0,13.0,2.0,2.9166666666666665,30.35714285714285,2.2824217436294028,41.0,1.8636363636363635,8.0,3.0,11.0,True,True,True,39.46697495740508,33.050652089556046,37.566723584068654,73.06930693069307,38.97293542710629,463
UFC Fight Night: Shogun vs. Smith,2018-07-22,13,0,5,2,4.730769230769231,123,0.45916901725725257,0.5384615384615384,0.44999999999999996,0.4197496947496948,47,0.15384615384615385,4,0.6538461538461539,17,1.1538461538461537,30,25.0,0.5772058823529411,4.0,3.0,8.0,9.0,8.0,,1.0,3.6777777777777776,27.785714285714285,1.9491311761834635,38.0,1.4615384615384615,8.0,0.0,8.0,True,True,True,28.309101128942263,47.30871593342869,44.126373775785574,51.08910891089109,38.943187013214306,464
UFC Fight Night: Cannonier vs. Borralho,2024-08-24,11,0,5,2,6.590909090909091,145,0.41757671250318307,0.8636363636363636,0.4075757575757576,0.3824380165289256,44,0.045454545454545456,1,0.5454545454545454,12,1.2727272727272727,28,23.0,0.7941176470588236,6.0,1.0,6.0,8.0,5.0,12.0,2.0,1.2055555555555555,4.928571428571429,1.4676806675869367,31.0,1.4090909090909092,11.0,4.0,15.0,True,True,True,33.899352707448024,39.509121996115056,48.35448495560341,19.801980198019802,38.93346607858999,465
UFC Fight Night: Vettori vs. Holland,2021-04-10,13,0,6,3,6.653846153846154,173,0.611523693025241,1.0,0.5858974358974359,0.4722985347985348,56,0.0,0,0.19230769230769232,5,1.4615384615384615,38,20.0,0.7386363636363636,4.0,0.0,2.0,5.0,6.0,10.0,2.0,2.172222222222222,7.0,1.4182072815741242,43.0,1.6538461538461537,10.0,6.0,16.0,True,True,True,55.0600137336448,27.96518782313014,29.90184063529053,17.82178217821782,38.876943748738505,466
UFC Fight Night: Till vs. Masvidal,2019-03-16,12,0,6,3,4.458333333333333,107,0.5753427128427129,1.375,0.5652777777777778,0.40046296296296297,39,0.08333333333333333,2,0.3333333333333333,8,0.9583333333333334,23,22.0,0.7166666666666667,0.0,1.0,4.0,5.0,3.0,11.0,2.0,3.7222222222222223,40.5,2.325620830799562,45.0,1.875,13.0,5.0,18.0,True,True,True,46.89166935290393,29.490070484461494,29.742695435835966,74.85148514851485,38.79456825045348,467
UFC on FUEL TV: Barao vs McDonald,2013-02-16,12,1,5,2,3.5416666666666665,85,0.5402777777777777,0.9166666666666666,0.5,0.5344246031746032,32,0.041666666666666664,1,0.08333333333333333,2,0.8333333333333334,20,8.0,1.0,8.0,1.0,1.0,3.0,1.0,2.0,2.0,,,,54.0,2.25,15.0,14.0,29.0,True,True,False,51.12889760355498,13.613735675500942,43.020250488552286,,38.695861165118856,468
UFC Fight Night: Rodriguez vs. Stephens,2019-09-21,12,0,9,3,5.583333333333333,134,0.35526013338513335,0.16666666666666666,0.33958333333333335,0.2671626984126984,25,0.125,3,0.5,12,1.375,33,38.0,0.6875,1.0,0.0,7.0,15.0,7.0,8.0,2.0,1.3333333333333333,37.57142857142857,2.897100911591534,59.0,2.4583333333333335,9.0,8.0,17.0,True,True,True,22.2048378081841,46.380329418385195,45.44131454421923,89.9009900990099,38.604461346086204,469
UFC Fight Night: Shogun vs Henderson 2,2014-03-23,11,0,4,2,4.090909090909091,90,0.5502262888626525,0.6363636363636364,0.5106060606060606,0.3634199134199135,22,0.22727272727272727,5,0.5909090909090909,13,0.8181818181818182,18,23.0,0.5227272727272727,1.0,5.0,12.0,8.0,7.0,8.0,2.0,5.144444444444444,35.714285714285715,2.038618699774396,29.0,1.3181818181818181,9.0,8.0,17.0,True,True,True,27.864228351700888,42.562673937003154,46.33775959223697,56.83168316831683,38.529271861018074,470
UFC Fight Night: Font vs. Vera,2022-04-30,11,0,2,1,9.045454545454545,199,0.4392891073572892,0.8181818181818182,0.4318181818181818,0.31325757575757573,58,0.22727272727272727,5,0.4090909090909091,9,1.2727272727272727,28,31.0,0.6794871794871795,2.0,0.0,2.0,8.0,5.0,8.0,2.0,3.9166666666666665,45.57142857142857,2.590140731006193,19.0,0.8636363636363636,11.0,8.0,19.0,True,True,True,31.21076468317469,45.24536456631453,35.40850552253122,81.98019801980197,38.51720857259797,471
UFC on FUEL TV: Sanchez vs Ellenberger,2012-02-15,9,0,0,0,3.0,54,0.5648148148148148,1.0555555555555556,0.5537037037037037,0.38240740740740736,21,0.05555555555555555,1,0.5,9,0.6666666666666666,12,22.0,0.7916666666666667,7.0,1.0,8.0,6.0,,,0.0,,,,0.0,0.0,0.0,0.0,0.0,False,True,False,36.33657405564622,26.553411372617074,51.3748045716294,,38.5109724598964,472
UFC Fight Night: Lemos vs. Jandiroba,2024-07-20,11,0,3,1,6.681818181818182,147,0.5454545454545454,0.8181818181818182,0.5371212121212121,0.47981601731601736,41,0.045454545454545456,1,0.13636363636363635,3,1.2727272727272727,28,19.0,0.6833333333333333,4.0,1.0,2.0,4.0,3.0,5.0,2.0,1.7444444444444445,51.42857142857143,3.1500866173770765,26.0,1.1818181818181819,13.0,11.0,24.0,True,True,True,44.94080215201561,25.543377595588044,31.218638414783957,95.44554455445544,38.50003401186122,473
UFC Fight Night: Boetsch vs Henderson,2015-06-06,12,0,3,1,5.958333333333333,143,0.4777529761904762,0.7916666666666666,0.4548611111111111,0.5010251322751323,50,0.125,3,0.4166666666666667,10,1.2916666666666667,31,30.0,0.53125,0.0,2.0,7.0,7.0,13.0,,1.0,4.0,29.714285714285715,2.117545960261243,13.0,0.5416666666666666,3.0,0.0,3.0,True,True,True,36.585419363326245,41.597490886084756,34.25481183106551,62.17821782178218,38.41889490726045,474
UFC 28: High Stakes,2000-11-17,7,1,0,0,1.2857142857142858,18,0.3154761904761904,0.7857142857142857,0.2869047619047619,0.19642857142857142,7,0.5,7,0.5,7,0.0,0,8.0,0.875,6.0,4.0,4.0,0.0,,,0.0,,,,0.0,0.0,0.0,0.0,0.0,False,False,False,16.481634914524424,60.543605321698465,49.109975843863694,,38.38057689409842,475
UFC on FX: Maynard vs Guida,2012-06-22,12,0,0,0,5.291666666666667,127,0.5402364417989418,0.875,0.5145833333333333,0.3715443121693121,33,0.08333333333333333,2,0.375,9,1.0416666666666667,25,26.0,0.7444444444444445,0.0,2.0,6.0,10.0,,,0.0,,,,0.0,0.0,0.0,0.0,0.0,False,True,False,36.72735143095967,32.130955690994575,45.737652667145916,,38.36313188976452,476
UFC Fight Night: Felder vs. Dos Anjos,2020-11-14,9,0,1,0,5.888888888888889,106,0.4465799207178518,0.3888888888888889,0.41111111111111115,0.30787037037037035,27,0.2222222222222222,4,0.5555555555555556,10,1.1666666666666667,21,43.0,0.6317733990147784,0.0,4.0,10.0,12.0,7.0,,1.0,1.3111111111111111,36.35714285714285,2.838944097048356,9.0,0.5,9.0,0.0,9.0,True,True,True,17.727326030731472,48.21544694786857,49.11321677935683,88.71287128712872,38.31440074742322,477
UFC Fight Night: Vettori vs. Cannonier,2023-06-17,12,0,3,1,4.5,108,0.5739850427350427,0.7083333333333334,0.5680555555555555,0.41669973544973543,28,0.08333333333333333,2,0.375,9,0.9583333333333334,23,29.0,0.6461538461538461,2.0,2.0,8.0,8.0,3.0,4.0,2.0,1.4444444444444444,8.142857142857142,1.6839875193578395,33.0,1.375,13.0,12.0,25.0,True,True,True,36.244006597437384,30.76367610589321,48.67691111734574,30.297029702970296,38.30644648580049,478
UFC Fight Night: Moreno vs. Erceg,2025-03-29,12,0,3,1,6.208333333333333,149,0.4641531777401342,0.4583333333333333,0.45138888888888884,0.3644917582417582,37,0.2916666666666667,7,0.20833333333333334,5,1.0416666666666667,25,22.0,0.6333333333333333,1.0,7.0,5.0,9.0,2.0,8.0,2.0,2.055555555555556,40.92857142857143,2.7485811994797533,27.0,1.125,14.0,8.0,22.0,True,True,True,26.42320434645515,37.25492796436693,46.718371803408736,86.33663366336634,38.21535695386473,479
UFC 58: USA vs Canada,2006-03-04,8,1,0,0,2.25,36,0.48883928571428575,1.4375,0.490625,0.4395833333333333,24,0.3125,5,0.375,6,0.0,0,9.0,0.875,7.0,2.0,3.0,0.0,,,0.0,,,,0.0,0.0,0.0,0.0,0.0,False,True,False,44.57284283820657,29.478275204633096,36.8784953157971,,38.17079424334741,480
UFC on FOX: Shogun vs Vera,2012-08-04,10,0,0,0,5.95,119,0.41992868242868236,0.25,0.3558333333333334,0.4210912698412699,46,0.35,7,0.8,16,1.4,28,22.0,0.5576923076923077,1.0,3.0,6.0,4.0,,,0.0,,,,0.0,0.0,0.0,0.0,0.0,False,True,False,26.298892780851542,64.23672861047278,31.980634185506343,,38.07676791643233,481
UFC 76: Knockout,2007-09-22,9,0,0,0,3.4444444444444446,62,0.4987939620292561,0.8333333333333334,0.4842592592592593,0.3727513227513228,25,0.3888888888888889,7,0.7222222222222222,13,0.5555555555555556,10,23.0,0.7450980392156863,0.0,7.0,10.0,3.0,,,0.0,,,,0.0,0.0,0.0,0.0,0.0,False,True,False,27.134548023723283,46.327945039928544,45.544554238773635,,37.99912814853004,482
UFC Fight Night: Walker vs. Zhang,2025-08-23,12,0,4,1,6.166666666666667,148,0.4559763153513154,0.75,0.42361111111111116,0.38078703703703703,44,0.3333333333333333,8,0.5,12,1.375,33,17.0,0.7692307692307692,3.0,0.0,3.0,7.0,13.0,14.0,2.0,4.072222222222222,41.14285714285714,2.672020314428166,19.0,0.7916666666666666,3.0,2.0,5.0,True,True,True,28.876070821418967,55.6285984589391,27.708234532868655,84.55445544554455,37.997771075440184,483
UFC Fight Night: McGregor vs Siver,2015-01-18,12,0,4,2,4.958333333333333,119,0.46980704584205224,0.9583333333333334,0.4583333333333333,0.28532116032116034,30,0.20833333333333334,5,0.4166666666666667,10,1.2916666666666667,31,22.0,0.8235294117647058,5.0,0.0,1.0,9.0,5.0,10.0,2.0,7.666666666666667,35.285714285714285,1.8614131692602889,41.0,1.7083333333333333,11.0,6.0,17.0,True,True,True,30.734231720795858,45.009953794096624,41.13257777589009,42.17821782178218,37.99486536069864,484
UFC Fight Night: Kape vs. Horiguchi,2026-06-20,12,0,5,2,5.916666666666667,142,0.5131627680311891,1.125,0.5111111111111111,0.3154990842490842,34,0.041666666666666664,1,0.20833333333333334,5,0.7916666666666666,19,20.0,0.8,8.0,1.0,3.0,4.0,2.0,5.0,2.0,1.6222222222222222,42.35714285714286,2.8641404082943147,41.0,1.7083333333333333,14.0,11.0,25.0,True,True,True,39.77244427060635,16.902356463045532,44.581052065884684,89.3069306930693,37.97422897842279,485
UFC Fight Night: Belfort vs Henderson 2,2013-11-09,11,0,1,0,4.590909090909091,101,0.49622697563874035,0.6818181818181818,0.4901515151515152,0.39751082251082254,33,0.22727272727272727,5,0.6818181818181818,15,1.0,22,27.0,0.6529411764705882,2.0,5.0,14.0,7.0,,6.0,1.0,,,,10.0,0.45454545454545453,0.0,10.0,10.0,True,True,False,24.81074964544206,47.85866937505627,47.21689846823451,,37.951617623590785,486
UFC on FOX: Velasquez vs Dos Santos,2011-11-12,10,1,0,0,2.9,58,0.5154761904761904,1.35,0.525,0.33134920634920634,25,0.05,1,0.3,6,0.8,16,14.0,1.0,14.0,1.0,3.0,5.0,,,0.0,,,,0.0,0.0,0.0,0.0,0.0,False,True,False,39.3138504142657,22.631041188052674,48.557190489685475,,37.842586957500096,487
UFC Fight Night: Machida vs Romero,2015-06-27,9,0,3,1,3.111111111111111,56,0.3537037037037037,0.6666666666666666,0.3472222222222222,0.35,18,0.2777777777777778,5,0.5555555555555556,10,0.7777777777777778,14,25.0,0.85,5.0,5.0,10.0,11.0,4.0,6.0,2.0,1.9166666666666663,3.3571428571428577,1.0751843889202817,24.0,1.3333333333333333,12.0,10.0,22.0,True,True,True,15.37367738462043,43.412690283902045,68.4015639934584,5.9405940594059405,37.8201424258315,488
UFC Fight Night: Royval vs. Taira,2024-10-12,12,0,2,1,7.041666666666667,169,0.49536435786435784,0.7083333333333334,0.4666666666666666,0.4105718355718355,46,0.041666666666666664,1,0.16666666666666666,4,0.9583333333333334,23,15.0,0.8333333333333333,7.0,1.0,2.0,7.0,1.0,5.0,2.0,0.3944444444444444,34.714285714285715,3.290543472984332,26.0,1.0833333333333333,15.0,11.0,26.0,True,True,True,36.08034006990403,19.085059205369454,45.57166629145843,96.83168316831683,37.71648487515735,489
UFC 75: Champion vs Champion,2007-09-08,9,1,0,0,2.0555555555555554,37,0.7342592592592592,1.3333333333333333,0.7287037037037037,0.6712962962962963,21,0.05555555555555555,1,0.1111111111111111,2,0.2777777777777778,5,4.0,1.0,4.0,1.0,1.0,1.0,,,0.0,,,,0.0,0.0,0.0,0.0,0.0,False,True,False,64.17367341841859,8.366654808761927,26.755799858669103,,37.67144529174595,490
UFC Fight Night: Holm vs. Aldana,2020-10-03,11,0,4,2,4.045454545454546,89,0.36854338842975204,0.36363636363636365,0.3462121212121212,0.22413419913419919,19,0.45454545454545453,10,0.6818181818181818,15,0.9545454545454546,21,19.0,0.5852272727272727,3.0,5.0,5.0,7.0,2.0,6.0,2.0,5.85,38.0,2.279533230053461,51.0,2.3181818181818183,14.0,10.0,24.0,True,True,True,17.003736123433605,55.80114653926273,44.055949192885514,72.47524752475248,37.5923282182924,491
UFC Fight Night: Dawson vs. Green,2023-10-07,10,0,2,0,9.3,186,0.5611246759776172,0.8,0.515,0.4602651515151515,52,0.05,1,0.05,1,1.85,37,31.0,0.775,4.0,0.0,1.0,8.0,10.0,,1.0,1.4,3.7857142857142856,1.1755614126963465,7.0,0.35,6.0,0.0,6.0,True,True,True,44.82411199920073,32.69624025454318,35.79601895743877,9.108910891089108,37.29795609510217,492
UFC Fight Night: Rivera vs. Moraes,2018-06-01,12,0,5,2,6.708333333333333,161,0.5099615187205487,1.1666666666666667,0.48333333333333334,0.37170138888888893,47,0.0,0,0.16666666666666666,4,1.0833333333333333,26,8.0,0.8333333333333333,7.0,0.0,0.0,2.0,4.0,5.0,2.0,0.6333333333333333,26.5,2.899732407862397,51.0,2.125,12.0,11.0,23.0,True,True,True,46.493314066619796,19.538382409669538,30.733057184678046,90.0990099009901,37.20678887951822,493
UFC Fight Night: Cannonier vs. Gastelum,2021-08-21,12,0,4,2,5.583333333333333,134,0.49383417508417504,0.5416666666666666,0.44027777777777777,0.3639294733044733,37,0.041666666666666664,1,0.4166666666666667,10,1.2916666666666667,31,30.0,0.5782828282828283,0.0,1.0,6.0,10.0,3.0,9.0,2.0,3.638888888888889,50.0,2.638685975848197,43.0,1.7916666666666667,13.0,7.0,20.0,True,True,True,30.60092190986225,33.98126932327566,40.867609567238,83.76237623762376,37.184087776816405,494
UFC on FOX: Gustafsson vs Johnson,2015-01-24,12,0,5,2,4.708333333333333,113,0.474757881007881,0.75,0.46319444444444446,0.36154701779701776,35,0.125,3,0.75,18,0.875,21,23.0,0.7461538461538462,3.0,1.0,3.0,7.0,1.0,3.0,2.0,4.4,14.642857142857142,1.357886937692088,56.0,2.3333333333333335,15.0,13.0,28.0,True,True,True,32.24438880018143,42.683313754085844,42.65059320706517,15.643564356435643,37.145940138535366,495
UFC Fight Night: Werdum vs. Volkov,2018-03-17,10,0,5,2,3.95,79,0.43571428571428567,0.95,0.4425,0.3268181818181818,26,0.15,3,0.45,9,0.7,14,18.0,0.8666666666666667,5.0,3.0,7.0,4.0,3.0,8.0,2.0,3.3833333333333333,29.928571428571427,2.2211900210499484,39.0,1.95,13.0,8.0,21.0,True,True,True,27.100562394524705,31.2766226951685,50.13681418389944,68.11881188118812,37.10636548083124,496
UFC on FUEL TV: Silva vs. Stann,2013-03-02,11,0,3,1,5.318181818181818,117,0.5574528709555447,1.1363636363636365,0.5416666666666666,0.41053391053391053,38,0.13636363636363635,3,0.7272727272727273,16,1.0909090909090908,24,21.0,0.4818181818181818,0.0,1.0,3.0,7.0,,,0.0,,,,27.0,1.2272727272727273,0.0,0.0,0.0,True,True,False,42.55663343091516,47.07877564762208,21.29499550129498,,37.03246940490535,497
UFC Fight Night: Fiziev vs. Torres,2026-06-27,13,0,4,2,5.230769230769231,136,0.5450603318250378,0.8461538461538461,0.5076923076923077,0.5001373626373626,53,0.0,0,0.23076923076923078,6,1.6153846153846154,42,18.0,0.7083333333333334,2.0,0.0,2.0,12.0,11.0,15.0,2.0,1.1555555555555554,45.0,3.133254573086377,16.0,0.6153846153846154,5.0,1.0,6.0,True,True,True,39.907315766598344,31.908439291134084,27.29768874872233,94.85148514851485,36.8719170114653,498
UFC Fight Night: Ladd vs. Dumont,2021-10-16,10,0,0,0,7.15,143,0.5548085901027078,1.0,0.5341666666666667,0.5142857142857142,45,0.25,5,0.55,11,1.25,25,8.0,0.7333333333333334,3.0,0.0,1.0,2.0,,,0.0,2.5722222222222224,10.285714285714285,1.6607161250540408,0.0,0.0,0.0,0.0,0.0,True,True,True,47.33067474691185,51.2824566088214,12.211705692745488,28.910891089108908,36.86194031324918,499
UFC Fight Night: Brunson vs. Holland,2021-03-20,10,0,4,2,4.8,96,0.5171988795518208,1.45,0.505,0.4748214285714285,41,0.0,0,0.25,5,0.8,16,27.0,0.7529411764705882,8.0,0.0,4.0,6.0,7.0,10.0,2.0,1.9777777777777776,10.142857142857142,1.6852281484249725,27.0,1.35,9.0,6.0,15.0,True,True,True,44.87832183507779,16.689774567518864,43.79855631332838,30.495049504950494,36.788091745156876,500
UFC Fight Night: Rockhold vs. Branch,2017-09-16,10,0,5,2,5.1,102,0.5764177489177489,1.05,0.5824999999999999,0.5191666666666666,37,0.1,2,0.3,6,0.75,15,12.0,0.6571428571428571,1.0,2.0,5.0,4.0,3.0,9.0,2.0,10.38888888888889,52.21428571428572,1.9892168702513635,31.0,1.55,13.0,7.0,20.0,True,True,True,49.31540849077185,25.322614923637342,26.777897493650016,53.46534653465347,36.76345370204576,501
UFC Fight Night: Cerrone vs. Medeiros,2018-02-18,12,0,7,3,6.375,153,0.45801234440940325,0.6666666666666666,0.43541666666666673,0.344067634363687,56,0.08333333333333333,2,0.5,12,1.3333333333333333,32,37.0,0.6653846153846154,3.0,1.0,4.0,18.0,11.0,15.0,2.0,4.905555555555555,23.785714285714285,1.7331864394391103,31.0,1.2916666666666667,5.0,1.0,6.0,True,True,True,29.35750415786752,42.83401357442267,41.81854400508663,34.45544554455445,36.719840535506385,502
UFC Fight Night: Barboza vs. Murphy,2024-05-18,12,0,3,1,6.0,144,0.4760108784893268,0.6666666666666666,0.45208333333333334,0.4575757575757576,41,0.0,0,0.2916666666666667,7,1.4166666666666667,34,35.0,0.8103448275862069,7.0,0.0,4.0,13.0,12.0,,1.0,0.9055555555555556,10.214285714285714,1.4237792133651468,15.0,0.625,4.0,0.0,4.0,True,True,True,31.75128927304861,30.848550693578673,50.87896798610582,18.019801980198018,36.57733387745576,503
UFC Fight Night: Aspinall vs. Tybura,2023-07-22,15,0,5,2,6.566666666666666,197,0.5483610779199014,0.6666666666666666,0.5333333333333333,0.41063973063973064,57,0.0,0,0.2,6,1.2,36,23.0,0.7401960784313726,2.0,0.0,3.0,6.0,5.0,10.0,2.0,0.5277777777777778,35.07142857142857,3.169554584209137,40.0,1.3333333333333333,11.0,6.0,17.0,True,True,True,41.12215078498669,22.828680383566308,31.70822143429658,95.84158415841584,36.460576048096016,504
UFC Fight Night: Barboza vs. Chikadze,2021-08-28,12,0,2,1,6.125,147,0.40692403865197985,0.75,0.34791666666666665,0.2890151515151515,45,0.041666666666666664,1,0.3333333333333333,8,1.3333333333333333,32,31.0,0.8200000000000001,8.0,0.0,2.0,12.0,9.0,10.0,2.0,2.327777777777777,47.92857142857143,2.805228546593822,13.0,0.5416666666666666,7.0,6.0,13.0,True,True,True,21.926236985071696,32.20941511922171,50.77604878809727,87.92079207920793,36.45170281422368,505
UFC Fight Night: Henderson vs Thatch,2015-02-14,10,0,3,1,4.2,84,0.6383333333333333,1.35,0.6283333333333332,0.30626984126984125,23,0.25,5,0.45,9,0.75,15,14.0,0.875,2.0,5.0,8.0,4.0,,,0.0,2.433333333333333,5.285714285714286,1.2659159856935458,14.0,0.7,0.0,0.0,0.0,True,True,True,36.38091422019088,36.88508519466135,40.0238535214812,12.475247524752476,36.40455541942367,506
UFC Fight Night: Kattar vs. Chikadze,2022-01-15,10,0,6,3,5.95,119,0.3856363081363081,0.75,0.36,0.3049206349206349,24,0.1,2,0.2,4,1.05,21,16.0,0.8333333333333333,7.0,0.0,4.0,5.0,5.0,8.0,2.0,3.8111111111111113,63.0,2.7177033654415625,65.0,3.25,11.0,8.0,19.0,True,True,True,31.55150785337113,28.593625254484095,40.90136233581903,85.54455445544555,36.31664587848746,507
UFC Fight Night: Jacare vs Mousasi,2014-09-05,9,0,3,0,5.111111111111111,92,0.6032968574635241,0.7777777777777778,0.5740740740740741,0.5485449735449736,35,0.05555555555555555,1,0.5,9,1.3333333333333333,24,6.0,0.8333333333333333,4.0,0.0,3.0,3.0,,7.0,1.0,1.3666666666666667,3.357142857142857,0.9068137279323178,29.0,1.6111111111111112,0.0,9.0,9.0,True,True,True,46.68558560733649,41.00414215998152,23.81728367026645,2.9702970297029703,36.21896973549506,508
UFC 69: Shootout,2007-04-07,9,1,0,0,3.5,63,0.5470017636684303,1.8888888888888888,0.5462962962962963,0.43915343915343913,26,0.05555555555555555,1,0.2777777777777778,5,0.3888888888888889,7,16.0,0.7777777777777778,8.0,1.0,2.0,1.0,,,0.0,,,,0.0,0.0,0.0,0.0,0.0,False,True,False,53.03673382787076,15.054714919120789,31.348403339528247,,36.192519223986295,509
UFC Fight Night: Royval vs. Kape,2025-12-13,12,0,4,1,6.208333333333333,149,0.4324034992784993,0.7083333333333334,0.41041666666666665,0.3585851648351648,50,0.041666666666666664,1,0.5,12,1.5,36,20.0,0.6515151515151515,2.0,1.0,3.0,8.0,2.0,6.0,2.0,2.4722222222222223,45.28571428571429,2.684105620507902,26.0,1.0833333333333333,14.0,10.0,24.0,True,True,True,28.103723910298186,40.88574859107821,34.79320063350635,85.14851485148515,36.15831264451499,510
UFC Fight Night: Saint Preux vs. Okami,2017-09-22,10,0,4,1,5.45,109,0.4274286824286825,0.35,0.375,0.42565934065934063,31,0.2,4,0.5,10,0.9,18,31.0,0.6688034188034189,1.0,2.0,7.0,3.0,6.0,,1.0,1.4555555555555555,28.85714285714285,2.759771283471901,48.0,2.4,10.0,0.0,10.0,True,True,True,29.936619920458856,39.63875127583164,32.951861336553044,86.73267326732673,36.1065278514737,511
UFC Fight Night: Holm vs. Correia,2017-06-17,12,0,6,2,6.5,156,0.38623511904761904,0.5,0.3236111111111111,0.40838675213675213,46,0.5,12,0.875,21,1.0416666666666667,25,13.0,0.5833333333333333,0.0,4.0,4.0,2.0,5.0,11.0,2.0,8.905555555555555,25.214285714285715,1.4473143671463848,41.0,1.7083333333333333,11.0,5.0,16.0,True,True,True,30.642364264237674,63.47810021063296,22.935309222717315,19.00990099009901,35.957558574673456,512
UFC - Ultimate Japan,1997-12-21,7,2,0,0,2.0714285714285716,29,0.35119047619047616,0.5714285714285714,0.34404761904761905,0.39285714285714285,17,0.21428571428571427,3,0.42857142857142855,6,0.0,0,5.0,1.0,5.0,2.0,2.0,0.0,,,0.0,,,,0.0,0.0,0.0,0.0,0.0,False,False,False,30.243997764215607,39.97768616366217,40.15026378785663,,35.933789245219764,513
UFC Fight Night: Magny vs. Ponzinibbio,2018-11-17,12,0,5,2,5.625,135,0.49649665636507745,1.2083333333333333,0.5097222222222222,0.36402116402116397,42,0.041666666666666664,1,0.125,3,0.7916666666666666,19,29.0,0.7684210526315789,8.0,0.0,2.0,6.0,8.0,10.0,2.0,0.3222222222222222,32.42857142857143,3.2994115448829278,26.0,1.0833333333333333,8.0,6.0,14.0,True,True,True,37.33077128167546,13.915970867964285,41.825640244209474,97.02970297029702,35.81047845143895,514
UFC Fight Night: Dern vs. Hill,2023-05-20,12,0,2,1,7.208333333333333,173,0.48278037548870883,0.8333333333333334,0.43402777777777785,0.4755329161579162,46,0.041666666666666664,1,0.3333333333333333,8,1.2916666666666667,31,32.0,0.5772727272727273,2.0,0.0,3.0,6.0,8.0,14.0,2.0,1.761111111111111,33.92857142857143,2.5031015832326906,10.0,0.4166666666666667,8.0,2.0,10.0,True,True,True,38.90153409705125,31.148594751470654,28.255511461595777,79.60396039603961,35.80461378496888,515
UFC Fight Night: Manuwa vs. Anderson,2017-03-18,11,0,4,1,4.818181818181818,106,0.5744089244089244,1.0454545454545454,0.5568181818181819,0.5696969696969697,41,0.0,0,0.13636363636363635,3,1.1363636363636365,25,15.0,0.7321428571428572,2.0,0.0,1.0,3.0,4.0,6.0,2.0,0.6111111111111112,37.57142857142857,3.0027020945816822,30.0,1.3636363636363635,12.0,10.0,22.0,True,True,True,49.63388439442605,19.425700334008557,21.64620258157174,91.48514851485149,35.77809704148665,516
UFC 108: Evans vs Silva,2010-01-02,10,0,0,0,3.65,73,0.5082539682539683,0.85,0.48250000000000004,0.48583333333333323,34,0.1,2,0.5,10,0.95,19,16.0,0.8611111111111112,1.0,2.0,5.0,3.0,,,0.0,,,,0.0,0.0,0.0,0.0,0.0,False,True,False,36.79878331940188,36.00076348383498,33.983207093004545,,35.699648764864065,517
UFC Fight Night: Korean Zombie vs. Rodriguez,2018-11-10,12,0,5,2,4.666666666666667,112,0.4942956349206349,0.4583333333333333,0.4611111111111111,0.3958333333333333,43,0.16666666666666666,4,0.5416666666666666,13,1.25,30,12.0,0.8285714285714285,1.0,1.0,5.0,9.0,10.0,15.0,2.0,3.1944444444444446,37.57142857142857,2.2424603827194054,34.0,1.4166666666666667,6.0,1.0,7.0,True,True,True,26.92051969821532,46.67275489552014,32.379774801374296,70.0990099009901,35.65527953862796,518
UFC Fight Night: Maia vs Shields,2013-10-09,10,0,4,1,6.25,125,0.4856872294372295,1.2,0.4325,0.364186507936508,40,0.1,2,0.4,8,0.95,19,22.0,0.675,4.0,2.0,3.0,4.0,4.0,,1.0,,,,38.0,1.9,12.0,0.0,12.0,True,True,False,41.30760681430362,32.399533795648765,30.81540125262268,,35.65004900044257,519
UFC Fight Night: Pettis vs. Moreno,2017-08-05,12,0,4,1,4.75,114,0.5443181818181818,0.6666666666666666,0.5180555555555556,0.43407738095238085,33,0.125,3,0.5,12,0.6666666666666666,16,11.0,0.875,6.0,0.0,0.0,4.0,6.0,7.0,2.0,1.4,29.57142857142857,2.719635674040221,30.0,1.25,10.0,9.0,19.0,True,True,True,34.65349070913546,31.12808990871994,32.39168359477981,85.74257425742574,35.648052552139404,520
UFC on FOX: Lawler vs Brown,2014-07-26,12,0,8,3,4.833333333333333,116,0.3934110147248692,1.0416666666666667,0.3833333333333333,0.3297032828282828,43,0.041666666666666664,1,0.3333333333333333,8,1.2083333333333333,29,28.0,0.7165775401069518,8.0,1.0,2.0,6.0,1.0,5.0,2.0,2.677777777777778,7.071428571428571,1.157204178999057,68.0,2.8333333333333335,15.0,11.0,26.0,True,True,True,34.56276087043368,29.38056080521888,46.81924197224828,7.524752475247524,35.592254764915054,521
UFC Fight Night: Machida vs Munoz,2013-10-26,12,0,2,0,4.875,117,0.5608433233433233,0.7916666666666666,0.5361111111111111,0.35797709235209235,40,0.16666666666666666,4,0.5,12,0.8333333333333334,20,26.0,0.7303030303030302,1.0,4.0,7.0,5.0,,5.0,1.0,,,,22.0,0.9166666666666666,0.0,11.0,11.0,True,True,False,31.575029648905772,37.07760283373012,39.50423485150429,,35.527034761522245,522
Ortiz vs Shamrock 3: The Final Chapter,2006-10-10,9,0,0,0,2.611111111111111,47,0.41759259259259257,0.5,0.39814814814814814,0.287037037037037,19,0.5555555555555556,10,1.1111111111111112,20,0.2222222222222222,4,28.0,0.675,3.0,9.0,19.0,1.0,,,0.0,,,,0.0,0.0,0.0,0.0,0.0,False,True,False,10.344986002202498,55.09779782556466,52.16925197241531,,35.32970468315448,523
UFC 81: Breaking Point,2008-02-02,9,1,0,0,4.0,72,0.38114478114478106,0.5555555555555556,0.37407407407407406,0.36419753086419754,25,0.6666666666666666,12,0.5555555555555556,10,0.4444444444444444,8,13.0,0.875,2.0,8.0,5.0,0.0,,,0.0,,,,0.0,0.0,0.0,0.0,0.0,False,True,False,22.68705425138706,48.05057034999259,41.49719660518836,,35.30170870485208,524
UFC on FX: Belfort vs Bisping,2013-01-19,11,0,0,0,4.863636363636363,107,0.4590812485197511,0.6363636363636364,0.4303030303030303,0.31260406260406265,40,0.18181818181818182,4,0.5909090909090909,13,0.9545454545454546,21,32.0,0.7156862745098038,1.0,3.0,11.0,5.0,,,0.0,,,,0.0,0.0,0.0,0.0,0.0,False,True,False,21.020562167469386,42.73821819766067,47.514166837047135,,35.102136281596906,525
UFC Fight Night: Tsarukyan vs. Gamrot,2022-06-25,12,0,4,2,5.25,126,0.5723137973137974,1.2083333333333333,0.592361111111111,0.3885051169590643,34,0.0,0,0.16666666666666666,4,1.1666666666666667,28,10.0,0.7916666666666667,8.0,0.0,0.0,6.0,11.0,12.0,2.0,0.6333333333333333,49.71428571428572,3.478746441459699,16.0,0.6666666666666666,5.0,4.0,9.0,True,True,True,40.014634978299,21.21212121212121,28.727028732090115,98.8118811881188,34.86758697338288,526
The Ultimate Fighter: Team Edgar vs. Team Penn Finale,2014-07-06,11,0,2,0,2.272727272727273,50,0.20367965367965368,0.22727272727272727,0.1712121212121212,0.19166666666666668,18,0.8181818181818182,18,0.8181818181818182,18,0.6363636363636364,14,37.0,0.6571428571428571,1.0,18.0,18.0,13.0,3.0,,1.0,5.055555555555555,24.071428571428573,1.16650132852186,16.0,0.7272727272727273,13.0,0.0,13.0,True,True,True,3.8115734852890504,58.881012509161415,60.7159011297903,7.920792079207921,34.85569246430346,527
UFC 42: Sudden Impact,2003-04-25,8,1,0,0,1.625,26,0.35714285714285715,0.875,0.35,0.375,17,0.3125,5,0.1875,3,0.0,0,10.0,0.9285714285714286,7.0,4.0,1.0,0.0,,,0.0,,,,0.0,0.0,0.0,0.0,0.0,False,False,False,25.269813741363045,34.830061028293514,47.380874822066616,,34.768108631830096,528
UFC Fight Night: Lemos vs. Andrade,2022-04-23,11,0,2,0,6.2272727272727275,137,0.3654536435786436,0.7272727272727273,0.3363636363636365,0.42046482928835877,39,0.18181818181818182,4,0.2727272727272727,6,1.4090909090909092,31,25.0,0.7250000000000001,5.0,4.0,2.0,9.0,10.0,,1.0,2.833333333333333,19.285714285714285,1.2901956350912678,8.0,0.36363636363636365,6.0,0.0,6.0,True,True,True,26.873898059676332,41.59493616759431,42.86429631931331,13.861386138613863,34.700651468493795,529
UFC Fight Night: Maynard vs Diaz,2010-01-11,11,0,0,0,2.909090909090909,64,0.5501581751581752,1.1363636363636365,0.5257575757575758,0.42424242424242425,24,0.0,0,0.22727272727272727,5,0.9090909090909091,20,15.0,0.875,7.0,0.0,2.0,7.0,,,0.0,,,,0.0,0.0,0.0,0.0,0.0,False,True,False,39.54546962278921,17.994097546400607,42.08402039851969,,34.675703531865,530
UFC 143: Diaz vs Condit,2012-02-04,11,1,0,0,4.363636363636363,96,0.5237082893183371,1.0454545454545454,0.4984848484848485,0.3996753246753247,38,0.045454545454545456,1,0.2727272727272727,6,0.8636363636363636,19,14.0,0.7333333333333334,7.0,0.0,3.0,5.0,,,0.0,,,,0.0,0.0,0.0,0.0,0.0,False,True,False,44.28344998438074,21.899038006349617,32.19860073911011,,34.57654707060288,531
UFC on FOX: VanZant vs. Waterson,2016-12-17,13,0,5,2,4.846153846153846,126,0.6005001408847563,0.7307692307692307,0.5512820512820513,0.5086538461538462,47,0.19230769230769232,5,0.23076923076923078,6,0.8846153846153846,23,6.0,0.9,2.0,0.0,1.0,2.0,7.0,11.0,2.0,6.038888888888889,48.14285714285714,2.228881079170882,28.0,1.0769230769230769,9.0,5.0,14.0,True,True,True,43.3231275349325,29.953913613894883,20.907575941230537,69.10891089108911,34.54544774437034,532
UFC 93: Franklin vs Henderson,2009-01-17,10,0,0,0,4.3,86,0.3348088023088023,0.35,0.3291666666666667,0.43702380952380954,38,0.55,11,0.75,15,0.5,10,17.0,0.7166666666666667,3.0,7.0,8.0,1.0,,,0.0,,,,0.0,0.0,0.0,0.0,0.0,False,True,False,19.37359856174289,51.19047752684295,40.36668926606112,,34.375858511817086,533
UFC Fight Night: Brunson vs. Shahbazyan,2020-08-01,8,0,5,2,6.0,96,0.4387164051226551,0.9375,0.40937500000000004,0.3205492424242424,32,0.0,0,0.1875,3,1.125,18,20.0,0.84375,6.0,0.0,3.0,3.0,8.0,9.0,2.0,1.1944444444444444,46.07142857142857,3.1250739949765185,43.0,2.6875,8.0,7.0,15.0,True,True,True,34.0034315623719,20.747416356542487,36.20214248407616,94.45544554455445,34.371641736534954,534
UFC 5: The Return of the Beast,1995-04-07,10,0,0,0,1.45,29,0.5108333333333334,1.15,0.5108333333333334,0.55,26,0.0,0,0.25,5,0.0,0,10.0,1.0,10.0,0.0,2.0,0.0,,,0.0,,,,0.0,0.0,0.0,0.0,0.0,False,False,False,42.280065411508716,11.067193675889328,43.19549874584051,,34.35523600771365,535
UFC 27: Ultimate Bad Boyz,2000-09-22,8,0,0,0,2.625,42,0.36979166666666663,0.625,0.3729166666666667,0.4270833333333333,21,0.375,6,0.625,10,0.0,0,17.0,0.775,0.0,2.0,6.0,0.0,,,0.0,,,,0.0,0.0,0.0,0.0,0.0,False,False,False,19.185159017633246,59.59441206022292,33.4254181329822,,34.316096907372305,536
UFC Fight Night: Rozenstruik vs. Gaziev,2024-03-02,11,0,6,2,4.863636363636363,107,0.5429752066115703,0.9545454545454546,0.5022727272727272,0.4411255411255412,40,0.045454545454545456,1,0.36363636363636365,8,1.0,22,13.0,0.7916666666666667,1.0,0.0,5.0,4.0,12.0,,1.0,0.9666666666666668,20.642857142857142,2.622006010845247,35.0,1.5909090909090908,4.0,0.0,4.0,True,True,True,41.56589765059006,27.410086005559474,22.023934842907277,83.16831683168317,34.24447685608223,537
UFC Fight Night: Teixeira vs Saint Preux,2015-08-08,13,0,10,3,3.8076923076923075,99,0.508960270498732,0.9615384615384616,0.49487179487179483,0.4112179487179487,35,0.07692307692307693,2,0.23076923076923078,6,0.5,13,14.0,0.7857142857142857,2.0,1.0,4.0,4.0,4.0,6.0,2.0,0.7611111111111111,43.785714285714285,3.234286303453926,68.0,2.6153846153846154,12.0,10.0,22.0,True,True,True,39.978808361223436,15.847660894515277,31.50088696479344,96.43564356435644,34.22548683577405,538
UFC Fight Night: Lineker vs. Dodson,2016-10-01,12,0,5,1,4.583333333333333,110,0.40330387205387214,0.7083333333333334,0.38958333333333334,0.4124007936507937,37,0.125,3,0.4583333333333333,11,0.7916666666666666,19,20.0,0.797979797979798,6.0,2.0,3.0,7.0,3.0,10.0,2.0,1.2333333333333332,6.0,1.510267858633532,35.0,1.4583333333333333,13.0,6.0,19.0,True,True,True,27.55280042228665,32.79701456516074,45.91719228630745,22.574257425742577,34.12424436738421,539
UFC Fight Night: Maia vs. Askren,2019-10-26,11,0,4,2,6.181818181818182,136,0.5145644759281122,0.8636363636363636,0.4696969696969697,0.3676111767020858,34,0.09090909090909091,2,0.36363636363636365,8,1.0454545454545454,23,32.0,0.6,2.0,2.0,5.0,7.0,10.0,11.0,2.0,12.1,38.35714285714286,1.677419140506148,16.0,0.7272727272727273,6.0,5.0,11.0,True,True,True,32.95539422060464,32.94667294106523,37.38202157165769,29.7029702970297,34.11858090985696,540
UFC Fight Night: Machida vs Mousasi,2014-02-15,12,0,3,0,3.25,78,0.5534722222222221,0.625,0.5263888888888889,0.40277777777777785,27,0.16666666666666666,4,0.2916666666666667,7,0.7083333333333334,17,17.0,0.875,2.0,4.0,7.0,5.0,4.0,,1.0,10.155555555555557,50.785714285714285,2.1868579698157014,26.0,1.0833333333333333,12.0,0.0,12.0,True,True,True,27.76001219416379,27.01140987903092,43.14992899574194,66.13861386138615,34.108766739215135,541
UFC Fight Night: Makhachev vs. Moises,2021-07-17,10,0,4,1,5.45,109,0.4925536616161616,0.85,0.4666666666666667,0.45583333333333337,33,0.15,3,0.3,6,1.05,21,15.0,0.7777777777777777,10.0,0.0,0.0,1.0,9.0,14.0,2.0,1.4222222222222225,34.714285714285715,2.709252219206764,15.0,0.75,7.0,2.0,9.0,True,True,True,34.26644249696472,34.316119191401974,24.82663923396759,85.34653465346534,34.000925299499926,542
UFC Fight Night: Kape vs. Almabayev,2025-03-01,10,0,3,1,6.1,122,0.6820161782661782,1.75,0.6583333333333334,0.44375,30,0.0,0,0.0,0,1.05,21,12.0,0.8125,5.0,0.0,0.0,2.0,6.0,8.0,2.0,0.9222222222222224,3.928571428571429,1.3682934274730207,22.0,1.1,10.0,8.0,18.0,True,True,True,54.68011651043593,14.592173503064593,25.244647145186125,16.435643564356436,33.915266301714176,543
UFC 72: Victory,2007-06-16,8,0,0,0,2.6875,43,0.45572916666666663,0.625,0.4468749999999999,0.5639880952380952,20,0.25,4,0.25,4,0.6875,11,12.0,0.9375,5.0,4.0,4.0,0.0,,,0.0,,,,0.0,0.0,0.0,0.0,0.0,False,True,False,30.40923655614377,29.018025196736087,42.54125364467225,,33.87429159478232,544
UFC Fight Night: Garcia vs. Onama,2025-11-01,13,0,5,2,4.846153846153846,126,0.592408659716352,1.1923076923076923,0.5961538461538461,0.39438339438339437,33,0.0,0,0.11538461538461539,3,0.46153846153846156,12,17.0,0.7638888888888888,10.0,0.0,0.0,6.0,12.0,13.0,2.0,0.3722222222222222,56.07142857142857,3.7504785785515966,39.0,1.5,4.0,3.0,7.0,True,True,True,45.58956870569597,5.457440153953283,30.872576288247725,100.0,33.86196040724103,545
UFC 128: Shogun vs Jones,2011-03-19,12,1,0,0,4.5,108,0.46179318366818367,0.875,0.47500000000000003,0.41289682539682543,44,0.125,3,0.4583333333333333,11,0.6666666666666666,16,12.0,0.7285714285714285,4.0,2.0,4.0,5.0,,,0.0,,,,0.0,0.0,0.0,0.0,0.0,False,True,False,37.865393489004646,29.59097967595753,32.07517697864908,,33.85942674545891,546
UFC Fight Night: Condit vs Alves,2015-05-30,12,0,7,3,4.583333333333333,110,0.4133572567783094,0.625,0.3770833333333334,0.2821530321530321,36,0.125,3,0.25,6,1.0416666666666667,25,29.0,0.6421052631578947,2.0,3.0,6.0,10.0,4.0,12.0,2.0,3.888888888888889,31.071428571428573,2.087738684626033,50.0,2.0833333333333335,12.0,4.0,16.0,True,True,True,23.318434126804075,30.901234925084932,46.059728823171504,59.603960396039604,33.850799048746296,547
UFC Fight Night: Swanson vs. Ortega,2017-12-09,13,0,5,2,3.923076923076923,102,0.47601437024513954,0.7307692307692307,0.4519230769230769,0.3414529914529914,28,0.07692307692307693,2,0.15384615384615385,4,0.6538461538461539,17,18.0,0.8846153846153846,8.0,0.0,3.0,8.0,4.0,6.0,2.0,2.111111111111111,46.07142857142857,2.9010825443045483,40.0,1.5384615384615385,12.0,10.0,22.0,True,True,True,26.06561781608258,15.502502155038846,49.8680548321201,90.2970297029703,33.77714059997729,548
UFC 15: Collision Course,1997-10-17,7,1,0,0,2.0714285714285716,29,0.5675324675324676,0.9285714285714286,0.5571428571428572,0.5714285714285714,20,0.07142857142857142,1,0.2857142857142857,4,0.0,0,12.0,0.7727272727272727,1.0,1.0,3.0,0.0,,,0.0,,,,0.0,0.0,0.0,0.0,0.0,False,False,False,50.95194100854186,21.084425079070932,21.40507660965062,,33.761479637978596,549
UFC Fight Night: Moicano vs. Saint Denis,2024-09-28,14,0,5,2,5.785714285714286,162,0.681172052154195,1.4285714285714286,0.6648809523809526,0.4578463203463203,55,0.0,0,0.2857142857142857,8,0.6428571428571429,18,23.0,0.7008928571428572,3.0,0.0,1.0,6.0,11.0,12.0,2.0,1.1333333333333335,10.428571428571429,1.3597033016612268,30.0,1.0714285714285714,5.0,4.0,9.0,True,True,True,55.26788732224342,13.704600273691964,24.780428984551236,15.841584158415841,33.75951290060652,550
UFC Fight Night: Reyes vs. Prochazka,2021-05-01,11,0,7,3,5.863636363636363,129,0.48297608823924615,1.0,0.45,0.23888888888888885,24,0.09090909090909091,2,0.2727272727272727,6,0.9545454545454546,21,9.0,0.875,1.0,2.0,2.0,3.0,3.0,5.0,2.0,3.783333333333333,44.57142857142857,2.6074449657258163,35.0,1.5909090909090908,13.0,11.0,24.0,True,True,True,32.874271562056755,28.142838520356083,31.418548720406303,82.57425742574257,33.73969574232074,551
UFC 78: Validation,2007-11-17,9,0,0,0,3.111111111111111,56,0.5701058201058201,1.2222222222222223,0.5685185185185185,0.5916666666666667,28,0.0,0,0.2222222222222222,4,0.6666666666666666,12,10.0,1.0,4.0,0.0,1.0,2.0,,,0.0,,,,0.0,0.0,0.0,0.0,0.0,False,True,False,51.42653146519126,12.187523100136099,27.689125856437983,,33.60445380846519,552
UFC Fight Night: Hermansson vs. Cannonier,2019-09-28,13,0,4,2,5.653846153846154,147,0.4135675727780991,0.6923076923076923,0.3852564102564103,0.438535076035076,58,0.038461538461538464,1,0.38461538461538464,10,1.3461538461538463,35,18.0,0.6666666666666667,6.0,0.0,1.0,4.0,5.0,9.0,2.0,0.5277777777777778,52.285714285714285,3.5793846963600844,27.0,1.0384615384615385,11.0,7.0,18.0,True,True,True,30.731756270986455,32.8062012110126,27.005528570781838,99.20792079207921,33.55630742198625,553
UFC Fight Night: Gustafsson vs. Smith,2019-06-01,12,0,5,2,4.208333333333333,101,0.3973575036075036,0.5833333333333334,0.3729166666666666,0.3051587301587302,31,0.20833333333333334,5,0.5416666666666666,13,0.875,21,26.0,0.6515151515151515,0.0,4.0,10.0,9.0,2.0,4.0,2.0,1.477777777777778,1.8571428571428568,0.8575695878609912,38.0,1.5833333333333333,14.0,12.0,26.0,True,True,True,19.021919064698345,40.69393212981839,51.91528896005694,2.376237623762376,33.47564922753914,554
UFC Fight Night: Bader vs. Nogueira,2016-11-19,12,0,6,1,5.416666666666667,130,0.5774209495426601,0.875,0.5645833333333333,0.4080627705627706,40,0.08333333333333333,2,0.3333333333333333,8,0.9166666666666666,22,28.0,0.6461988304093567,2.0,0.0,4.0,5.0,4.0,,1.0,1.761111111111111,6.285714285714286,1.0398523786494078,41.0,1.7083333333333333,12.0,0.0,12.0,True,True,True,43.3934898375282,28.358528758860363,28.575264309473084,5.346534653465347,33.286934150241564,555
UFC Fight Night: Evloev vs. Murphy,2026-03-21,13,0,4,1,3.576923076923077,93,0.4895463510848126,1.5,0.48910256410256403,0.35982905982905977,28,0.0,0,0.19230769230769232,5,0.6153846153846154,16,19.0,1.0,18.0,0.0,2.0,4.0,1.0,3.0,2.0,2.1333333333333337,23.785714285714285,1.4901345058208475,36.0,1.3846153846153846,15.0,13.0,28.0,True,True,True,35.517579706991576,10.001962929212176,51.40950808101359,21.584158415841586,33.20958296019583,556
UFC 22: Only One Can be Champion,1999-09-24,8,1,0,0,1.3125,21,0.265625,0.625,0.265625,0.3125,11,0.3125,5,0.3125,5,0.0,0,8.0,0.875,7.0,4.0,4.0,0.0,,,0.0,,,,0.0,0.0,0.0,0.0,0.0,False,False,False,14.754764450540563,41.51649054080999,50.8712567754503,,33.20253205058296,557
UFC Fight Night: Henderson vs Masvidal,2015-11-28,11,0,1,0,3.590909090909091,79,0.4822954822954823,0.6363636363636364,0.4696969696969697,0.3634986225895317,18,0.22727272727272727,5,0.5,11,0.7727272727272727,17,21.0,0.7596153846153846,2.0,5.0,9.0,6.0,,,0.0,3.022222222222222,30.5,2.266922135783956,9.0,0.4090909090909091,0.0,0.0,0.0,True,True,True,18.2297015653235,38.16993652661615,42.387260016225845,72.07920792079207,33.154503158690794,558
UFC 131: Dos Santos vs Carwin,2011-06-11,12,0,0,0,3.7083333333333335,89,0.5096500721500722,0.7916666666666666,0.49722222222222223,0.3682855339105339,39,0.20833333333333334,5,0.375,9,1.0833333333333333,26,11.0,0.9,6.0,2.0,1.0,3.0,,,0.0,,,,0.0,0.0,0.0,0.0,0.0,False,True,False,27.198168345075565,39.27832473056915,35.89333750275336,,33.12299975947213,559
The Ultimate Fighter: Team Joanna vs. Team Cláudia Finale,2016-07-08,12,1,3,1,4.208333333333333,101,0.47124669312169315,0.75,0.4444444444444445,0.26106902356902356,28,0.25,6,0.3333333333333333,8,0.7083333333333334,17,8.0,0.8333333333333333,6.0,3.0,1.0,2.0,0.0,1.0,2.0,18.46111111111111,44.14285714285714,1.1996668430925568,41.0,1.7083333333333333,16.0,15.0,31.0,True,True,True,30.178873437690864,32.21399696782624,41.53528451622431,9.900990099009901,33.080683476850695,560
UFC Fight Night: Dern vs. Yan,2022-10-01,11,0,3,1,7.545454545454546,166,0.4909093684093684,0.8636363636363636,0.4674242424242425,0.5011560409287683,50,0.0,0,0.22727272727272727,5,1.0454545454545454,23,17.0,0.7638888888888888,1.0,0.0,1.0,3.0,5.0,6.0,2.0,3.588888888888889,29.78571428571429,2.166183231059002,25.0,1.1363636363636365,11.0,10.0,21.0,True,True,True,45.016221314387614,20.987968362053596,21.965289408153588,64.55445544554456,33.07079021099175,561
UFC Macao: Franklin vs Le,2012-11-10,9,0,0,0,4.555555555555555,82,0.39243827160493827,0.3333333333333333,0.35370370370370374,0.38660968660968664,26,0.2777777777777778,5,0.7777777777777778,14,0.7222222222222222,13,20.0,0.6111111111111112,2.0,5.0,11.0,4.0,,,0.0,,,,0.0,0.0,0.0,0.0,0.0,False,True,False,17.516850429221563,47.00000553716651,41.299805844315166,,32.78598243081559,562
UFC Fight Night: Thomas vs Florian,2007-09-19,9,0,0,0,3.4444444444444446,62,0.5238095238095237,1.0,0.5259259259259259,0.6287037037037037,27,0.1111111111111111,2,0.16666666666666666,3,0.7222222222222222,13,14.0,0.7142857142857143,6.0,1.0,1.0,4.0,,,0.0,,,,0.0,0.0,0.0,0.0,0.0,False,True,False,45.5108366835171,20.512742244974817,26.021124097138113,,32.7777446987284,563
UFC Fight Night: Cyborg vs. Lansberg,2016-09-24,13,0,5,2,5.769230769230769,150,0.5293356404781744,0.8846153846153846,0.5108974358974359,0.5145604395604395,52,0.2692307692307692,7,0.6538461538461539,17,1.2307692307692308,32,1.0,0.5,1.0,0.0,0.0,0.0,,,0.0,1.3055555555555556,23.642857142857142,1.6791946445851351,24.0,0.9230769230769231,0.0,0.0,0.0,True,True,True,43.403783153128266,53.8797513752518,1.2951820411047958,29.9009900990099,32.715055222346194,564
UFC Fight Night: Edwards vs. Muhammad,2021-03-13,13,0,6,2,6.346153846153846,165,0.4827152014652014,0.9230769230769231,0.5038461538461539,0.3424381174381174,41,0.0,0,0.23076923076923078,6,0.8461538461538461,22,24.0,0.7916666666666667,12.0,0.0,2.0,3.0,3.0,13.0,2.0,4.094444444444444,26.642857142857142,1.89103876982168,35.0,1.3461538461538463,13.0,3.0,16.0,True,True,True,35.965092500815835,17.080527928569254,39.3066719270221,44.15841584158416,32.656091352654485,565
UFC Fight Night: Henderson vs Dos Anjos,2014-08-23,11,0,5,2,4.2727272727272725,94,0.4439094995913177,0.7272727272727273,0.4257575757575758,0.30050505050505055,28,0.2727272727272727,6,0.36363636363636365,8,0.4090909090909091,9,25.0,0.7833333333333333,3.0,5.0,7.0,5.0,1.0,5.0,2.0,1.7111111111111112,1.857142857142857,0.7606296324437232,34.0,1.5454545454545454,15.0,11.0,26.0,True,True,True,22.44383664550134,29.313756660882742,54.06227480691565,1.188118811881188,32.584062206089975,566
UFC Fight Night: Dern vs. Rodriguez,2021-10-09,9,0,4,2,4.888888888888889,88,0.4755651755651756,1.0,0.4574074074074074,0.3720899470899471,21,0.05555555555555555,1,0.1111111111111111,2,0.8888888888888888,16,14.0,0.8285714285714285,6.0,0.0,1.0,4.0,4.0,6.0,2.0,0.5277777777777778,23.928571428571427,2.738082220059514,34.0,1.8888888888888888,12.0,10.0,22.0,True,True,True,33.384328868210055,18.55053033917211,33.964035284145574,86.13861386138613,32.48750541039003,567
UFC Fight Night: Moreno vs. Kavanagh,2026-02-28,13,0,5,2,5.653846153846154,147,0.35600127625014505,0.4230769230769231,0.3262820512820512,0.3162629037629037,39,0.2692307692307692,7,0.4230769230769231,11,1.2307692307692308,32,22.0,0.6568627450980392,0.0,6.0,5.0,7.0,6.0,,1.0,1.3333333333333333,5.285714285714286,1.4411392902169182,40.0,1.5384615384615385,10.0,0.0,10.0,True,True,True,21.677512848080706,46.962755327820965,37.124579677439286,18.613861386138613,32.47976094372624,568
UFC Fight Night: Bermudez vs. The Korean Zombie,2017-02-04,12,0,5,0,3.9166666666666665,94,0.5741341991341992,0.6666666666666666,0.5583333333333333,0.3992063492063492,32,0.08333333333333333,2,0.25,6,0.8333333333333334,20,16.0,0.75,2.0,1.0,2.0,9.0,9.0,,1.0,1.5444444444444445,27.428571428571427,2.6152012758630256,42.0,1.75,7.0,0.0,7.0,True,True,True,34.888030005910686,24.172457977869225,27.577332175217403,82.97029702970296,32.42004100088195,569
UFC Fight Night: Maia vs LaFlare,2015-03-21,12,0,3,1,4.291666666666667,103,0.43707358674463936,0.8333333333333334,0.4069444444444444,0.4543803418803419,37,0.08333333333333333,2,0.20833333333333334,5,0.875,21,23.0,0.8421052631578947,5.0,1.0,2.0,5.0,7.0,14.0,2.0,0.9388888888888888,21.714285714285715,2.4804972174038467,18.0,0.75,9.0,2.0,11.0,True,True,True,28.28624537947252,23.447509706644585,37.41374870482657,79.00990099009901,32.350995239403076,570
UFC Fight Night: Taira vs. Park,2025-08-02,12,0,3,1,5.583333333333333,134,0.5938777215431628,0.5833333333333334,0.5583333333333333,0.45770202020202017,41,0.0,0,0.25,6,1.0833333333333333,26,10.0,0.9285714285714286,3.0,0.0,2.0,5.0,6.0,,1.0,0.5055555555555555,37.57142857142857,2.1765703263023832,20.0,0.8333333333333334,10.0,0.0,10.0,True,True,True,37.35361268158716,22.37105698147455,28.42406440711141,65.74257425742574,32.34855735300821,571
UFC Fight Night: Marreta vs. Anders,2018-09-22,14,0,2,0,7.785714285714286,218,0.4543437949342417,0.5714285714285714,0.39761904761904765,0.45771232735518447,75,0.25,7,0.4642857142857143,13,1.75,49,19.0,0.7083333333333333,2.0,0.0,1.0,4.0,,,0.0,1.7055555555555555,4.0,1.028576435231919,5.0,0.17857142857142858,0.0,0.0,0.0,True,True,True,31.99371976940846,56.69318401696594,16.50954437966178,4.9504950495049505,32.17117197837865,572
UFC Fight Night: Shevchenko vs. Carmouche 2,2019-08-10,13,1,8,3,4.115384615384615,107,0.45134587634587636,0.7307692307692307,0.4358974358974359,0.27554945054945057,34,0.19230769230769232,5,0.23076923076923078,6,0.6538461538461539,17,17.0,0.6527777777777778,5.0,4.0,4.0,3.0,0.0,3.0,2.0,1.5944444444444446,4.142857142857142,1.169393302273296,65.0,2.5,16.0,13.0,29.0,True,True,True,32.71864710461934,24.437647701589373,41.67923452551531,8.514851485148515,32.1263836991571,573
UFC Fight Night: McDonald vs. Lineker,2016-07-13,12,0,5,1,4.458333333333333,107,0.430239898989899,1.0,0.4131944444444444,0.4903935185185185,44,0.041666666666666664,1,0.125,3,1.125,27,18.0,0.775,5.0,1.0,1.0,8.0,5.0,8.0,2.0,25.30555555555556,29.642857142857142,0.9976149713719392,39.0,1.625,11.0,8.0,19.0,True,True,True,38.71826441171125,20.58735229182096,37.456910433277876,4.356435643564356,32.089038749801325,574
UFC Fight Night: Bigfoot vs Arlovski,2014-09-13,11,0,4,1,5.136363636363637,113,0.518211334120425,0.7272727272727273,0.4606060606060605,0.3776662731208185,32,0.2727272727272727,6,0.36363636363636365,8,0.45454545454545453,10,20.0,0.6166666666666667,4.0,6.0,7.0,2.0,4.0,14.0,2.0,1.7666666666666666,5.785714285714286,1.3067932481314104,29.0,1.3181818181818181,12.0,2.0,14.0,True,True,True,31.157069241191262,29.71451102203314,38.17079746210925,14.257425742574256,32.05556597774628,575
UFC Fight Night: Strickland vs. Magomedov,2023-07-01,12,0,5,2,5.291666666666667,127,0.644510582010582,0.7083333333333334,0.6041666666666667,0.4223713786213786,35,0.08333333333333333,2,0.5,12,0.6666666666666666,16,19.0,0.8611111111111112,2.0,0.0,4.0,2.0,7.0,,1.0,,,,17.0,0.7083333333333334,9.0,0.0,9.0,True,True,False,37.88335705269962,28.38328278705822,27.307451779170144,,32.04357794904784,576
UFC 170: Rousey vs McMann,2014-02-22,11,1,9,3,3.5454545454545454,78,0.5331678125795773,0.7272727272727273,0.5416666666666666,0.3420454545454546,28,0.13636363636363635,3,0.13636363636363635,3,0.6363636363636364,14,3.0,1.0,3.0,2.0,1.0,2.0,0.0,4.0,2.0,1.988888888888889,2.4285714285714284,0.8875721192662641,94.0,4.2727272727272725,16.0,12.0,28.0,True,True,True,41.28811555662961,18.600058210660993,35.545724812158916,2.7722772277227725,31.967592080350908,577
UFC Fight Night: Rothwell vs Dos Santos,2016-04-10,13,0,2,0,3.8076923076923075,99,0.3904512154512154,0.5384615384615384,0.3403846153846154,0.4863053613053613,47,0.19230769230769232,5,0.34615384615384615,9,0.7307692307692307,19,23.0,0.7261904761904762,4.0,4.0,6.0,8.0,4.0,,1.0,2.3833333333333333,13.357142857142858,1.660152380236116,19.0,0.7307692307692307,12.0,0.0,12.0,True,True,True,22.49556015611449,30.192167252923387,46.433399691744945,28.71287128712871,31.911929347556562,578
UFC Fight Night: Bader vs Saint Preux,2014-08-16,10,0,7,2,5.75,115,0.45853979353979357,0.6,0.3825,0.36537698412698416,30,0.15,3,0.4,8,0.7,14,18.0,0.8571428571428572,6.0,0.0,1.0,2.0,8.0,10.0,2.0,1.927777777777778,17.857142857142854,2.0080123662823204,49.0,2.45,8.0,6.0,14.0,True,True,True,31.094731438021956,29.629718874351635,30.653588461037355,55.44554455445545,31.813676059830673,579
UFC Fight Night: Cowboy vs Miller,2014-07-16,11,0,5,1,5.545454545454546,122,0.477813159063159,0.5454545454545454,0.4492424242424242,0.31590909090909086,39,0.0,0,0.13636363636363635,3,1.4090909090909092,31,30.0,0.7908653846153846,5.0,0.0,2.0,15.0,6.0,7.0,2.0,2.4388888888888887,7.642857142857142,1.254747832486672,33.0,1.5,10.0,9.0,19.0,True,True,True,25.092953113909676,25.29557303556443,49.22700500490293,12.07920792079208,31.73313640196546,580
UFC Fight Night: Ribas vs. Namajunas,2024-03-23,13,0,1,0,4.6923076923076925,122,0.48914397568243717,0.5384615384615384,0.4474358974358974,0.37997557997558,35,0.2692307692307692,7,0.15384615384615385,4,0.8846153846153846,23,24.0,0.6714285714285715,1.0,7.0,3.0,8.0,8.0,,1.0,5.161111111111111,48.28571428571429,2.629836682689473,8.0,0.3076923076923077,8.0,0.0,8.0,True,True,True,20.6516504070163,30.934692894248418,38.07845905775658,83.56435643564356,31.59608892547778,581
UFC 26: Ultimate Field Of Dreams,2000-06-09,8,2,0,0,1.1875,19,0.35416666666666663,0.8125,0.32291666666666663,0.134375,6,0.3125,5,0.1875,3,0.0,0,7.0,0.8333333333333333,5.0,2.0,2.0,0.0,,,0.0,,,,0.0,0.0,0.0,0.0,0.0,False,False,False,27.01090458266882,34.830061028293514,34.73762875995513,,31.508595492765735,582
UFC Fight Night: Bisping vs Leites,2015-07-18,12,0,3,1,4.541666666666667,109,0.4449653607262303,0.6666666666666666,0.425,0.34068287037037037,32,0.041666666666666664,1,0.5,12,0.75,18,36.0,0.7324414715719063,6.0,1.0,9.0,8.0,9.0,10.0,2.0,2.911111111111111,11.357142857142858,1.6302216173662862,20.0,0.8333333333333334,7.0,6.0,13.0,True,True,True,20.089676248836298,25.609935295462936,52.09989360561446,27.32673267326733,31.43465903874796,583
UFC Fight Night: Hermansson vs. Strickland,2022-02-05,13,0,2,1,5.038461538461538,131,0.5358598666290975,0.9230769230769231,0.517948717948718,0.45473692973692975,39,0.038461538461538464,1,0.15384615384615385,4,0.5,13,27.0,0.739010989010989,6.0,0.0,4.0,3.0,6.0,7.0,2.0,6.261111111111111,46.5,2.0300169608954537,19.0,0.7307692307692307,10.0,9.0,19.0,True,True,True,37.46113784720765,7.876907039359409,38.57441467808027,56.63366336633663,31.357689470463825,584
UFC Fight Night: Gustafsson vs Manuwa,2014-03-08,9,0,4,1,3.9444444444444446,71,0.5119929453262786,0.6666666666666666,0.5092592592592593,0.4470899470899471,28,0.05555555555555555,1,0.4444444444444444,8,0.8333333333333334,15,12.0,0.8888888888888888,3.0,1.0,2.0,1.0,1.0,11.0,2.0,4.055555555555555,24.642857142857142,2.1075297488488447,27.0,1.5,15.0,5.0,20.0,True,True,True,30.459139213575583,28.644738517753947,29.779746368637955,61.386138613861384,31.348071156153175,585
UFC Fight Night: Chiesa vs. Magny,2021-01-20,14,0,7,3,4.571428571428571,128,0.3919535864411641,0.6428571428571429,0.3791666666666667,0.35002000800320127,37,0.03571428571428571,1,0.14285714285714285,4,0.8928571428571429,25,37.0,0.7267080745341614,6.0,0.0,3.0,9.0,8.0,9.0,2.0,1.522222222222222,27.857142857142858,2.5322824113995512,43.0,1.5357142857142858,8.0,7.0,15.0,True,True,True,24.22600870505214,15.114047022226229,45.52140161353075,80.5940594059406,31.15503869193367,586
UFC 95: Sanchez vs Stevenson,2009-02-21,10,0,0,0,3.35,67,0.5284615384615384,0.8,0.5016666666666667,0.4445833333333333,33,0.1,2,0.4,8,0.75,15,19.0,0.7333333333333334,2.0,1.0,5.0,4.0,,,0.0,,,,0.0,0.0,0.0,0.0,0.0,False,True,False,33.81008770184028,28.462711541994825,29.609255899960655,,31.076304985497913,587
UFC - Ultimate Brazil,1998-10-16,8,2,0,0,1.75,28,0.3982142857142857,0.6875,0.4,0.3359375,17,0.3125,5,0.4375,7,0.0,0,3.0,0.5,3.0,3.0,2.0,0.0,,,0.0,,,,0.0,0.0,0.0,0.0,0.0,False,False,False,30.038475599930557,47.4453442957507,18.759939561013216,,31.057587560225123,588
UFC Fight Night: Tybura vs. Spivac 2,2024-08-10,10,0,6,3,5.4,108,0.5388877496772234,0.7,0.48999999999999994,0.2544642857142857,21,0.05,1,0.35,7,0.65,13,30.0,0.6339712918660287,1.0,0.0,5.0,5.0,8.0,9.0,2.0,0.1388888888888889,44.71428571428571,3.7227717465473233,34.0,1.7,8.0,7.0,15.0,True,True,True,29.8171156682649,20.00366664935657,30.446477638682712,99.8019801980198,31.051805231150908,589
UFC Fight Night: Makhachev vs. Green,2022-02-26,11,0,1,0,4.681818181818182,103,0.5071344653563906,1.3636363636363635,0.5000000000000001,0.49469696969696975,35,0.0,0,0.045454545454545456,1,0.5909090909090909,13,29.0,0.7486631016042781,11.0,0.0,1.0,5.0,,,0.0,3.4722222222222223,29.142857142857142,2.0474989039528446,3.0,0.13636363636363635,0.0,0.0,0.0,True,True,True,40.235715824591104,4.699569335815569,35.872533888095106,57.821782178217816,30.92202793912976,590
UFC 12: Judgement Day,1997-02-07,9,1,0,0,1.7777777777777777,32,0.35563973063973064,1.0,0.35462962962962963,0.32407407407407407,18,0.0,0,0.3333333333333333,6,0.0,0,16.0,0.9090909090909092,9.0,0.0,6.0,0.0,,,0.0,,,,0.0,0.0,0.0,0.0,0.0,False,False,False,24.818467697233498,15.118577075098813,51.93238660639711,,30.82815508377604,591
UFC Fight Night: Allen vs. Craig,2023-11-18,14,0,4,2,4.428571428571429,124,0.46386054421768697,1.0,0.45773809523809517,0.4363095238095238,48,0.0,0,0.03571428571428571,1,0.75,21,28.0,0.7166666666666667,6.0,0.0,1.0,9.0,10.0,13.0,2.0,0.5055555555555555,40.57142857142857,3.366695340851816,22.0,0.7857142857142857,6.0,3.0,9.0,True,True,True,32.24274449187835,7.917561942529656,36.91088500717539,97.22772277227722,30.81113992315023,592
UFC Fight Night: Stephens vs. Choi,2018-01-14,11,0,6,1,5.454545454545454,120,0.4811720142602496,1.0909090909090908,0.4575757575757576,0.30242812742812747,30,0.0,0,0.3181818181818182,7,1.1818181818181819,26,30.0,0.625,1.0,0.0,2.0,10.0,9.0,13.0,2.0,1.2944444444444445,30.5,1.799355416288989,31.0,1.4090909090909092,7.0,3.0,10.0,True,True,True,33.07678861168806,26.72441157159194,29.792756120208285,38.01980198019802,30.750635272645596,593
The Ultimate Fighter: United States vs. United Kingdom Finale,2009-06-20,10,0,0,0,3.6,72,0.3786471861471862,0.65,0.36833333333333335,0.40361111111111114,29,0.05,1,0.55,11,1.15,23,19.0,0.7215909090909092,6.0,0.0,5.0,6.0,,,0.0,,,,0.0,0.0,0.0,0.0,0.0,False,True,False,19.878779737027163,38.11432864723337,38.30818700933768,,30.497421220442646,594
UFC Fight Night: Benavidez vs. Figueiredo,2020-02-29,12,0,2,1,3.0833333333333335,74,0.4176256613756613,0.7083333333333334,0.4048611111111111,0.3708333333333333,28,0.08333333333333333,2,0.08333333333333333,2,0.5416666666666666,13,25.0,0.8452380952380952,5.0,2.0,1.0,5.0,1.0,3.0,2.0,0.5888888888888889,36.57142857142857,3.166001603662721,28.0,1.1666666666666667,15.0,13.0,28.0,True,True,True,20.29373768853235,12.02593276634186,48.52893056506618,95.64356435643563,30.464835654340042,595
UFC Fight Night: Sandhagen vs. Song,2022-09-17,13,0,2,1,4.923076923076923,128,0.4669431875314229,0.8461538461538461,0.4455128205128205,0.40242673992673994,42,0.038461538461538464,1,0.07692307692307693,2,0.8846153846153846,23,20.0,0.7944444444444444,3.0,1.0,2.0,8.0,4.0,10.0,2.0,1.7333333333333334,51.42857142857143,3.0132828138369976,18.0,0.6923076923076923,12.0,6.0,18.0,True,True,True,28.326851154614378,12.938220624134033,37.596804797177825,91.88118811881189,30.438396462973202,596
UFC Fight Night: Moicano vs. The Korean Zombie,2019-06-22,11,0,4,2,4.0,88,0.5579365079365078,0.9090909090909091,0.543939393939394,0.3727272727272727,28,0.045454545454545456,1,0.18181818181818182,4,0.9545454545454546,21,13.0,0.6904761904761905,0.0,1.0,4.0,8.0,5.0,12.0,2.0,1.0166666666666666,31.142857142857142,2.7586577041696545,26.0,1.1818181818181819,11.0,4.0,15.0,True,True,True,32.536788233826435,20.41718174618944,26.390927868152268,86.53465346534654,30.36302176379094,597
UFC Fight Night: Hunt vs Nelson,2014-09-20,12,0,6,1,3.7916666666666665,91,0.5141203703703704,0.75,0.5069444444444444,0.33541666666666664,26,0.041666666666666664,1,0.2916666666666667,7,1.0416666666666667,25,19.0,0.625,1.0,0.0,4.0,10.0,6.0,8.0,2.0,3.455555555555556,26.785714285714285,2.104325085928457,47.0,1.9583333333333333,10.0,8.0,18.0,True,True,True,29.655856014758328,24.690371289372887,30.69047314366478,60.79207920792079,30.281681131742026,598
UFC on FUEL TV: Struve vs Miocic,2012-09-29,11,0,0,0,4.409090909090909,97,0.5373868555686737,1.0,0.496969696969697,0.37613636363636355,31,0.045454545454545456,1,0.09090909090909091,2,0.9545454545454546,21,14.0,0.8636363636363636,6.0,0.0,0.0,5.0,,,0.0,,,,0.0,0.0,0.0,0.0,0.0,False,True,False,36.00991455372899,17.496672303940866,33.15590698932357,,30.236743151867245,599
UFC Fight Night: Vettori vs. Dolidze 2,2025-03-15,13,0,2,1,5.8076923076923075,151,0.44085006873468413,0.8461538461538461,0.408974358974359,0.2665515040515041,36,0.038461538461538464,1,0.2692307692307692,7,1.0384615384615385,27,26.0,0.6850649350649352,2.0,1.0,6.0,7.0,8.0,12.0,2.0,1.1888888888888889,40.42857142857143,3.0939109658836856,12.0,0.46153846153846156,8.0,4.0,12.0,True,True,True,23.290699301029704,22.221322847399843,35.647184455158346,93.26732673267327,30.22913210544301,600
UFC Fight Night: Andrade vs. Zhang,2019-08-31,11,1,5,2,2.772727272727273,61,0.35616391184573004,1.0,0.37121212121212116,0.2265594254230618,20,0.09090909090909091,2,0.045454545454545456,1,0.7272727272727273,16,18.0,0.8666666666666667,7.0,2.0,1.0,6.0,0.0,6.0,2.0,2.95,12.214285714285714,1.624597095271831,36.0,1.6363636363636365,16.0,10.0,26.0,True,True,True,26.28397395697932,15.740915098200203,48.0814435223207,26.732673267326735,30.209885077404326,601
UFC 62: Liddell vs Sobral,2006-08-26,9,1,0,0,2.7777777777777777,50,0.3345238095238095,0.5555555555555556,0.3305555555555555,0.35277777777777775,21,0.2222222222222222,4,0.4444444444444444,8,0.2222222222222222,4,21.0,0.7857142857142857,7.0,4.0,6.0,0.0,,,0.0,,,,0.0,0.0,0.0,0.0,0.0,False,True,False,18.51498085250954,27.67566004992412,47.798197712148315,,30.173017544346678,602
UFC Fight Night: Bisping vs. Gastelum,2017-11-25,12,0,2,1,4.041666666666667,97,0.2664141414141414,0.3333333333333333,0.25833333333333336,0.2489583333333333,26,0.125,3,0.75,18,0.75,18,40.0,0.7207792207792207,0.0,3.0,16.0,9.0,2.0,9.0,2.0,1.411111111111111,0.7142857142857143,0.6513345524327078,21.0,0.875,14.0,7.0,21.0,True,True,True,8.843816594788372,39.90160701198306,55.42164087020394,0.39603960396039606,30.159222632170312,603
UFC Fight Night: Vieira vs. Tate,2021-11-20,11,0,6,3,5.2272727272727275,115,0.5169809357309357,0.9545454545454546,0.5106060606060606,0.27035615899252263,30,0.13636363636363635,3,0.13636363636363635,3,0.8181818181818182,18,17.0,0.6571428571428571,1.0,3.0,1.0,4.0,7.0,8.0,2.0,5.172222222222223,30.071428571428573,2.118732352796846,46.0,2.090909090909091,9.0,8.0,17.0,True,True,True,35.031824132614226,23.314815400665708,23.448363153043918,62.37623762376238,29.994754330313413,604
UFC Fight Night: Blanchfield vs. Barber,2025-05-31,9,0,1,0,5.888888888888889,106,0.4984948693282027,0.7222222222222222,0.49074074074074076,0.4712301587301588,32,0.0,0,0.2222222222222222,4,1.1666666666666667,21,,,,,,,,,,,,,9.0,0.5,0.0,0.0,0.0,True,True,False,34.157738401865494,23.07861220904699,,,29.896536020012224,605
UFC Fight Night: Rodriguez vs. Caceres,2016-08-06,12,0,6,1,5.125,123,0.47339864996114994,0.7916666666666666,0.43472222222222223,0.35758928571428567,34,0.041666666666666664,1,0.16666666666666666,4,1.1666666666666667,28,18.0,0.7692307692307692,6.0,0.0,0.0,5.0,13.0,,1.0,2.083333333333333,34.214285714285715,2.5841917116535784,35.0,1.4583333333333333,3.0,0.0,3.0,True,True,True,30.020727664698423,23.116176602823487,26.09227740593744,81.78217821782178,29.70412734925756,606
UFC 4: Revenge of the Warriors,1994-12-16,10,0,0,0,1.3,26,0.425,1.2,0.425,0.45,25,0.0,0,0.35,7,0.0,0,8.0,1.0,8.0,0.0,1.0,0.0,,,0.0,,,,0.0,0.0,0.0,0.0,0.0,False,False,False,31.816380076689352,15.777338603425559,38.416336252582695,,29.67977637611257,607
UFC Fight Night: Smith vs. Spann,2021-09-18,14,0,4,1,4.535714285714286,127,0.43223235098235097,0.7142857142857143,0.43154761904761907,0.3535714285714286,32,0.07142857142857142,2,0.32142857142857145,9,0.6785714285714286,19,22.0,0.7291666666666667,3.0,1.0,7.0,7.0,6.0,11.0,2.0,3.538888888888889,42.285714285714285,2.50799024233246,21.0,0.75,10.0,5.0,15.0,True,True,True,21.202415068077567,21.477801935417755,39.25826752125096,79.8019801980198,29.61799577736174,608
UFC 53: Heavy Hitters,2005-06-04,8,2,0,0,2.5,40,0.48973214285714284,0.9375,0.496875,0.4583333333333333,21,0.125,2,0.125,2,0.0,0,7.0,0.35714285714285715,4.0,1.0,0.0,0.0,,,0.0,,,,0.0,0.0,0.0,0.0,0.0,False,False,False,49.49577900053292,18.82586997572161,11.955935267400783,,29.570062815119794,609
UFC on FX: Alves vs Kampmann,2012-03-02,11,0,0,0,3.272727272727273,72,0.5634761072261072,0.8181818181818182,0.5189393939393939,0.44575626393808215,33,0.09090909090909091,2,0.18181818181818182,4,0.5,11,29.0,0.6899038461538461,2.0,1.0,3.0,4.0,,,0.0,,,,0.0,0.0,0.0,0.0,0.0,False,True,False,37.096319441680265,15.769893151285013,30.602894716445476,,29.43354682044948,610
UFC Fight Night: Namajunas vs. VanZant,2015-12-10,12,0,5,2,4.166666666666667,100,0.553038445472656,1.2083333333333333,0.5381944444444444,0.42876984126984125,35,0.041666666666666664,1,0.20833333333333334,5,0.7916666666666666,19,5.0,0.75,4.0,1.0,1.0,1.0,3.0,7.0,2.0,4.461111111111111,8.928571428571429,1.186926656828471,41.0,1.7083333333333333,13.0,9.0,22.0,True,True,True,44.36475288997682,16.902356463045532,22.462152132178524,9.504950495049505,29.185383436158144,611
UFC Fight Night: Perez vs. Taira,2024-06-15,11,0,2,1,3.6818181818181817,81,0.4712416371507281,0.8636363636363636,0.45303030303030295,0.4875541125541126,27,0.045454545454545456,1,0.09090909090909091,2,0.7272727272727273,16,16.0,0.8181818181818181,6.0,1.0,2.0,5.0,5.0,13.0,2.0,1.5666666666666669,18.928571428571427,2.262422703468049,14.0,0.6363636363636364,11.0,3.0,14.0,True,True,True,29.896235506130722,12.758341327986125,34.75675096153863,71.28712871287128,29.139461258553972,612
UFC Fight Night: Allen vs. Curtis 2,2024-04-06,12,0,4,1,5.625,135,0.5214514652014651,0.75,0.49652777777777785,0.3207792207792208,36,0.08333333333333333,2,0.20833333333333334,5,0.9166666666666666,22,21.0,0.7802197802197802,7.0,0.0,2.0,6.0,6.0,14.0,2.0,1.4444444444444444,6.0,1.4523454899376531,18.0,0.75,10.0,2.0,12.0,True,True,True,28.012536471742994,24.29616600084543,36.1577032137064,19.405940594059405,29.096664082723446,613
UFC Fight Night: Burns vs. Malott,2026-04-18,12,0,4,1,6.375,153,0.38501533189033194,0.4583333333333333,0.34652777777777777,0.3142361111111111,40,0.041666666666666664,1,0.20833333333333334,5,0.9583333333333334,23,31.0,0.7410714285714286,3.0,1.0,4.0,7.0,11.0,,1.0,1.3777777777777778,42.57142857142857,3.064932497422384,23.0,0.9583333333333334,5.0,0.0,5.0,True,True,True,20.396643580372665,20.556293285299187,37.048778477585515,92.87128712871288,29.055928653185163,614
UFC Fight Night: Song vs. Simon,2023-04-29,11,0,2,1,4.863636363636363,107,0.49242424242424243,0.8636363636363636,0.5000000000000001,0.3849747474747475,37,0.0,0,0.045454545454545456,1,0.7727272727272727,17,21.0,0.8,5.0,0.0,1.0,8.0,8.0,10.0,2.0,2.816666666666667,71.71428571428572,3.034606683386679,14.0,0.6363636363636364,8.0,6.0,14.0,True,True,True,28.03428519057216,8.942850806819813,36.6307898274656,92.27722772277228,29.05252511231211,615
UFC Fight Night: Rodriguez vs. Lemos,2022-11-05,11,0,4,2,5.181818181818182,114,0.5028198653198653,0.9545454545454546,0.49166666666666675,0.36186488949646844,31,0.0,0,0.2727272727272727,6,0.6818181818181818,15,16.0,0.7857142857142857,5.0,0.0,3.0,3.0,3.0,7.0,2.0,0.55,22.142857142857142,1.9047653163641307,27.0,1.2272727272727273,13.0,9.0,22.0,True,True,True,32.827777181440354,14.484802517518835,33.16958900642794,45.742574257425744,28.99031691675552,616
UFC Fight Night: Overeem vs. Oleinik,2019-04-20,11,0,6,3,4.0,88,0.4093073593073593,0.5909090909090909,0.3977272727272727,0.4174242424242424,29,0.09090909090909091,2,0.3181818181818182,7,0.5454545454545454,12,23.0,0.675,3.0,1.0,4.0,6.0,7.0,9.0,2.0,2.983333333333333,25.571428571428573,2.2437074588086405,38.0,1.7272727272727273,9.0,7.0,16.0,True,True,True,24.90750365517984,21.24053338301005,33.62727243305418,70.49504950495049,28.886069012988226,617
UFC Fight Night: Miocic vs Hunt,2015-05-09,12,0,3,1,3.7916666666666665,91,0.4278724747474747,0.5833333333333334,0.3916666666666666,0.48993055555555554,31,0.041666666666666664,1,0.25,6,0.7083333333333334,17,17.0,0.6875,0.0,1.0,6.0,9.0,4.0,5.0,2.0,5.038888888888889,45.92857142857143,2.2299046820982773,25.0,1.0416666666666667,12.0,11.0,23.0,True,True,True,26.075423926425277,16.283598935118828,36.348116317959516,69.3069306930693,28.870850734391137,618
UFC Fight Night: Allen vs. Costa,2026-05-16,13,0,4,2,5.846153846153846,152,0.4216513187667034,0.9230769230769231,0.3820512820512821,0.3638181263181263,41,0.0,0,0.19230769230769232,5,0.9230769230769231,24,23.0,0.7817460317460317,6.0,0.0,2.0,5.0,7.0,12.0,2.0,1.2333333333333334,8.0,1.6917574564808655,29.0,1.1153846153846154,9.0,4.0,13.0,True,True,True,31.11133591581876,17.003377356369178,35.21104628840134,31.485148514851485,28.832950017682776,619
UFC Live: Kongo vs Barry,2011-06-26,11,0,0,0,5.136363636363637,113,0.5147186147186147,0.8181818181818182,0.47500000000000003,0.46715367965367954,41,0.045454545454545456,1,0.2727272727272727,6,1.3636363636363635,30,18.0,0.6333333333333333,1.0,0.0,0.0,2.0,,,0.0,,,,0.0,0.0,0.0,0.0,0.0,False,True,False,40.54253074871632,32.200782466509914,10.347460813262904,,28.81204858957145,620
UFC Fight Night: Rozenstruik vs. Sakai,2021-06-05,13,0,4,2,5.8076923076923075,151,0.5679093342554881,0.6923076923076923,0.5551282051282052,0.4948336385836386,54,0.0,0,0.3076923076923077,8,0.8846153846153846,23,12.0,0.7571428571428571,0.0,0.0,3.0,1.0,6.0,9.0,2.0,0.8166666666666667,4.142857142857142,1.3897587456726614,30.0,1.1538461538461537,10.0,7.0,17.0,True,True,True,43.70206892652811,20.312994032322486,17.94974329993437,16.633663366336634,28.77568223698901,621
UFC 149: Faber vs Barao,2012-07-21,11,1,0,0,3.272727272727273,72,0.5568181818181818,1.0,0.5613636363636364,0.4371212121212121,27,0.045454545454545456,1,0.09090909090909091,2,0.3181818181818182,7,6.0,0.8333333333333333,4.0,1.0,1.0,3.0,,,0.0,,,,0.0,0.0,0.0,0.0,0.0,False,True,False,45.87236585164711,6.534861837179903,24.274761639320456,,28.700095043947325,622
UFC 157: Rousey vs Carmouche,2013-02-23,12,1,5,2,4.833333333333333,116,0.38889652014652015,0.4583333333333333,0.38055555555555554,0.32261904761904764,35,0.375,9,0.7083333333333334,17,1.375,33,0.0,0.0,0.0,0.0,0.0,0.0,,,0.0,,,,57.0,2.375,0.0,0.0,0.0,True,True,False,29.03835848105287,62.55803995166275,0.0,,28.689319347722986,623
UFC Fight Night: Felder vs. Hooker,2020-02-22,12,0,4,1,4.958333333333333,119,0.5445156695156695,0.6666666666666666,0.5409722222222223,0.3834490740740741,36,0.041666666666666664,1,0.0,0,0.6666666666666666,16,26.0,0.6923076923076923,4.0,0.0,0.0,7.0,6.0,7.0,2.0,1.4166666666666663,25.42857142857143,2.543754558760962,29.0,1.2083333333333333,10.0,9.0,19.0,True,True,True,31.780612519373715,7.67963294845805,33.271358797229105,80.79207920792079,28.653164844428773,624
UFC - Ultimate Ultimate '96,1996-12-07,10,0,0,0,4.75,95,0.5109722222222223,0.65,0.47000000000000003,0.7875,56,0.0,0,0.5,10,0.0,0,14.0,0.7142857142857142,2.0,0.0,1.0,0.0,,,0.0,,,,0.0,0.0,0.0,0.0,0.0,False,False,False,41.794388276347036,23.748353096179184,14.552114535756825,,28.442608363484908,625
UFC: Silva vs Irvin,2008-07-19,11,0,0,0,1.8181818181818181,40,0.32386363636363635,0.5,0.31666666666666665,0.328030303030303,23,0.22727272727272727,5,0.2727272727272727,6,0.5909090909090909,13,12.0,0.8333333333333333,8.0,4.0,6.0,8.0,,,0.0,,,,0.0,0.0,0.0,0.0,0.0,False,True,False,8.503579057702769,26.285021327021656,56.70521703145628,,28.404475857129903,626
UFC Live: Sanchez vs Kampmann,2011-03-03,11,0,0,0,4.5,99,0.3433933490751673,0.5,0.32499999999999996,0.3767217630853994,34,0.09090909090909091,2,0.5,11,1.0,22,26.0,0.7303030303030302,1.0,1.0,7.0,5.0,,,0.0,,,,0.0,0.0,0.0,0.0,0.0,False,True,False,16.911512027491405,36.89244018859744,36.463427640353494,,28.343940158159974,627
UFC 180: Werdum vs Hunt,2014-11-15,11,1,8,4,2.409090909090909,53,0.2426948051948052,0.8181818181818182,0.2318181818181818,0.19864718614718616,21,0.045454545454545456,1,0.3181818181818182,7,0.6818181818181818,15,16.0,0.7321428571428572,5.0,0.0,4.0,6.0,1.0,4.0,2.0,1.8944444444444444,5.642857142857143,1.2741468616373846,75.0,3.409090909090909,15.0,12.0,27.0,True,True,True,27.871808517076005,19.310735697857897,38.83961793661225,12.871287128712872,28.271857068714194,628
UFC Fight Night: Moraes vs. Sandhagen,2020-10-10,13,0,3,1,3.769230769230769,98,0.5034563262824132,0.7307692307692307,0.47692307692307695,0.3153846153846154,33,0.038461538461538464,1,0.2692307692307692,7,0.8846153846153846,23,13.0,0.7738095238095238,1.0,1.0,3.0,4.0,1.0,4.0,2.0,1.1777777777777778,46.07142857142857,3.212730002248393,29.0,1.1153846153846154,15.0,12.0,27.0,True,True,True,23.56978755597143,19.41604231934703,29.74124122570067,96.23762376237623,28.016179158054342,629
UFC Fight Night: Magny vs. Prates,2024-11-09,11,0,3,1,7.454545454545454,164,0.4179947503476915,0.4090909090909091,0.390909090909091,0.381929686475141,49,0.045454545454545456,1,0.13636363636363635,3,1.1363636363636365,25,36.0,0.8333333333333333,3.0,0.0,3.0,8.0,15.0,,1.0,1.577777777777778,5.142857142857142,1.2463350068117869,6.0,0.2727272727272727,1.0,0.0,1.0,True,True,True,23.838048993850077,22.714523281585212,40.55291626059109,11.485148514851486,27.953982721856235,630
UFC Fight Night: Bisping vs Kennedy,2014-04-16,13,0,4,1,4.0,104,0.326496286254562,0.6153846153846154,0.3128205128205128,0.2561050061050061,31,0.038461538461538464,1,0.38461538461538464,10,0.8076923076923077,21,21.0,0.868421052631579,3.0,0.0,6.0,4.0,5.0,8.0,2.0,2.672222222222222,26.57142857142857,2.228461837294536,40.0,1.5384615384615385,11.0,8.0,19.0,True,True,True,17.033984009964236,21.844390744251637,40.5465498310533,68.71287128712872,27.87429980372103,631
UFC Fight Night: Jacare vs. Brunson 2,2018-01-27,12,0,4,0,5.333333333333333,128,0.5781746031746031,0.7083333333333334,0.5409722222222223,0.43062169312169307,41,0.0,0,0.16666666666666666,4,1.0416666666666667,25,21.0,0.7638888888888888,2.0,0.0,3.0,7.0,,8.0,1.0,0.9888888888888888,2.071428571428572,0.8481891068462544,18.0,0.75,0.0,8.0,8.0,True,True,True,35.91757424147149,18.548283399768547,29.016678441754827,1.9801980198019802,27.80811398004728,632
UFC 38: Brawl at the Hall,2002-07-13,7,1,0,0,2.2142857142857144,31,0.36666666666666664,0.6428571428571429,0.35714285714285715,0.44642857142857145,17,0.42857142857142855,6,0.14285714285714285,2,0.0,0,9.0,0.65,2.0,4.0,0.0,0.0,,,0.0,,,,0.0,0.0,0.0,0.0,0.0,False,False,False,26.995589590850237,39.43953468369673,19.102256391248012,,27.777680446988086,633
UFC Fight Night: Strickland vs. Imavov,2023-01-14,11,0,4,1,4.818181818181818,106,0.5205505687123334,1.1363636363636365,0.4787878787878789,0.33837072018890196,31,0.045454545454545456,1,0.36363636363636365,8,0.7272727272727273,16,22.0,0.7529411764705882,3.0,0.0,3.0,1.0,,,0.0,1.8944444444444448,7.428571428571429,1.595460745540494,33.0,1.5,0.0,0.0,0.0,True,True,True,35.963566916224515,21.56378708995363,22.21786595695493,25.544554455445546,27.718961048836974,634
UFC Fight Night: Holm vs. Bueno Silva,2023-07-15,13,0,3,1,3.5384615384615383,92,0.3841117216117216,0.6153846153846154,0.3858974358974358,0.31602564102564096,24,0.19230769230769232,5,0.3076923076923077,8,0.6923076923076923,18,22.0,0.6428571428571428,4.0,5.0,7.0,7.0,3.0,10.0,2.0,4.8277777777777775,24.571428571428573,1.21731472885205,21.0,0.8076923076923077,13.0,6.0,19.0,True,True,True,13.624061677868506,28.1651633102931,48.04174002808287,10.693069306930694,27.438090972492073,635
UFC Live: Jones vs Matyushenko,2010-08-01,10,0,0,0,4.1,82,0.536547619047619,0.9,0.5275000000000001,0.43261904761904757,24,0.05,1,0.25,5,0.8,16,12.0,0.7571428571428571,3.0,1.0,2.0,1.0,,,0.0,,,,0.0,0.0,0.0,0.0,0.0,False,True,False,37.27401186164073,20.918261214403135,19.674601234564634,,27.412158335396278,636
UFC Fight Night: Marquardt vs Palhares,2010-09-15,10,0,0,0,4.0,80,0.5403643578643579,0.95,0.5291666666666667,0.41851190476190475,29,0.05,1,0.15,3,0.7,14,16.0,0.7636363636363637,3.0,1.0,2.0,3.0,,,0.0,,,,0.0,0.0,0.0,0.0,0.0,False,True,False,37.23575010946145,15.012608537334188,24.152143081997554,,27.255889581807782,637
UFC Fight Night 3,2006-01-16,8,0,0,0,1.625,26,0.6458333333333333,0.875,0.6416666666666666,0.5416666666666666,14,0.25,4,0.0625,1,0.0,0,6.0,0.3333333333333333,1.0,4.0,1.0,0.0,,,0.0,,,,0.0,0.0,0.0,0.0,0.0,False,True,False,45.7978910427364,16.27538447303639,11.675201493874352,,27.2532241931747,638
UFC on FX: Belfort vs. Rockhold,2013-05-18,13,0,7,2,4.5,117,0.40219988344988344,0.6153846153846154,0.3698717948717949,0.2951215451215451,33,0.11538461538461539,3,0.34615384615384615,9,0.6538461538461539,17,16.0,0.34375,1.0,3.0,8.0,3.0,2.0,5.0,2.0,,,,65.0,2.5,14.0,11.0,25.0,True,True,False,24.652230077804692,24.739172822492634,32.6652188984235,,27.20552726976009,639
UFC Fight Night: Florian vs Gomi,2010-03-31,11,0,0,0,4.136363636363637,91,0.4943084693084693,0.8636363636363636,0.4568181818181818,0.39588744588744584,34,0.22727272727272727,5,0.36363636363636365,8,0.6363636363636364,14,13.0,0.38461538461538464,1.0,2.0,4.0,4.0,,,0.0,,,,0.0,0.0,0.0,0.0,0.0,False,True,False,30.894963446509838,29.745149948579463,19.926668500317238,,27.12870885878313,640
UFC Fight Night: Grasso vs. Araujo,2022-10-15,11,0,2,1,5.7727272727272725,127,0.5494875222816398,0.7727272727272727,0.5090909090909091,0.3266657584839403,30,0.0,0,0.22727272727272727,5,0.8181818181818182,18,16.0,0.6904761904761905,4.0,0.0,0.0,1.0,5.0,6.0,2.0,2.844444444444444,42.57142857142857,2.5320538260620866,21.0,0.9545454545454546,11.0,10.0,21.0,True,True,True,31.657116824325723,16.343932529898954,20.8629940417847,80.3960396039604,27.02753005493846,641
UFC 55: Fury,2005-10-07,8,1,0,0,1.8125,29,0.29791666666666666,0.625,0.31354166666666666,0.36458333333333337,12,0.25,4,0.125,2,0.0,0,9.0,0.875,6.0,2.0,1.0,0.0,,,0.0,,,,0.0,0.0,0.0,0.0,0.0,False,False,False,18.529691807942147,27.245751281359592,38.032481792693666,,26.98216745402617,642
UFC Fight Night: Lewis vs. Spivac,2023-02-04,11,0,4,2,4.5,99,0.3039069264069264,0.4090909090909091,0.29545454545454547,0.29201044053985237,32,0.09090909090909091,2,0.5909090909090909,13,0.7272727272727273,16,34.0,0.6733333333333333,2.0,2.0,9.0,7.0,7.0,12.0,2.0,3.133333333333333,7.071428571428571,1.1666868726391064,20.0,0.9090909090909091,9.0,4.0,13.0,True,True,True,11.466587954356248,34.142320456127294,44.221164006408294,8.118811881188119,26.794505091756218,643
UFC Fight Night: Poirier vs. Johnson,2016-09-17,12,0,5,2,5.375,129,0.4883763227513227,0.625,0.5006944444444444,0.45798611111111115,43,0.0,0,0.125,3,0.7083333333333334,17,29.0,0.6857142857142857,4.0,0.0,2.0,7.0,7.0,10.0,2.0,7.811111111111112,28.5,1.2045369727245978,29.0,1.2083333333333333,9.0,6.0,15.0,True,True,True,33.26092659633728,10.031717457460033,34.89008315587427,10.297029702970297,26.794176434810716,644
UFC Fight Night: Cerrone vs. Till,2017-10-21,11,0,2,0,4.590909090909091,101,0.39313131313131316,0.2727272727272727,0.3689393939393939,0.3178429027113237,32,0.09090909090909091,2,0.22727272727272727,5,0.9545454545454546,21,29.0,0.88,2.0,1.0,3.0,14.0,6.0,,1.0,1.8444444444444443,4.214285714285714,1.1770495429773713,23.0,1.0454545454545454,10.0,0.0,10.0,True,True,True,14.282489109259435,26.58376956998278,46.467104223690924,9.306930693069306,26.76441583796021,645
UFC Fight Night: Hermansson vs. Pyfer,2024-02-10,14,0,2,0,7.428571428571429,208,0.43017968056787936,0.5357142857142857,0.4083333333333333,0.31517282320853746,47,0.0,0,0.39285714285714285,11,0.8928571428571429,25,19.0,0.8125,3.0,0.0,4.0,4.0,11.0,,1.0,2.533333333333333,21.142857142857142,2.2625880339994877,8.0,0.2857142857142857,5.0,0.0,5.0,True,True,True,22.274278189437897,23.117901852297035,28.223835120122242,71.48514851485149,26.730594700628664,646
UFC Live: Hardy vs Lytle,2011-08-14,12,0,0,0,4.208333333333333,101,0.5061653828197946,0.9583333333333334,0.5055555555555555,0.32905092592592594,33,0.041666666666666664,1,0.08333333333333333,2,1.25,30,24.0,0.5210084033613445,0.0,1.0,2.0,8.0,,,0.0,,,,0.0,0.0,0.0,0.0,0.0,False,True,False,29.451399116347567,21.935282115859263,27.067167085943552,,26.720558211880956,647
UFC Fight Night: Barnett vs Nelson,2015-09-26,10,0,6,2,4.95,99,0.38818722943722944,0.35,0.3866666666666666,0.29464285714285715,27,0.1,2,0.55,11,0.6,12,21.0,0.6071428571428572,0.0,1.0,5.0,6.0,8.0,11.0,2.0,2.661111111111111,25.0,2.135755806685554,43.0,2.15,8.0,5.0,13.0,True,True,True,19.682100842845312,30.574879280507812,26.693423876171945,63.16831683168317,26.68300316170082,648
UFC Fight Night: Dern vs. Ribas 2,2025-01-11,14,0,2,1,5.428571428571429,152,0.4377205136133707,0.32142857142857145,0.38809523809523805,0.3585678210678211,47,0.0,0,0.2857142857142857,8,1.1785714285714286,33,25.0,0.6396103896103896,1.0,0.0,4.0,7.0,6.0,8.0,2.0,5.811111111111112,34.0,2.1713642510824336,18.0,0.6428571428571429,10.0,8.0,18.0,True,True,True,18.885400314967665,25.467919462753727,31.154543494513348,65.14851485148515,26.52492878260376,649
UFC Fight Night: Luque vs. Muhammad,2022-04-16,14,0,4,2,4.142857142857143,116,0.3397008803521409,0.42857142857142855,0.33392857142857146,0.2420377241805813,26,0.0,0,0.10714285714285714,3,0.6428571428571429,18,32.0,0.8046218487394958,6.0,0.0,1.0,10.0,5.0,6.0,2.0,1.488888888888889,46.85714285714286,3.0081957120312275,30.0,1.0714285714285714,11.0,10.0,21.0,True,True,True,12.952481894724585,7.578118060253229,49.50966700794327,91.68316831683168,26.512580791177708,650
UFC 18: The Road to the Heavyweight Title,1999-01-08,7,1,0,0,1.8571428571428572,26,0.47023809523809523,0.9285714285714286,0.4714285714285714,0.43809523809523804,15,0.2857142857142857,4,0.2857142857142857,4,0.0,0,2.0,0.5,2.0,0.0,0.0,0.0,,,0.0,,,,0.0,0.0,0.0,0.0,0.0,False,False,False,36.02955912739709,37.99837166660802,4.202991898679881,,26.49717277601559,651
UFC Live: Cruz vs Johnson,2011-10-01,10,1,0,0,4.35,87,0.4705681818181818,0.45,0.45,0.40130952380952384,28,0.05,1,0.2,4,1.05,21,3.0,1.0,3.0,1.0,1.0,1.0,,,0.0,,,,0.0,0.0,0.0,0.0,0.0,False,True,False,29.051524391630398,24.46405057594799,24.576526824589724,,26.431137313701132,652
UFC 89: Bisping vs Leben,2008-10-18,11,0,0,0,3.5,77,0.44122884691066505,0.5,0.43333333333333335,0.5053030303030304,33,0.0,0,0.3181818181818182,7,0.8181818181818182,18,18.0,0.7922077922077921,4.0,0.0,2.0,5.0,,,0.0,,,,0.0,0.0,0.0,0.0,0.0,False,True,False,26.83800700553278,19.440111713034657,30.95783374400905,,26.19219037228894,653
UFC Fight Night: Fight for the Troops 3,2013-11-06,13,0,4,2,3.5,91,0.7074193780076133,1.0769230769230769,0.7102564102564102,0.4269230769230769,28,0.038461538461538464,1,0.038461538461538464,1,0.5,13,9.0,0.8571428571428572,4.0,0.0,0.0,1.0,,,0.0,,,,37.0,1.4230769230769231,0.0,0.0,0.0,True,True,False,45.79195283310545,3.7706268461226937,18.497834077892815,,26.11451375593758,654
UFC 19: Ultimate Young Guns,1999-03-05,7,0,0,0,1.7142857142857142,24,0.4472789115646258,0.6428571428571429,0.44523809523809516,0.375,11,0.2857142857142857,4,0.2857142857142857,4,0.0,0,7.0,0.8333333333333333,6.0,0.0,0.0,0.0,,,0.0,,,,0.0,0.0,0.0,0.0,0.0,False,False,False,17.16375432870278,37.99837166660802,27.540800098605196,,25.923510187068082,655
UFC 147: Silva vs Franklin 2,2012-06-23,11,0,0,0,1.8181818181818181,40,0.1911764705882353,0.4090909090909091,0.17727272727272728,0.1212121212121212,16,0.2727272727272727,6,0.5454545454545454,12,0.36363636363636365,8,27.0,0.5529411764705883,1.0,6.0,12.0,6.0,,,0.0,,,,0.0,0.0,0.0,0.0,0.0,False,True,False,3.013888336053285,35.236460732532144,48.68769761125978,,25.916820843086615,656
UFC Fight Night: Dolidze vs. Imavov,2024-02-03,13,0,6,3,5.6923076923076925,148,0.571871878121878,0.6923076923076923,0.5807692307692308,0.3675811368119061,43,0.0,0,0.11538461538461539,3,0.7692307692307693,20,15.0,0.7083333333333333,0.0,0.0,1.0,3.0,8.0,11.0,2.0,1.4055555555555554,41.285714285714285,2.9128065700117904,33.0,1.2692307692307692,8.0,5.0,13.0,True,True,True,36.43250971764154,10.832263350558657,13.518854483538345,90.89108910891089,25.881280525203326,657
The Ultimate Fighter: Team Rousey vs. Team Tate Finale,2013-11-30,10,0,2,1,2.1,42,0.2114646464646465,0.35,0.19,0.05896464646464646,11,0.15,3,0.45,9,0.6,12,31.0,0.7146464646464648,0.0,3.0,9.0,12.0,5.0,8.0,2.0,,,,19.0,0.95,11.0,8.0,19.0,True,True,False,4.350072068616094,28.919244100166143,52.02193699259233,,25.86991678975334,658
UFC Fight Night: Swanson vs Stephens,2014-06-28,11,0,4,1,2.772727272727273,61,0.43358585858585863,0.7727272727272727,0.4356060606060606,0.2825757575757576,21,0.045454545454545456,1,0.045454545454545456,1,0.45454545454545453,10,24.0,0.6944444444444444,8.0,0.0,1.0,7.0,4.0,11.0,2.0,0.2888888888888888,28.214285714285715,3.124958210491184,35.0,1.5909090909090908,12.0,5.0,17.0,True,True,True,20.15858275100712,6.4089486247406455,37.7539649741994,94.25742574257426,25.704731035976543,659
UFC Fight Night: Emmett vs. Murphy,2025-04-05,12,0,2,1,6.041666666666667,145,0.40908639971139976,0.5833333333333334,0.3666666666666667,0.19662698412698412,34,0.041666666666666664,1,0.20833333333333334,5,0.625,15,22.0,0.8571428571428572,8.0,1.0,4.0,7.0,8.0,10.0,2.0,1.7722222222222224,18.071428571428573,1.4426923687170825,14.0,0.5833333333333334,8.0,6.0,14.0,True,True,True,17.441111936316428,12.72979634989136,48.53271655092417,18.81188118811881,25.659302886682603,660
UFC Fight Night: Volkov vs. Struve,2017-09-02,12,0,3,1,3.7916666666666665,91,0.4725859788359788,1.0833333333333333,0.44027777777777777,0.2875992063492063,29,0.0,0,0.08333333333333333,2,0.6666666666666666,16,20.0,0.8333333333333333,4.0,0.0,1.0,6.0,8.0,9.0,2.0,2.25,34.142857142857146,2.5155515034735565,20.0,0.8333333333333334,8.0,7.0,15.0,True,True,True,24.205302368328393,7.466398813794423,33.64711805236312,80.19801980198021,25.65275705658791,661
UFC Fight Night: Brown vs Silva,2014-05-10,13,0,6,1,5.076923076923077,132,0.5263618326118326,0.7692307692307693,0.5307692307692308,0.3622377622377622,38,0.038461538461538464,1,0.07692307692307693,2,0.6538461538461539,17,23.0,0.6294642857142857,7.0,0.0,0.0,6.0,7.0,14.0,2.0,1.2777777777777777,10.142857142857142,1.7554018344869664,37.0,1.4230769230769231,9.0,2.0,11.0,True,True,True,33.24371792662311,7.42195471182852,28.96342935995576,35.445544554455445,25.614281884315876,662
UFC 9: Motor City Madness,1996-05-17,7,0,0,0,1.8571428571428572,26,0.2952380952380952,0.7142857142857143,0.26666666666666666,0.3392857142857143,17,0.0,0,0.5,7,0.0,0,16.0,0.9,4.0,0.0,7.0,0.0,,,0.0,,,,0.0,0.0,0.0,0.0,0.0,False,False,False,12.601450861760139,23.748353096179184,44.360585942638366,,25.564046738463542,663
UFC Fight Night: Rockhold vs Bisping,2014-11-07,11,0,2,1,4.318181818181818,95,0.4753968253968253,0.6363636363636364,0.4727272727272727,0.4174242424242424,31,0.0,0,0.45454545454545453,10,0.4090909090909091,9,24.0,0.6904761904761905,3.0,0.0,9.0,5.0,5.0,9.0,2.0,3.161111111111111,4.785714285714286,0.996082544239622,18.0,0.8181818181818182,11.0,7.0,18.0,True,True,True,24.259045314901325,16.245941364322768,38.01119376843792,4.158415841584159,25.376382389651805,664
The Ultimate Fighter: Redemption Finale,2017-07-07,11,0,2,0,5.909090909090909,130,0.5198274356362592,0.5909090909090909,0.45909090909090916,0.27803030303030307,28,0.09090909090909091,2,0.36363636363636365,8,1.0454545454545454,23,16.0,0.28125,0.0,0.0,2.0,3.0,5.0,,1.0,2.933333333333333,39.71428571428572,2.236228737934276,22.0,1.0,11.0,0.0,11.0,True,True,True,25.449832286595,32.94667294106523,11.080923729683272,69.5049504950495,25.216125793561766,665
UFC Fight Night: Waterson vs. Hill,2020-09-12,12,0,6,3,5.458333333333333,131,0.5294567700817701,0.75,0.5166666666666666,0.39464285714285713,32,0.041666666666666664,1,0.125,3,0.7916666666666666,19,24.0,0.5111111111111111,0.0,0.0,2.0,2.0,8.0,13.0,2.0,4.177777777777778,33.35714285714286,2.085787762304516,29.0,1.2083333333333333,8.0,3.0,11.0,True,True,True,34.613632394919364,13.915970867964285,15.596835573860703,59.4059405940594,24.973793376819998,666
UFC Fight Night: Blaydes vs. Ngannou 2,2018-11-24,12,0,3,1,3.2083333333333335,77,0.44950396825396827,0.625,0.41805555555555557,0.23874007936507938,26,0.08333333333333333,2,0.20833333333333334,5,0.6666666666666666,16,15.0,0.7916666666666667,4.0,1.0,1.0,4.0,3.0,4.0,2.0,5.183333333333333,41.64285714285714,2.195742840532556,35.0,1.4583333333333333,13.0,12.0,25.0,True,True,True,17.623582728893698,18.567736014989705,32.52096418820188,66.73267326732673,24.784290015131806,667
UFC Fight Night: MacDonald vs Saffiedine,2014-10-04,12,0,4,2,2.4583333333333335,59,0.5525297619047619,1.0,0.55625,0.38784722222222223,21,0.0,0,0.041666666666666664,1,0.375,9,11.0,0.9,3.0,0.0,1.0,3.0,2.0,9.0,2.0,4.733333333333333,22.285714285714285,1.6907203323178277,39.0,1.625,14.0,7.0,21.0,True,True,True,35.29734533357569,1.7518832628604475,28.917821189523902,30.89108910891089,24.776809761448103,668
UFC Live: Vera vs Jones,2010-03-21,11,0,0,0,4.681818181818182,103,0.5158959727141544,0.6363636363636364,0.5083333333333333,0.47402597402597396,42,0.13636363636363635,3,0.4090909090909091,9,0.5454545454545454,12,15.0,0.6931818181818181,0.0,0.0,1.0,0.0,,,0.0,,,,0.0,0.0,0.0,0.0,0.0,False,True,False,35.33851782563123,26.419597928607942,9.178956941956802,,24.73051967893844,669
UFC Fight Night: Jedrzejczyk vs Penne,2015-06-20,11,1,4,2,2.409090909090909,53,0.4823232323232323,0.5909090909090909,0.4727272727272727,0.31611570247933884,15,0.045454545454545456,1,0.045454545454545456,1,0.6818181818181818,15,4.0,1.0,4.0,1.0,0.0,2.0,0.0,3.0,2.0,1.288888888888889,8.642857142857142,1.7728382896731163,34.0,1.5454545454545454,16.0,13.0,29.0,True,True,True,24.61755132342807,10.110033018894347,34.70535917129394,36.633663366336634,24.617819703799828,670
UFC Fight Night: Zabit vs. Kattar,2019-11-09,13,0,3,1,4.384615384615385,114,0.48038414576876115,0.6923076923076923,0.47884615384615387,0.3038267288267288,33,0.0,0,0.11538461538461539,3,0.6923076923076923,18,10.0,0.9,7.0,0.0,0.0,4.0,5.0,11.0,2.0,2.344444444444445,30.07142857142857,2.401573195739763,25.0,0.9615384615384616,11.0,5.0,16.0,True,True,True,21.369770187266386,9.323541049757148,32.86226992923866,77.22772277227723,24.5988604547313,671
UFC Fight Night: Costa vs. Vettori,2021-10-23,14,0,0,0,5.357142857142857,150,0.45043071576456667,0.75,0.4535714285714286,0.2386038069073783,31,0.07142857142857142,2,0.17857142857142858,5,0.7857142857142857,22,17.0,0.7666666666666666,0.0,2.0,4.0,5.0,,,0.0,1.9333333333333331,33.214285714285715,2.569728009074605,0.0,0.0,0.0,0.0,0.0,True,True,True,19.244221209427398,19.11470848321539,25.836913295703503,81.1881188118812,24.28684553387992,672
UFC on FUEL TV: Munoz vs Weidman,2012-07-11,11,0,0,0,3.5,77,0.5156926406926406,1.0909090909090908,0.4977272727272727,0.32597402597402597,21,0.0,0,0.045454545454545456,1,0.5,11,13.0,0.8888888888888888,8.0,0.0,1.0,2.0,,,0.0,,,,0.0,0.0,0.0,0.0,0.0,False,True,False,30.639553397285358,3.5916013961644606,33.01262242961179,,24.27106151246189,673
UFC Fight Night: Magny vs Gastelum,2015-11-21,13,0,5,2,4.115384615384615,107,0.48926073926073926,0.7307692307692307,0.46153846153846156,0.26416361416361417,29,0.07692307692307693,2,0.4230769230769231,11,0.6153846153846154,16,19.0,0.8035714285714286,2.0,0.0,0.0,3.0,13.0,15.0,2.0,1.0166666666666666,9.357142857142858,1.9420023086975424,40.0,1.5384615384615385,3.0,1.0,4.0,True,True,True,24.93736327287958,23.751215225103618,19.03859734194553,50.495049504950494,24.14908079325892,674
UFC on FOX: Holm vs. Shevchenko,2016-07-23,11,0,6,2,4.090909090909091,90,0.4626082251082251,0.6818181818181818,0.4462121212121212,0.36687327823691457,23,0.22727272727272727,5,0.13636363636363635,3,0.7727272727272727,17,6.0,0.625,0.0,2.0,1.0,2.0,2.0,7.0,2.0,7.738888888888889,26.57142857142857,1.690870029483002,42.0,1.9090909090909092,14.0,9.0,23.0,True,True,True,26.61856300577358,25.851095946906003,16.550457887562796,31.08910891089109,23.629792000849328,675
UFC 11: The Proving Ground,1996-09-20,8,0,0,0,1.9375,31,0.38125,0.8125,0.3770833333333333,0.53125,20,0.0,0,0.25,4,0.0,0,7.0,0.8333333333333333,5.0,0.0,1.0,0.0,,,0.0,,,,0.0,0.0,0.0,0.0,0.0,False,False,False,29.19930608074938,11.067193675889328,26.595641814751936,,23.605487784944916,676
UFC Fight Night: Muniz vs. Allen,2023-02-25,10,0,1,0,3.55,71,0.46624999999999994,0.9,0.44000000000000006,0.38541666666666663,26,0.0,0,0.1,2,0.3,6,15.0,0.9,8.0,0.0,0.0,2.0,11.0,,1.0,0.0,34.92857142857143,3.608444639075935,5.0,0.25,5.0,0.0,5.0,True,True,True,22.600655866035282,3.3697158535729357,29.089905288748927,99.60396039603961,23.589860916234006,677
UFC Fight Night: Werdum vs. Tybura,2017-11-18,13,0,2,1,4.653846153846154,121,0.3742445054945055,0.34615384615384615,0.34679487179487184,0.3241647241647242,34,0.11538461538461539,3,0.19230769230769232,5,0.6153846153846154,16,18.0,0.7321428571428572,4.0,3.0,5.0,4.0,2.0,8.0,2.0,1.45,6.0,1.3050810665543318,22.0,0.8461538461538461,14.0,8.0,22.0,True,True,True,14.07170157856739,18.978224056808617,40.36645866874738,14.059405940594061,23.186144543283024,678
UFC Fight Night: Diaz vs Guillard,2009-09-16,10,0,0,0,3.4,68,0.3895833333333333,0.7,0.3708333333333333,0.43166666666666664,29,0.05,1,0.3,6,0.9,18,15.0,0.6696428571428572,2.0,0.0,2.0,7.0,,,0.0,,,,0.0,0.0,0.0,0.0,0.0,False,True,False,22.869216786742562,24.564091635954608,22.34331771278747,,23.149163092128333,679
UFC Fight Night: Teixeira vs Bader,2013-09-04,11,0,4,1,3.0454545454545454,67,0.40493842164965166,0.8636363636363636,0.3886363636363636,0.35384615384615387,23,0.09090909090909091,2,0.13636363636363635,3,0.2727272727272727,6,15.0,0.8636363636363636,5.0,0.0,0.0,2.0,2.0,,1.0,,,,53.0,2.409090909090909,14.0,0.0,14.0,True,True,False,26.821828951286445,12.079493055374803,26.95241846184598,,22.983505666223234,680
UFC on FUEL TV: Korean Zombie vs Poirier,2012-05-15,12,0,0,0,4.0,96,0.45818452380952374,0.5416666666666666,0.45416666666666666,0.41894841269841265,31,0.0,0,0.041666666666666664,1,0.9583333333333334,23,6.0,1.0,6.0,0.0,0.0,3.0,,,0.0,,,,0.0,0.0,0.0,0.0,0.0,False,True,False,23.27956454245114,12.855136445321548,30.277854081649892,,22.746280160848226,681
UFC 122: Marquardt vs Okami,2010-11-13,10,0,0,0,3.95,79,0.3724368686868687,0.3,0.38166666666666665,0.40555555555555556,28,0.1,2,0.3,6,0.55,11,23.0,0.7840909090909092,3.0,1.0,4.0,2.0,,,0.0,,,,0.0,0.0,0.0,0.0,0.0,False,True,False,16.153474903474905,21.31507131213333,32.72888931040194,,22.746131139519868,682
UFC 37: High Impact,2002-05-10,8,1,0,0,1.75,28,0.365625,0.5625,0.365625,0.3645833333333333,13,0.1875,3,0.125,2,0.0,0,7.0,0.8333333333333333,5.0,1.0,0.0,0.0,,,0.0,,,,0.0,0.0,0.0,0.0,0.0,False,False,False,18.36239822570011,22.312516859994606,27.62268755783661,,22.326205023820716,683
UFC Fight Night: Hunt vs Bigfoot,2013-12-06,11,0,3,0,3.8636363636363638,85,0.3911058638331365,0.4090909090909091,0.4136363636363637,0.4628787878787879,32,0.18181818181818182,4,0.45454545454545453,10,0.7727272727272727,17,10.0,0.5833333333333333,0.0,1.0,2.0,4.0,,4.0,1.0,,,,25.0,1.1363636363636365,0.0,12.0,12.0,True,True,False,21.672254188203993,34.09157713603898,13.057152735335881,,22.2199387156759,684
UFC Fight Night: Mousasi vs. Hall 2,2016-11-19,13,0,5,2,3.923076923076923,102,0.4477106227106227,0.7307692307692307,0.42371794871794866,0.3138195138195138,32,0.07692307692307693,2,0.2692307692307692,7,0.5384615384615384,14,20.0,0.6,3.0,0.0,4.0,5.0,5.0,10.0,2.0,1.9777777777777776,4.928571428571429,1.1101706822830737,38.0,1.4615384615384615,11.0,6.0,17.0,True,True,True,23.039223371951106,17.21136869386664,27.911682548237653,6.336633663366337,22.208867969886715,685
UFC 6: Clash of the Titans,1995-07-14,10,0,0,0,1.6,32,0.4083333333333333,0.55,0.39,0.55,22,0.0,0,0.15,3,0.0,0,9.0,0.9166666666666667,4.0,0.0,2.0,0.0,,,0.0,,,,0.0,0.0,0.0,0.0,0.0,False,False,False,24.986085127837704,6.027667984189724,31.873026366585492,,22.171851533850695,686
UFC Fight Night: Oezdemir vs. Smith,2018-10-27,13,0,4,2,6.230769230769231,162,0.42866570563938977,0.15384615384615385,0.3910256410256411,0.40586080586080586,44,0.038461538461538464,1,0.19230769230769232,5,0.9230769230769231,24,13.0,0.7083333333333333,2.0,1.0,1.0,4.0,2.0,10.0,2.0,2.066666666666667,5.857142857142858,1.361026669290684,27.0,1.0384615384615385,14.0,6.0,20.0,True,True,True,26.068684694255086,17.62157715854524,21.58384406364138,16.03960396039604,22.11000158445056,687
UFC Fight Night: Moicano vs. Duncan,2026-04-04,13,0,3,1,4.423076923076923,115,0.4148342885184991,0.46153846153846156,0.4160256410256411,0.3250915750915751,31,0.07692307692307693,2,0.15384615384615385,4,0.6923076923076923,18,26.0,0.744360902255639,4.0,1.0,3.0,4.0,10.0,,1.0,,,,28.0,1.0769230769230769,6.0,0.0,6.0,True,True,False,17.422793290526098,16.704765238490044,31.181064138149196,,21.57855564976601,688
UFC 7: The Brawl in Buffalo,1995-09-08,11,0,0,0,1.5,33,0.4151515151515151,0.5,0.40378787878787875,0.5454545454545454,22,0.0,0,0.13636363636363635,3,0.0,0,9.0,0.9,4.0,0.0,2.0,0.0,,,0.0,,,,0.0,0.0,0.0,0.0,0.0,False,False,False,24.432044341838157,5.270092226613966,31.271719177043014,,21.549322680528064,689
UFC Fight Night: Volkov vs. Rozenstruik,2022-06-04,14,0,4,2,4.571428571428571,128,0.44690527726242013,0.6428571428571429,0.4,0.2766156462585034,27,0.03571428571428571,1,0.39285714285714285,11,0.5,14,21.0,0.6666666666666666,0.0,0.0,9.0,5.0,7.0,8.0,2.0,1.9333333333333331,5.357142857142858,1.2207223677972028,26.0,0.9285714285714286,9.0,8.0,17.0,True,True,True,19.465557024708623,15.131005239787115,31.202369222864913,10.891089108910892,21.474239342135245,690
UFC Fight Night: Diaz vs Neer,2008-09-17,10,0,0,0,3.25,65,0.4139285714285714,0.5,0.4291666666666667,0.5833333333333333,31,0.0,0,0.1,2,0.85,17,10.0,0.75,5.0,0.0,0.0,3.0,,,0.0,,,,0.0,0.0,0.0,0.0,0.0,False,True,False,27.843825047433295,12.539918588132105,20.074898859353876,,21.363136130328957,691
UFC Fight Night: Cowboy vs Cowboy,2016-02-21,13,0,5,2,4.269230769230769,111,0.395748987854251,0.7307692307692307,0.37179487179487175,0.31721611721611725,34,0.038461538461538464,1,0.11538461538461539,3,0.8846153846153846,23,23.0,0.7697368421052632,3.0,1.0,2.0,11.0,,,0.0,1.9777777777777776,1.5714285714285714,0.6985727698111172,20.0,0.7692307692307693,0.0,0.0,0.0,True,True,True,17.846297008034377,14.255743680787525,35.26956429921106,0.7920792079207921,21.32292797356999,692
UFC 120: Bisping vs Akiyama,2010-10-16,10,0,0,0,3.3,66,0.5082692307692307,0.65,0.4966666666666667,0.4770833333333333,28,0.05,1,0.25,5,0.4,8,14.0,0.625,1.0,0.0,2.0,4.0,,,0.0,,,,0.0,0.0,0.0,0.0,0.0,False,True,False,31.219981026682056,13.61038756989583,13.464538380804314,,20.978895597250606,693
The Ultimate Fighter: Team Rampage vs Team Forrest Finale,2008-06-21,10,0,0,0,4.1,82,0.40830447330447334,0.35,0.3825,0.4107936507936508,33,0.2,4,0.45,9,0.45,9,19.0,0.6214285714285714,0.0,2.0,2.0,2.0,,,0.0,,,,0.0,0.0,0.0,0.0,0.0,False,True,False,18.317826294630418,28.8914032491035,17.72444405266196,,20.91296267992277,694
UFC 21: Return of the Champions,1999-07-16,8,1,0,0,1.5,24,0.3,0.375,0.3,0.234375,8,0.375,6,0.3125,5,0.0,0,4.0,0.5,4.0,2.0,0.0,0.0,,,0.0,,,,0.0,0.0,0.0,0.0,0.0,False,False,False,10.037987659021502,44.70640152003847,15.222692844709735,,20.798529786348567,695
UFC Fight Night: Sanchez vs Riggs,2006-12-13,9,0,0,0,2.5,45,0.3990740740740741,0.7222222222222222,0.4027777777777778,0.43703703703703706,18,0.1111111111111111,2,0.16666666666666666,3,0.2222222222222222,4,11.0,0.75,6.0,0.0,2.0,2.0,,,0.0,,,,0.0,0.0,0.0,0.0,0.0,False,True,False,22.690562432830472,13.817787035168122,23.802982463390634,,20.70691207467517,696
UFC Fight Night: Kattar vs. Ige,2020-07-15,11,0,4,1,3.8636363636363638,85,0.3761072261072261,0.8181818181818182,0.3424242424242424,0.31590909090909086,20,0.045454545454545456,1,0.13636363636363635,3,0.7272727272727273,16,14.0,0.7857142857142857,7.0,0.0,1.0,3.0,6.0,10.0,2.0,1.5611111111111111,9.285714285714285,1.626809287458289,20.0,0.9090909090909091,10.0,6.0,16.0,True,True,True,17.718799296773778,14.251534125526751,28.70947734335984,26.930693069306933,20.609781106564498,697
UFC Fight Night: Fight for the Troops 2,2011-01-22,11,0,0,0,3.590909090909091,79,0.4575757575757576,0.6818181818181818,0.4628787878787879,0.39962121212121215,29,0.0,0,0.09090909090909091,2,0.8636363636363636,19,17.0,0.7333333333333334,3.0,0.0,2.0,4.0,,,0.0,,,,0.0,0.0,0.0,0.0,0.0,False,True,False,23.293777945839803,12.43981541011244,23.17079010579289,,20.398633750107262,698
UFC Fight Night: Nicolau vs. Perez,2024-04-27,13,0,5,2,6.076923076923077,158,0.36750888000887993,0.34615384615384615,0.33589743589743587,0.3994646379261764,50,0.038461538461538464,1,0.07692307692307693,2,0.7692307692307693,20,19.0,0.6888888888888889,0.0,1.0,1.0,2.0,5.0,8.0,2.0,0.9777777777777776,8.642857142857142,1.902787072170066,31.0,1.1923076923076923,11.0,8.0,19.0,True,True,True,24.80544197049605,10.13294009608123,18.77773286323127,44.95049504950495,20.336256423663357,699
The Ultimate Fighter: Team Jones vs. Team Sonnen Finale,2013-04-13,12,0,4,2,2.25,54,0.21081349206349206,0.16666666666666666,0.19305555555555554,0.3308531746031746,27,0.125,3,0.20833333333333334,5,0.7083333333333334,17,10.0,0.6,2.0,2.0,2.0,5.0,2.0,7.0,2.0,,,,50.0,2.0833333333333335,14.0,9.0,23.0,True,True,False,14.400214544924701,22.538380006052652,25.42942143003274,,20.024744472097755,700
UFC Fight Night: Nelson vs. Ponzinibbio,2017-07-16,12,0,5,2,2.875,69,0.441087962962963,0.6666666666666666,0.43472222222222223,0.3273809523809524,23,0.0,0,0.041666666666666664,1,0.625,15,17.0,0.7638888888888888,6.0,0.0,1.0,5.0,8.0,14.0,2.0,0.5722222222222222,21.0,2.42046647188702,22.0,0.9166666666666666,8.0,2.0,10.0,True,True,True,16.396237086092587,5.028639509913725,27.689397737537767,77.82178217821783,20.013563142087687,701
UFC Fight Night: Lauzon vs Stephens,2009-02-07,10,0,0,0,3.35,67,0.5111111111111111,0.7,0.5066666666666666,0.45916666666666667,26,0.0,0,0.1,2,0.7,14,10.0,0.7,2.0,0.0,1.0,4.0,,,0.0,,,,0.0,0.0,0.0,0.0,0.0,False,True,False,31.36163409359285,9.027424481578594,14.02785467819873,,20.010385432938328,702
UFC Fight Night 56: Shogun vs Saint Preux,2014-11-08,10,0,2,1,2.3,46,0.3455769230769231,0.4,0.33249999999999996,0.2708333333333333,14,0.15,3,0.4,8,0.5,10,18.0,0.6307692307692307,0.0,3.0,8.0,7.0,9.0,10.0,2.0,1.15,3.571428571428571,1.2538911593171898,13.0,0.65,7.0,6.0,13.0,True,True,True,6.012366560891995,25.928634480197932,34.02376736010402,11.881188118811881,19.68829485837808,703
UFC Fight Night - Fight for the Troops,2008-12-10,10,0,0,0,2.9,58,0.50125,0.7,0.49000000000000005,0.4896825396825397,26,0.0,0,0.05,1,0.3,6,13.0,0.875,1.0,0.0,0.0,0.0,,,0.0,,,,0.0,0.0,0.0,0.0,0.0,False,True,False,32.14862874656689,1.8765230560323112,17.606968853242375,,19.590182019586894,704
The Ultimate Fighter: Team Couture vs. Team Liddell Finale,2005-04-09,9,0,0,0,0.6666666666666666,12,0.09722222222222222,0.16666666666666666,0.08888888888888889,0.1111111111111111,8,0.05555555555555555,1,0.3888888888888889,7,0.0,0,12.0,0.875,3.0,1.0,7.0,0.0,,,0.0,,,,0.0,0.0,0.0,0.0,0.0,False,False,False,0.4379453090793297,25.172020814518554,40.37243300965777,,19.557803400167057,705
UFC 25: Ultimate Japan 3,2000-04-14,6,1,0,0,1.4166666666666667,17,0.3833333333333333,0.5833333333333334,0.36944444444444446,0.5,11,0.08333333333333333,1,0.16666666666666666,2,0.0,0,7.0,0.55,1.0,1.0,2.0,0.0,,,0.0,,,,0.0,0.0,0.0,0.0,0.0,False,False,False,28.813943290647234,16.9813865659563,9.160646504832618,,19.49380832547132,706
UFC Fight Night 5,2006-06-28,9,0,0,0,1.9444444444444444,35,0.5092592592592592,1.0555555555555556,0.5092592592592592,0.412962962962963,15,0.1111111111111111,2,0.05555555555555555,1,0.0,0,5.0,0.5,5.0,0.0,0.0,0.0,,,0.0,,,,0.0,0.0,0.0,0.0,0.0,False,True,False,32.73020074566466,9.6759753384705,10.005173257970506,,19.486974852920678,707
UFC 2: No Way Out,1994-03-11,15,0,0,0,0.7,21,0.4222222222222222,0.6,0.4222222222222222,0.43333333333333335,20,0.0,0,0.16666666666666666,5,0.0,0,5.0,1.0,5.0,0.0,0.0,0.0,,,0.0,,,,0.0,0.0,0.0,0.0,0.0,False,False,False,18.788427602860594,6.8181818181818175,30.842809216754155,,19.445009748122043,708
UFC 17: Redemption,1998-05-15,9,1,0,0,1.3888888888888888,25,0.24420024420024422,0.2777777777777778,0.24444444444444446,0.2142857142857143,15,0.2777777777777778,5,0.4444444444444444,8,0.0,0,2.0,0.5,2.0,2.0,1.0,0.0,,,0.0,,,,0.0,0.0,0.0,0.0,0.0,False,False,False,8.852636254597932,45.48332961924757,11.179511217983796,,19.227095023206534,709
UFC on FUEL TV: Nogueira vs. Werdum,2013-06-08,12,0,3,1,2.3333333333333335,56,0.35694444444444445,0.5,0.3368055555555555,0.3201388888888889,20,0.08333333333333333,2,0.20833333333333334,5,0.5416666666666666,13,14.0,0.6458333333333333,3.0,2.0,3.0,5.0,8.0,3.0,2.0,,,,31.0,1.2916666666666667,8.0,13.0,21.0,True,True,False,13.014895901599468,16.35180013568749,29.89052037647146,,19.22217316579274,710
UFC Fight Night: Walker vs. Hill,2022-02-19,12,0,2,1,5.083333333333333,122,0.35348749723749723,0.625,0.30902777777777773,0.35141594516594515,42,0.0,0,0.16666666666666666,4,1.2083333333333333,29,12.0,0.6607142857142857,1.0,0.0,1.0,4.0,10.0,12.0,2.0,0.8555555555555555,17.214285714285715,2.2272504334338006,10.0,0.4166666666666667,6.0,4.0,10.0,True,True,True,16.873025470604478,21.94290857657194,11.64075571854963,68.31683168316832,19.143005632108082,711
UFC Fight Night: Nelson vs Story,2014-10-04,11,0,2,0,3.4545454545454546,76,0.5227272727272726,0.7272727272727273,0.5083333333333333,0.35530303030303034,24,0.0,0,0.045454545454545456,1,0.7272727272727273,16,20.0,0.8125,5.0,0.0,0.0,4.0,12.0,,1.0,2.488888888888889,7.928571428571429,0.9426348075853352,9.0,0.4090909090909091,4.0,0.0,4.0,True,True,True,21.709511456215864,7.976325582868847,26.719374223410888,3.3663366336633667,18.86201507690999,712
UFC Fight Night 4,2006-04-06,9,0,0,0,1.6666666666666667,30,0.5648148148148148,0.8888888888888888,0.5648148148148148,0.375,13,0.0,0,0.0,0,0.05555555555555555,1,5.0,0.8333333333333333,4.0,0.0,0.0,0.0,,,0.0,,,,0.0,0.0,0.0,0.0,0.0,False,True,False,30.55299592670727,0.16501650165016502,18.659786000690108,,18.800408732949982,713
UFC Fight Night: Whittaker vs. Brunson,2016-11-26,13,0,3,1,4.076923076923077,106,0.39849913158736683,0.5769230769230769,0.3987179487179487,0.40934065934065933,35,0.0,0,0.0,0,0.5384615384615384,14,17.0,0.8263888888888888,10.0,0.0,0.0,3.0,7.0,8.0,2.0,1.2444444444444445,2.928571428571429,0.9647205868414696,18.0,0.6923076923076923,9.0,8.0,17.0,True,True,True,18.80472777939822,3.418198962753418,33.93314155997432,3.762376237623762,18.744502132321124,714
The Ultimate Fighter: Live Finale,2012-06-01,10,0,0,0,1.7,34,0.1669047619047619,0.5,0.15833333333333333,0.18833333333333332,15,0.0,0,0.3,6,0.45,9,21.0,0.7857142857142857,8.0,0.0,5.0,5.0,,,0.0,,,,0.0,0.0,0.0,0.0,0.0,False,True,False,3.8261586328596637,11.542582829711542,44.524970289759146,,18.709052892104733,715
UFC Fight Night: Nogueira vs Davis,2011-03-26,12,0,0,0,3.0833333333333335,74,0.5177083333333333,0.7916666666666666,0.5027777777777778,0.34027777777777773,23,0.041666666666666664,1,0.041666666666666664,1,0.5,12,7.0,0.8333333333333333,4.0,0.0,0.0,3.0,,,0.0,,,,0.0,0.0,0.0,0.0,0.0,False,True,False,24.828726001406416,5.188234740314255,21.79193587552524,,18.701189313998636,716
The Ultimate Fighter: Team Pulver vs. Team Penn Finale,2007-06-23,9,0,0,0,1.4444444444444444,26,0.22354497354497355,0.2777777777777778,0.20555555555555557,0.1388888888888889,9,0.3888888888888889,7,0.2222222222222222,4,0.2777777777777778,5,18.0,0.7619047619047619,0.0,7.0,4.0,1.0,,,0.0,,,,0.0,0.0,0.0,0.0,0.0,False,True,False,1.7775378471254757,28.202902722032164,33.25708524474591,,18.672490939770533,717
UFC Fight Night: Bisping vs Le,2014-08-23,10,0,3,1,2.65,53,0.31999999999999995,0.45,0.29333333333333333,0.2019047619047619,18,0.0,0,0.4,8,0.4,8,23.0,0.6833333333333333,2.0,0.0,7.0,5.0,8.0,,1.0,3.4444444444444446,29.0,1.9734552877305105,26.0,1.3,8.0,0.0,8.0,True,True,True,8.9035084149796,14.234777515018584,29.176882738592788,52.475247524752476,18.496924942561947,718
UFC Fight Night: Holohan vs Smolka,2015-10-24,10,0,2,0,3.1,62,0.5983333333333333,0.8,0.5716666666666667,0.4458333333333333,16,0.0,0,0.0,0,0.3,6,8.0,0.75,4.0,0.0,0.0,2.0,,,0.0,0.5555555555555556,5.642857142857143,1.4872274375533532,3.0,0.15,0.0,0.0,0.0,True,True,True,32.23995773218352,1.1079679396511082,13.844907956298854,21.386138613861387,18.39575439536891,719
UFC 70: Nations Collide,2007-04-21,10,0,0,0,1.95,39,0.3416666666666667,0.5,0.3258333333333333,0.325,18,0.3,6,0.3,6,0.0,0,4.0,1.0,4.0,0.0,0.0,0.0,,,0.0,,,,0.0,0.0,0.0,0.0,0.0,False,True,False,8.670889225012937,26.796151425231542,23.540202048745538,,18.13626753782813,720
UFC 138: Leben vs Munoz,2011-11-05,10,0,0,0,3.5,70,0.35625,0.45,0.3608333333333333,0.2625,26,0.05,1,0.15,3,0.6,12,26.0,0.7083333333333333,4.0,0.0,2.0,7.0,,,0.0,,,,0.0,0.0,0.0,0.0,0.0,False,True,False,8.564811129244116,12.655229942331829,35.18204131948419,,18.046678245395643,721
UFC on FX: Guillard vs Miller,2012-01-20,10,0,0,0,4.5,90,0.3190713453213453,0.2,0.32666666666666666,0.35051587301587295,29,0.0,0,0.25,5,0.6,12,26.0,0.7424242424242424,0.0,0.0,3.0,6.0,,,0.0,,,,0.0,0.0,0.0,0.0,0.0,False,True,False,12.736254295532643,11.786427089913959,30.1645347318595,,17.989967273946732,722
UFC 10: The Tournament,1996-07-12,9,0,0,0,2.0,36,0.44351851851851853,0.7222222222222222,0.44166666666666665,0.5555555555555556,26,0.0,0,0.16666666666666666,3,0.0,0,4.0,0.5,4.0,0.0,0.0,0.0,,,0.0,,,,0.0,0.0,0.0,0.0,0.0,False,False,False,30.79714471467049,6.8181818181818175,9.411641151305101,,17.73357440611072,723
UFC Fight Night: Swick vs Burkman,2008-01-23,9,0,0,0,2.5555555555555554,46,0.497089947089947,0.7777777777777778,0.46111111111111114,0.4555555555555555,18,0.0,0,0.0,0,0.3888888888888889,7,13.0,0.7738095238095238,1.0,0.0,0.0,0.0,,,0.0,,,,0.0,0.0,0.0,0.0,0.0,False,True,False,30.667184120792363,1.7208863743517206,11.898907851063726,,17.122913260235784,724
UFC 23: Ultimate Japan 2,1999-11-19,7,1,0,0,1.3571428571428572,19,0.4642857142857143,0.6428571428571429,0.4642857142857143,0.35714285714285715,9,0.07142857142857142,1,0.14285714285714285,2,0.0,0,6.0,0.625,2.0,1.0,1.0,0.0,,,0.0,,,,0.0,0.0,0.0,0.0,0.0,False,False,False,22.989267362878525,14.068614802391089,9.546877089880462,,16.396761866014025,725
UFC Fight Night: Smith vs. Clark,2020-11-28,10,0,1,0,3.25,65,0.365,0.45,0.35,0.29375,16,0.05,1,0.3,6,0.5,10,24.0,0.5857142857142856,2.0,1.0,6.0,5.0,6.0,,1.0,1.2944444444444445,2.2142857142857144,1.008084114464091,10.0,0.5,10.0,0.0,10.0,True,True,True,8.341583498440857,16.383987911296426,29.096331666010467,4.554455445544554,16.389252649280817,726
UFC 14: Showdown,1997-07-27,9,1,0,0,1.0,18,0.24444444444444446,0.5,0.24444444444444446,0.2777777777777778,11,0.05555555555555555,1,0.2222222222222222,4,0.0,0,6.0,0.5,6.0,1.0,3.0,0.0,,,0.0,,,,0.0,0.0,0.0,0.0,0.0,False,False,False,11.546300095168988,17.03631593968325,22.222452735195183,,16.362457730049435,727
UFC Fight Night: Munoz vs Mousasi,2014-05-31,10,0,4,1,3.35,67,0.4402930402930402,0.5,0.425,0.22916666666666666,16,0.0,0,0.25,5,0.35,7,14.0,0.5833333333333333,0.0,0.0,5.0,2.0,7.0,11.0,2.0,2.805555555555556,23.285714285714285,2.1671959493995656,30.0,1.5,9.0,5.0,14.0,True,True,True,14.468979061994949,8.768982488310943,16.00853113857665,64.75247524752476,16.02002035082495,728
UFC Fight Night: Te Huna vs Marquardt,2014-06-28,10,0,1,0,3.15,63,0.27444444444444444,0.45,0.25916666666666666,0.23500000000000001,19,0.05,1,0.2,4,0.45,9,24.0,0.625,0.0,1.0,4.0,3.0,,,0.0,0.0,12.714285714285715,2.6830833636664546,2.0,0.1,0.0,0.0,0.0,True,True,True,5.450178820869205,12.323550811685848,19.795867323723837,84.95049504950495,15.447244180861542,729
The Ultimate Fighter: American Top Team vs. Blackzilians Finale,2015-07-12,11,0,1,0,3.5454545454545454,78,0.3586580086580086,0.6363636363636364,0.3303030303030303,0.27878787878787875,23,0.0,0,0.13636363636363635,3,0.5,11,20.0,0.7380952380952381,5.0,0.0,3.0,6.0,9.0,,1.0,4.755555555555556,12.357142857142858,0.9652373622236894,7.0,0.3181818181818182,7.0,0.0,7.0,True,True,True,10.562056313175969,6.577986991245709,30.75493081962356,3.9603960396039604,15.29381832094908,730
UFC Fight Night: McGregor vs Brandao,2014-07-19,10,0,4,1,2.5,50,0.4202380952380952,0.5,0.39749999999999996,0.3833333333333333,13,0.0,0,0.1,2,0.8,16,8.0,0.8333333333333333,2.0,0.0,0.0,3.0,13.0,,1.0,12.7,29.214285714285715,1.4917736152475605,25.0,1.25,3.0,0.0,3.0,True,True,True,16.33772230728036,11.573393364181138,15.62115223423111,21.782178217821784,15.20389184511785,731
UFC Fight Night: Hall vs. Strickland,2021-07-31,10,0,2,1,4.15,83,0.22556269710681476,0.5,0.23500000000000001,0.20166666666666666,20,0.0,0,0.1,2,0.4,8,30.0,0.6787330316742082,8.0,0.0,2.0,3.0,8.0,11.0,2.0,1.1055555555555556,3.7857142857142856,1.2352893826182347,13.0,0.65,8.0,5.0,13.0,True,True,True,8.446004174941981,4.265519719673831,33.89263128464374,11.287128712871288,15.176927420931937,732
The Ultimate Fighter: Team Liddell vs Team Ortiz Finale,2010-06-19,10,0,0,0,3.0,60,0.25436507936507935,0.4,0.24,0.25029761904761905,25,0.0,0,0.3,6,0.8,16,21.0,0.6388888888888888,3.0,0.0,3.0,4.0,,,0.0,,,,0.0,0.0,0.0,0.0,0.0,False,True,False,5.76956374636787,18.402554541168403,24.37492555338628,,14.969412420900142,733
UFC Fight Night: Evans vs Salmon,2007-01-25,8,0,0,0,2.375,38,0.48854166666666665,1.1875,0.484375,0.3333333333333333,15,0.0,0,0.0625,1,0.25,4,4.0,0.5,4.0,0.0,0.0,0.0,,,0.0,,,,0.0,0.0,0.0,0.0,0.0,False,True,False,28.412477278456656,1.8490668942670663,7.8430342927542505,,14.926492550290215,734
UFC Fight Night: Eye vs. Calvillo,2020-06-13,10,0,1,0,4.25,85,0.37689393939393934,0.5,0.3791666666666666,0.20458333333333334,14,0.05,1,0.0,0,0.4,8,19.0,0.6439393939393939,1.0,1.0,0.0,0.0,1.0,,1.0,0.2777777777777778,26.57142857142857,3.1178465943013256,15.0,0.75,15.0,0.0,15.0,True,True,True,10.463096625319881,6.232258452636277,14.246655369075443,93.66336633663367,14.700468190841338,735
UFC 20: Battle for the Gold,1999-05-07,7,1,0,0,0.8571428571428571,12,0.369047619047619,0.5714285714285714,0.369047619047619,0.32142857142857145,7,0.0,0,0.07142857142857142,1,0.0,0,2.0,1.0,2.0,0.0,1.0,0.0,,,0.0,,,,0.0,0.0,0.0,0.0,0.0,False,False,False,15.515438600389967,1.9433465085639,24.2050608317687,,14.687926649292182,736
UFC Fight Night: Nzechukwu vs. Cutelaba,2022-11-19,11,0,2,1,4.863636363636363,107,0.45907980907980916,0.5454545454545454,0.4348484848484848,0.3706709956709957,27,0.045454545454545456,1,0.0,0,0.8181818181818182,18,20.0,0.49404761904761907,1.0,0.0,0.0,3.0,,,0.0,1.2055555555555555,3.2857142857142856,1.2467968977013797,9.0,0.4090909090909091,0.0,0.0,0.0,True,True,True,19.449616251733033,13.001222758986371,10.087458123565451,11.683168316831685,14.640548043351027,737
UFC Fight Night 6,2006-08-17,9,0,0,0,1.7777777777777777,32,0.3861111111111112,0.6111111111111112,0.38425925925925924,0.362037037037037,15,0.0,0,0.1111111111111111,2,0.05555555555555555,1,8.0,0.875,6.0,0.0,1.0,0.0,,,0.0,,,,0.0,0.0,0.0,0.0,0.0,False,True,False,12.936751184173863,2.6902690269026905,26.470425866030677,,14.514100516004655,738
UFC 37.5: As Real As It Gets,2002-06-22,6,0,0,0,1.75,21,0.26587301587301587,0.6666666666666666,0.27499999999999997,0.19444444444444442,8,0.0,0,0.08333333333333333,1,0.0,0,13.0,0.8452380952380952,7.0,0.0,1.0,0.0,,,0.0,,,,0.0,0.0,0.0,0.0,0.0,False,False,False,7.434289960063156,2.536231884057971,33.86274311333439,,14.491154620042181,739
UFC on FX: Browne vs Bigfoot,2012-10-05,10,0,0,0,4.3,86,0.4918269230769231,0.7,0.4916666666666667,0.2642857142857143,20,0.0,0,0.25,5,0.6,12,6.0,0.5,3.0,0.0,0.0,2.0,,,0.0,,,,0.0,0.0,0.0,0.0,0.0,False,True,False,21.242155262773817,11.786427089913959,7.579495117021312,,14.439281487046747,740
UFC Fight Night: Rockhold vs Philippou,2014-01-15,12,0,6,2,3.375,81,0.5210317460317461,0.625,0.5194444444444444,0.32337962962962963,24,0.041666666666666664,1,0.08333333333333333,2,0.4166666666666667,10,8.0,0.35714285714285715,0.0,0.0,1.0,0.0,6.0,,1.0,2.2555555555555555,32.857142857142854,1.5855660858692746,45.0,1.875,10.0,0.0,10.0,True,True,True,26.126058381107388,5.881533883893209,4.004210613417578,25.346534653465348,14.3893967401148,741
The Ultimate Fighter: Undefeated Finale,2018-07-06,12,0,3,1,2.3333333333333335,56,0.3321078431372549,0.5416666666666666,0.33125,0.29340277777777773,15,0.041666666666666664,1,0.08333333333333333,2,0.4583333333333333,11,18.0,0.875,6.0,0.0,0.0,1.0,8.0,,1.0,1.5277777777777777,4.214285714285714,1.16318775694479,25.0,1.0416666666666667,8.0,0.0,8.0,True,True,True,10.399452483701259,6.28228824504361,27.47645648088843,7.7227722772277225,14.359428612869321,742
The Ultimate Fighter: Team Carwin vs. Team Nelson Finale,2012-12-15,11,0,0,0,2.909090909090909,64,0.41284271284271284,0.4090909090909091,0.40303030303030307,0.3962121212121211,25,0.0,0,0.18181818181818182,4,0.6818181818181818,15,13.0,0.7023809523809523,1.0,0.0,1.0,5.0,,,0.0,,,,0.0,0.0,0.0,0.0,0.0,False,True,False,15.383098488768592,11.234912311106887,15.181408189988057,,14.227778873979554,743
UFC 177: Dillashaw vs Soto,2014-08-30,8,1,2,0,2.9375,47,0.3640625,0.625,0.35729166666666673,0.22827380952380952,14,0.0625,1,0.0625,1,0.5625,9,8.0,0.375,2.0,1.0,1.0,3.0,0.0,,1.0,,,,22.0,1.375,16.0,0.0,16.0,True,True,False,16.503687229971277,10.418767654084464,13.096224153905407,,13.826351633348683,744
UFC Fight Night: Kim vs Hathaway,2014-03-01,8,0,1,0,3.8125,61,0.3153476731601732,0.375,0.29375,0.21552579365079366,15,0.0,0,0.0625,1,0.5,8,20.0,0.8465909090909092,6.0,0.0,0.0,1.0,11.0,,1.0,2.2222222222222223,15.785714285714286,1.841149038762319,5.0,0.3125,5.0,0.0,5.0,True,True,True,6.255476924206856,4.206445489269424,26.915188012273493,40.396039603960396,13.648160525880165,745
UFC Fight Night: Gonzaga vs Cro Cop 2,2015-04-11,12,0,3,0,2.5416666666666665,61,0.25259502923976607,0.16666666666666666,0.22916666666666666,0.35833333333333334,27,0.041666666666666664,1,0.20833333333333334,5,0.2916666666666667,7,29.0,0.48947368421052634,0.0,1.0,4.0,3.0,14.0,,1.0,1.0555555555555556,13.357142857142858,1.4977760980408703,19.0,0.7916666666666666,2.0,0.0,2.0,True,True,True,8.881126503021045,8.91084302598754,21.326665114441717,22.17821782178218,13.287071783126928,746
UFC Fight Night: Stevenson vs Guillard,2007-04-05,9,0,0,0,1.7777777777777777,32,0.3074074074074074,0.4444444444444444,0.3074074074074074,0.4259259259259259,15,0.05555555555555555,1,0.05555555555555555,1,0.3333333333333333,6,8.0,0.75,4.0,0.0,0.0,3.0,,,0.0,,,,0.0,0.0,0.0,0.0,0.0,False,True,False,13.96767901922541,7.164422784317246,17.379687657410027,,13.254824843149983,747
UFC Fight Night 1,2005-08-06,8,0,0,0,1.0625,17,0.5208333333333333,0.625,0.5208333333333333,0.5,11,0.0,0,0.0,0,0.0,0,3.0,0.3333333333333333,1.0,0.0,0.0,0.0,,,0.0,,,,0.0,0.0,0.0,0.0,0.0,False,False,False,30.257300746991472,0.0,1.381609266325021,,13.176213767046418,748
UFC Fight Night 2,2005-10-03,7,0,0,0,1.5,21,0.31385281385281383,0.42857142857142855,0.30476190476190473,0.30357142857142855,12,0.14285714285714285,2,0.07142857142857142,1,0.0,0,14.0,0.696969696969697,1.0,2.0,1.0,0.0,,,0.0,,,,0.0,0.0,0.0,0.0,0.0,False,False,False,5.630497950085579,17.521981523400694,17.306626000260586,,12.447034064171138,749
UFC Fight Night: Lewis vs. Abdurakhimov,2016-12-09,12,0,6,1,2.75,66,0.43320105820105814,0.75,0.44166666666666665,0.29057539682539685,20,0.0,0,0.0,0,0.375,9,12.0,0.7222222222222222,6.0,0.0,0.0,1.0,10.0,15.0,2.0,4.522222222222222,2.9285714285714284,0.6067675155937016,21.0,0.875,6.0,1.0,7.0,True,True,True,16.020217037941393,1.532296086751532,17.065403374496487,0.19801980198019803,11.920682839312397,750
UFC 13: The Ultimate Force,1997-05-30,9,0,0,0,1.2222222222222223,22,0.3111111111111111,0.6111111111111112,0.3111111111111111,0.3333333333333333,15,0.0,0,0.05555555555555555,1,0.0,0,12.0,0.8,4.0,0.0,1.0,0.0,,,0.0,,,,0.0,0.0,0.0,0.0,0.0,False,False,False,9.316479587098144,1.383399209486166,23.984999696844646,,11.86099110133073,751
UFC Fight Night: Miocic vs Maldonado,2014-05-31,12,0,2,0,2.6666666666666665,64,0.40941558441558445,0.625,0.3979166666666667,0.14097222222222225,18,0.041666666666666664,1,0.125,3,0.5416666666666666,13,13.0,0.7023809523809523,5.0,0.0,1.0,3.0,7.0,,1.0,6.7,19.428571428571427,0.8630810933711208,17.0,0.7083333333333334,9.0,0.0,9.0,True,True,True,10.217100037215806,8.494000099458866,18.382905011133737,2.5742574257425743,11.85392441437829,752
UFC Fight Night: Shields vs Ellenberger,2011-09-17,12,0,0,0,2.5416666666666665,61,0.4298881673881674,0.5833333333333334,0.425,0.3044642857142857,23,0.041666666666666664,1,0.125,3,0.5833333333333334,14,7.0,0.65,4.0,1.0,1.0,0.0,,,0.0,,,,0.0,0.0,0.0,0.0,0.0,False,True,False,12.316718412079238,8.98904960440936,13.091365156181423,,11.685641381882592,753
The Ultimate Fighter: Team Lesnar vs Team dos Santos Finale,2011-06-04,11,0,0,0,2.1818181818181817,48,0.1979674366038002,0.36363636363636365,0.19772727272727272,0.19886363636363635,17,0.0,0,0.13636363636363635,3,0.7727272727272727,17,13.0,0.3076923076923077,3.0,0.0,2.0,7.0,,,0.0,,,,0.0,0.0,0.0,0.0,0.0,False,True,False,3.3226857195929353,11.92923640190106,20.36667381280289,,10.969879507529795,754
The Ultimate Fighter: Team Hughes vs. Team Franklin Finale,2005-11-05,7,0,0,0,0.5,7,0.17857142857142858,0.42857142857142855,0.17857142857142858,0.21428571428571427,6,0.0,0,0.0,0,0.0,0,5.0,1.0,5.0,0.0,0.0,0.0,,,0.0,,,,0.0,0.0,0.0,0.0,0.0,False,False,False,2.538543698337513,0.0,30.842809216754155,,10.808694994064474,755
UFC 16: Battle in the Bayou,1998-03-13,8,1,0,0,0.875,14,0.3,0.5,0.3,0.296875,8,0.125,2,0.0625,1,0.0,0,1.0,0.5,1.0,1.0,0.0,0.0,,,0.0,,,,0.0,0.0,0.0,0.0,0.0,False,False,False,12.319529141593913,15.993195403916602,4.005768226530671,,10.660885237448335,756
UFC 67: All or Nothing,2007-02-03,9,0,0,0,1.4444444444444444,26,0.32962962962962966,0.4444444444444444,0.32962962962962966,0.32407407407407407,8,0.05555555555555555,1,0.1111111111111111,2,0.3333333333333333,6,5.0,0.6666666666666666,3.0,1.0,2.0,3.0,,,0.0,,,,0.0,0.0,0.0,0.0,0.0,False,True,False,6.957950218259496,8.767409169912327,15.552223856982344,,10.148104775659561,757
UFC on FUEL TV: Gustafsson vs Silva,2012-04-14,12,0,0,0,3.2083333333333335,77,0.3184575840825841,0.375,0.3152777777777778,0.2454861111111111,29,0.0,0,0.041666666666666664,1,0.5416666666666666,13,14.0,0.7738095238095238,4.0,0.0,1.0,0.0,,,0.0,,,,0.0,0.0,0.0,0.0,0.0,False,True,False,6.284629622258487,3.7792288545624753,19.441458006043895,,9.780101541428612,758
UFC Fight Night: Condit vs Kampmann,2009-04-01,11,0,0,0,2.6363636363636362,58,0.4364718614718615,0.4090909090909091,0.4401515151515152,0.42424242424242425,21,0.0,0,0.045454545454545456,1,0.45454545454545453,10,6.0,0.4166666666666667,1.0,0.0,0.0,1.0,,,0.0,,,,0.0,0.0,0.0,0.0,0.0,False,True,False,18.270177393888737,3.120125677163989,2.384875344213355,,9.266910505379473,759
UFC on FX: Sotiropoulos vs Pearson,2012-12-14,10,0,0,0,3.2,64,0.2613888888888889,0.35,0.22749999999999998,0.22785714285714284,23,0.05,1,0.1,2,0.4,8,17.0,0.7013888888888888,0.0,0.0,0.0,4.0,,,0.0,,,,0.0,0.0,0.0,0.0,0.0,False,True,False,5.318184532102057,8.494006366558104,13.819640663158452,,8.83859747729251,760
The Ultimate Fighter: Team Hughes vs. Team Serra Finale,2007-12-08,9,0,0,0,0.7777777777777778,14,0.10555555555555556,0.3333333333333333,0.10555555555555556,0.08888888888888889,5,0.0,0,0.0,0,0.2777777777777778,5,9.0,0.75,6.0,0.0,0.0,4.0,,,0.0,,,,0.0,0.0,0.0,0.0,0.0,False,True,False,0.953342886332577,0.8958038661008958,23.11653345680917,,7.937103324316848,761
The Ultimate Fighter: Team Bisping vs Team Miller Finale,2011-12-03,10,0,0,0,1.5,30,0.12005494505494504,0.3,0.12,0.11306818181818182,14,0.0,0,0.15,3,0.35,7,15.0,0.39285714285714285,3.0,0.0,3.0,3.0,,,0.0,,,,0.0,0.0,0.0,0.0,0.0,False,True,False,1.4681268160649605,5.40929869384454,16.790957578307783,,7.344065971978373,762
UFC on FUEL TV: Mousasi vs Latifi,2013-04-06,13,0,3,1,2.5384615384615383,66,0.4026556776556776,0.38461538461538464,0.3801282051282051,0.33205128205128204,21,0.0,0,0.11538461538461539,3,0.5769230769230769,15,0.0,0.0,0.0,0.0,0.0,0.0,10.0,,1.0,,,,24.0,0.9230769230769231,6.0,0.0,6.0,True,True,False,11.744836835676788,6.730424595254557,0.6952017448200654,,6.935896217400394,763
UFC on FX: Johnson vs McCall,2012-06-08,12,0,0,0,3.0833333333333335,74,0.4076388888888889,0.375,0.41111111111111115,0.27777777777777773,16,0.041666666666666664,1,0.08333333333333333,2,0.4166666666666667,10,5.0,0.3333333333333333,0.0,1.0,1.0,2.0,,,0.0,,,,0.0,0.0,0.0,0.0,0.0,False,True,False,8.77202497047858,5.881533883893209,4.801211544529407,,6.757428339498481,764
The Ultimate Fighter: A New World Champion Finale,2017-12-01,11,1,0,0,1.2272727272727273,27,0.178030303030303,0.22727272727272727,0.18257575757575759,0.16666666666666666,7,0.045454545454545456,1,0.045454545454545456,1,0.13636363636363635,3,1.0,0.0,0.0,0.0,0.0,0.0,,,0.0,1.2055555555555555,11.142857142857142,2.0409211754105927,0.0,0.0,0.0,0.0,0.0,True,True,True,6.571922716598685,4.1930127454384305,0.04662439388287952,57.227722772277225,6.552395729777807,765
The Ultimate Fighter: Team GSP vs Team Koscheck Finale,2010-12-04,11,0,0,0,2.3181818181818183,51,0.2673094582185491,0.6818181818181818,0.253030303030303,0.24783549783549785,20,0.045454545454545456,1,0.13636363636363635,3,0.5,11,0.0,0.0,0.0,0.0,0.0,0.0,,,0.0,,,,0.0,0.0,0.0,0.0,0.0,False,True,False,9.211595616234792,9.866809938822366,0.0,,6.475095506525799,766
UFC Fight Night: Saffiedine vs Lim,2014-01-04,10,0,1,0,0.65,13,0.1,0.1,0.10500000000000001,0.11666666666666665,4,0.0,0,0.0,0,0.05,1,2.0,0.5,2.0,0.0,0.0,1.0,10.0,,1.0,0.7388888888888889,25.357142857142858,2.8765770537386364,6.0,0.3,6.0,0.0,6.0,True,True,True,0.5737731200381192,0.04714757190004715,4.055007656037863,89.70297029702971,5.942946952653104,767
The Ultimate Fighter: A Champion Will Be Crowned Finale,2014-12-12,11,1,2,1,2.272727272727273,50,0.16104465709728868,0.36363636363636365,0.1575757575757576,0.18939393939393936,18,0.0,0,0.09090909090909091,2,0.6363636363636364,14,0.0,0.0,0.0,0.0,0.0,0.0,,,0.0,4.4,13.857142857142858,1.289727209493445,8.0,0.36363636363636365,0.0,0.0,0.0,True,True,True,8.576732247392668,7.0178446416070175,0.0,13.663366336633665,5.8683223761905055,768
The Ultimate Fighter: Team Ortiz vs. Team Shamrock Finale,2006-06-24,9,0,0,0,0.4444444444444444,8,0.12962962962962962,0.16666666666666666,0.12962962962962962,0.08333333333333333,3,0.0,0,0.05555555555555555,1,0.0,0,4.0,0.8333333333333333,3.0,0.0,0.0,0.0,,,0.0,,,,0.0,0.0,0.0,0.0,0.0,False,True,False,0.3865315978718041,0.922266139657444,16.436996865653374,,5.5960823513253635,769
UFC 8: David vs Goliath,1996-02-16,9,0,0,0,1.1111111111111112,20,0.2222222222222222,0.2222222222222222,0.19444444444444445,0.2777777777777778,10,0.0,0,0.16666666666666666,3,0.0,0,6.0,0.5,0.0,0.0,3.0,0.0,,,0.0,,,,0.0,0.0,0.0,0.0,0.0,False,False,False,2.8217005665459274,6.8181818181818175,7.33707182618212,,5.299312872651012,770
The Ultimate Fighter: Heavyweights Finale,2009-12-05,10,0,0,0,1.8,36,0.3166666666666667,0.65,0.3075,0.2516666666666666,13,0.05,1,0.0,0,0.25,5,0.0,0.0,0.0,0.0,0.0,0.0,,,0.0,,,,0.0,0.0,0.0,0.0,0.0,False,True,False,8.465035359365256,4.93570022538498,0.0,,4.8630938948340505,771
UFC Fight Night: Stout vs Fisher,2007-06-12,9,0,0,0,1.8888888888888888,34,0.36111111111111105,0.4444444444444444,0.35185185185185186,0.25555555555555554,13,0.0,0,0.05555555555555555,1,0.1111111111111111,2,8.0,0.5833333333333333,0.0,0.0,1.0,1.0,,,0.0,,,,0.0,0.0,0.0,0.0,0.0,False,True,False,6.080782549854715,1.205151571057727,4.0554146027429665,,4.158131887925482,772
The Ultimate Fighter: The Comeback Finale,2006-11-11,8,0,0,0,2.375,38,0.234375,0.125,0.228125,0.265625,6,0.0,0,0.0,0,0.0,0,12.0,0.375,0.0,0.0,0.0,0.0,,,0.0,,,,0.0,0.0,0.0,0.0,0.0,False,True,False,3.902168000106144,0.0,3.079077003589367,,2.6153582117044922,773
UFC - Road to UFC 4.6,2025-08-22,2,0,0,0,1.75,7,0.35,0.25,0.35,0.25,1,0.0,0,0.0,0,0.25,1,,,,,,,,,,,,,0.0,0.0,0.0,0.0,0.0,True,True,False,3.3494512553790905,0.7072135785007072,,,2.3332059950412507,774
UFC 3: The American Dream,1994-09-09,6,0,0,0,0.5,6,0.16666666666666666,0.4166666666666667,0.16666666666666666,0.16666666666666666,5,0.0,0,0.08333333333333333,1,0.0,0,0.0,0.0,0.0,0.0,0.0,0.0,,,0.0,,,,0.0,0.0,0.0,0.0,0.0,False,False,False,1.9973065849354508,2.536231884057971,0.0,,1.5084006368301823,775
The Ultimate Fighter: Team Nogueira vs. Team Mir Finale,2008-12-13,10,0,0,0,1.05,21,0.1419642857142857,0.2,0.14500000000000002,0.2,14,0.0,0,0.0,0,0.4,8,0.0,0.0,0.0,0.0,0.0,0.0,,,0.0,,,,0.0,0.0,0.0,0.0,0.0,False,True,False,1.249601958364845,2.0037718057520038,0.0,,1.0534565629304622,776
UFC 24: First Defense,2000-03-10,7,0,0,0,0.21428571428571427,3,0.0,0.0,0.0,0.0,0,0.0,0,0.0,0,0.0,0,,,,,,,,,,,,,0.0,0.0,0.0,0.0,0.0,False,False,False,0.025740025740025742,0.0,,,0.01584001584001584,777
